"","Country","Year","percent_of_people_with_access_to_electricity"
"1","Albania",1990,100
"2","Albania",1991,100
"3","Albania",1992,100
"4","Albania",1993,100
"5","Albania",1994,100
"6","Albania",1995,100
"7","Albania",1996,100
"8","Albania",1997,100
"9","Albania",1998,100
"10","Albania",1999,100
"11","Albania",2000,100
"12","Albania",2001,100
"13","Albania",2002,100
"14","Albania",2003,100
"15","Albania",2004,100
"16","Albania",2005,100
"17","Albania",2006,100
"18","Albania",2007,100
"19","Albania",2008,100
"20","Albania",2009,100
"21","Albania",2010,100
"22","Albania",2011,100
"23","Albania",2012,100
"24","Albania",2013,100
"25","Albania",2014,100
"26","Albania",2015,100
"27","Albania",2016,100
"28","Antigua and Barbuda",1990,85.12319946
"29","Antigua and Barbuda",1991,85.65510559
"30","Antigua and Barbuda",1992,86.18650055
"31","Antigua and Barbuda",1993,86.71483612
"32","Antigua and Barbuda",1994,87.23705292
"33","Antigua and Barbuda",1995,87.75009155
"34","Antigua and Barbuda",1996,88.25089264
"35","Antigua and Barbuda",1997,88.73640442
"36","Antigua and Barbuda",1998,89.20355225
"37","Antigua and Barbuda",1999,89.64929199
"38","Antigua and Barbuda",2000,90.07208252
"39","Antigua and Barbuda",2001,90.47645569
"40","Antigua and Barbuda",2002,90.8684845
"41","Antigua and Barbuda",2003,91.25423431
"42","Antigua and Barbuda",2004,91.63976288
"43","Antigua and Barbuda",2005,92.2
"44","Antigua and Barbuda",2006,92.43440247
"45","Antigua and Barbuda",2007,92.85564423
"46","Antigua and Barbuda",2008,93.29940796
"47","Antigua and Barbuda",2009,93.7641983
"48","Antigua and Barbuda",2010,94.24700928
"49","Antigua and Barbuda",2011,94.55201403
"50","Antigua and Barbuda",2012,95.25469208
"51","Antigua and Barbuda",2013,95.77355194
"52","Antigua and Barbuda",2014,96.29841614
"53","Antigua and Barbuda",2015,96.82629395
"54","Antigua and Barbuda",2016,97.35466766
"55","Argentina",1990,90.64082336
"56","Argentina",1991,91.12367249
"57","Argentina",1992,91.60601807
"58","Argentina",1993,92.08530426
"59","Argentina",1994,92.55847168
"60","Argentina",1995,93.02246094
"61","Argentina",1996,93.47421265
"62","Argentina",1997,93.91067505
"63","Argentina",1998,94.3287735
"64","Argentina",1999,94.72546387
"65","Argentina",2000,95.09920502
"66","Argentina",2001,95.51106347
"67","Argentina",2002,95.79750824
"68","Argentina",2003,96.13420868
"69","Argentina",2004,96.47068024
"70","Argentina",2005,96.81299591
"71","Argentina",2006,97.16722107
"72","Argentina",2007,97.53941345
"73","Argentina",2008,97.93412781
"74","Argentina",2009,98.36336517
"75","Argentina",2010,98.82
"76","Argentina",2011,99.21616364
"77","Argentina",2012,99.58441162
"78","Argentina",2013,99.83712769
"79","Argentina",2014,99.95924377
"80","Argentina",2015,99.99520874
"81","Argentina",2016,100
"82","Armenia",1990,97.68037415
"83","Armenia",1991,97.85359192
"84","Armenia",1992,98.02389526
"85","Armenia",1993,98.19134521
"86","Armenia",1994,98.3526001
"87","Armenia",1995,98.50465393
"88","Armenia",1996,98.64447021
"89","Armenia",1997,98.76902771
"90","Armenia",1998,98.87550354
"91","Armenia",1999,98.96206665
"92","Armenia",2000,98.9
"93","Armenia",2001,100
"94","Armenia",2002,98
"95","Armenia",2003,99.14831543
"96","Armenia",2004,99.17969513
"97","Armenia",2005,99.8
"98","Armenia",2006,99.26573181
"99","Armenia",2007,99.33103943
"100","Armenia",2008,99.41564941
"101","Armenia",2009,99.51981354
"102","Armenia",2010,99.8
"103","Armenia",2011,99.76715088
"104","Armenia",2012,99.87887573
"105","Armenia",2013,99.95405579
"106","Armenia",2014,99.98897552
"107","Armenia",2015,100
"108","Armenia",2016,100
"109","Aruba",1990,88.44535065
"110","Aruba",1991,88.78084564
"111","Aruba",1992,89.11582947
"112","Aruba",1993,89.44775391
"113","Aruba",1994,89.77355957
"114","Aruba",1995,90.09018707
"115","Aruba",1996,90.39458466
"116","Aruba",1997,90.68367767
"117","Aruba",1998,90.954422
"118","Aruba",1999,91.20375061
"119","Aruba",2000,91.660398
"120","Aruba",2001,91.63809204
"121","Aruba",2002,91.83371735
"122","Aruba",2003,92.0230484
"123","Aruba",2004,92.21216583
"124","Aruba",2005,92.40711975
"125","Aruba",2006,92.61398315
"126","Aruba",2007,92.83882141
"127","Aruba",2008,93.08616638
"128","Aruba",2009,93.35454559
"129","Aruba",2010,93.35629215
"130","Aruba",2011,93.94237518
"131","Aruba",2012,94.2558136
"132","Aruba",2013,94.57826233
"133","Aruba",2014,94.90672302
"134","Aruba",2015,95.23818207
"135","Aruba",2016,95.57014465
"136","Australia",1990,100
"137","Australia",1991,100
"138","Australia",1992,100
"139","Australia",1993,100
"140","Australia",1994,100
"141","Australia",1995,100
"142","Australia",1996,100
"143","Australia",1997,100
"144","Australia",1998,100
"145","Australia",1999,100
"146","Australia",2000,100
"147","Australia",2001,100
"148","Australia",2002,100
"149","Australia",2003,100
"150","Australia",2004,100
"151","Australia",2005,100
"152","Australia",2006,100
"153","Australia",2007,100
"154","Australia",2008,100
"155","Australia",2009,100
"156","Australia",2010,100
"157","Australia",2011,100
"158","Australia",2012,100
"159","Australia",2013,100
"160","Australia",2014,100
"161","Australia",2015,100
"162","Australia",2016,100
"163","Austria",1990,100
"164","Austria",1991,100
"165","Austria",1992,100
"166","Austria",1993,100
"167","Austria",1994,100
"168","Austria",1995,100
"169","Austria",1996,100
"170","Austria",1997,100
"171","Austria",1998,100
"172","Austria",1999,100
"173","Austria",2000,100
"174","Austria",2001,100
"175","Austria",2002,100
"176","Austria",2003,100
"177","Austria",2004,100
"178","Austria",2005,100
"179","Austria",2006,100
"180","Austria",2007,100
"181","Austria",2008,100
"182","Austria",2009,100
"183","Austria",2010,100
"184","Austria",2011,100
"185","Austria",2012,100
"186","Austria",2013,100
"187","Austria",2014,100
"188","Austria",2015,100
"189","Austria",2016,100
"190","Azerbaijan",1990,95.87023163
"191","Azerbaijan",1991,96.16372681
"192","Azerbaijan",1992,96.45671844
"193","Azerbaijan",1993,96.74664307
"194","Azerbaijan",1994,97.03045654
"195","Azerbaijan",1995,97.30509186
"196","Azerbaijan",1996,97.56748962
"197","Azerbaijan",1997,97.81459045
"198","Azerbaijan",1998,98.02761841
"199","Azerbaijan",1999,97
"200","Azerbaijan",2000,98.90822245
"201","Azerbaijan",2001,98.59178162
"202","Azerbaijan",2002,100
"203","Azerbaijan",2003,98.90182495
"204","Azerbaijan",2004,99.05349731
"205","Azerbaijan",2005,99.21097565
"206","Azerbaijan",2006,99.5
"207","Azerbaijan",2007,99.56214142
"208","Azerbaijan",2008,99.74180603
"209","Azerbaijan",2009,99.88473511
"210","Azerbaijan",2010,99.96567535
"211","Azerbaijan",2011,99.9
"212","Azerbaijan",2012,99.99971008
"213","Azerbaijan",2013,100
"214","Azerbaijan",2014,100
"215","Azerbaijan",2015,100
"216","Azerbaijan",2016,100
"217","Bahrain",2001,100
"218","Bahrain",2002,100
"219","Bahrain",2003,100
"220","Bahrain",2004,100
"221","Bahrain",2005,100
"222","Bahrain",2006,100
"223","Bahrain",2007,100
"224","Bahrain",2008,100
"225","Bahrain",2009,100
"226","Bahrain",2010,100
"227","Bahrain",2011,100
"228","Bahrain",2012,100
"229","Bahrain",2013,100
"230","Bahrain",2014,100
"231","Bahrain",2015,100
"232","Bahrain",2016,100
"233","Barbados",2000,100
"234","Barbados",2001,100
"235","Barbados",2002,100
"236","Barbados",2003,100
"237","Barbados",2004,100
"238","Barbados",2005,100
"239","Barbados",2006,100
"240","Barbados",2007,100
"241","Barbados",2008,100
"242","Barbados",2009,100
"243","Barbados",2010,100
"244","Barbados",2011,100
"245","Barbados",2012,100
"246","Barbados",2013,100
"247","Barbados",2014,100
"248","Barbados",2015,100
"249","Barbados",2016,100
"250","Belarus",1990,100
"251","Belarus",1991,100
"252","Belarus",1992,100
"253","Belarus",1993,100
"254","Belarus",1994,100
"255","Belarus",1995,100
"256","Belarus",1996,100
"257","Belarus",1997,100
"258","Belarus",1998,100
"259","Belarus",1999,100
"260","Belarus",2000,100
"261","Belarus",2001,100
"262","Belarus",2002,100
"263","Belarus",2003,100
"264","Belarus",2004,100
"265","Belarus",2005,100
"266","Belarus",2006,100
"267","Belarus",2007,100
"268","Belarus",2008,100
"269","Belarus",2009,100
"270","Belarus",2010,100
"271","Belarus",2011,100
"272","Belarus",2012,100
"273","Belarus",2013,100
"274","Belarus",2014,100
"275","Belarus",2015,100
"276","Belarus",2016,100
"277","Belgium",1990,100
"278","Belgium",1991,100
"279","Belgium",1992,100
"280","Belgium",1993,100
"281","Belgium",1994,100
"282","Belgium",1995,100
"283","Belgium",1996,100
"284","Belgium",1997,100
"285","Belgium",1998,100
"286","Belgium",1999,100
"287","Belgium",2000,100
"288","Belgium",2001,100
"289","Belgium",2002,100
"290","Belgium",2003,100
"291","Belgium",2004,100
"292","Belgium",2005,100
"293","Belgium",2006,100
"294","Belgium",2007,100
"295","Belgium",2008,100
"296","Belgium",2009,100
"297","Belgium",2010,100
"298","Belgium",2011,100
"299","Belgium",2012,100
"300","Belgium",2013,100
"301","Belgium",2014,100
"302","Belgium",2015,100
"303","Belgium",2016,100
"304","Belize",1990,87.96473694
"305","Belize",1991,88.18964386
"306","Belize",1992,88.41403961
"307","Belize",1993,88.63538361
"308","Belize",1994,88.8506012
"309","Belize",1995,89.05664825
"310","Belize",1996,89.25045776
"311","Belize",1997,89.42897034
"312","Belize",1998,89.58912659
"313","Belize",1999,89.72786713
"314","Belize",2000,89.84365845
"315","Belize",2001,89.94104004
"316","Belize",2002,90.02607727
"317","Belize",2003,90.10482788
"318","Belize",2004,90.18335724
"319","Belize",2005,90.26773071
"320","Belize",2006,90.98853086
"321","Belize",2007,90.47825623
"322","Belize",2008,90.61502075
"323","Belize",2009,90.77281189
"324","Belize",2010,89.91722437
"325","Belize",2011,91.68173599
"326","Belize",2012,91.3423233
"327","Belize",2013,91.55418396
"328","Belize",2014,91.77205658
"329","Belize",2015,91.8
"330","Belize",2016,92.21431732
"331","Bosnia and Herzegovina",1990,96.88565063
"332","Bosnia and Herzegovina",1991,97.11223602
"333","Bosnia and Herzegovina",1992,97.33831024
"334","Bosnia and Herzegovina",1993,97.56132507
"335","Bosnia and Herzegovina",1994,97.77822113
"336","Bosnia and Herzegovina",1995,97.98593903
"337","Bosnia and Herzegovina",1996,98.16995239
"338","Bosnia and Herzegovina",1997,98.34786987
"339","Bosnia and Herzegovina",1998,98.50772095
"340","Bosnia and Herzegovina",1999,98.64764404
"341","Bosnia and Herzegovina",2000,98.76785278
"342","Bosnia and Herzegovina",2001,99.4
"343","Bosnia and Herzegovina",2002,98.5
"344","Bosnia and Herzegovina",2003,99.04735565
"345","Bosnia and Herzegovina",2004,99.1321106
"346","Bosnia and Herzegovina",2005,99.22267914
"347","Bosnia and Herzegovina",2006,99.38727699
"348","Bosnia and Herzegovina",2007,99.7
"349","Bosnia and Herzegovina",2008,99.58003998
"350","Bosnia and Herzegovina",2009,99.72540283
"351","Bosnia and Herzegovina",2010,99.85575867
"352","Bosnia and Herzegovina",2011,99.70578055
"353","Bosnia and Herzegovina",2012,99.98661804
"354","Bosnia and Herzegovina",2013,99.99848938
"355","Bosnia and Herzegovina",2014,100
"356","Bosnia and Herzegovina",2015,100
"357","Bosnia and Herzegovina",2016,100
"358","Brazil",1990,87.475116
"359","Brazil",1991,89.83562469
"360","Brazil",1992,88.803833
"361","Brazil",1993,89.999927
"362","Brazil",1994,91.4888916
"363","Brazil",1995,91.728598
"364","Brazil",1996,92.867095
"365","Brazil",1997,93.354139
"366","Brazil",1998,94.193812
"367","Brazil",1999,94.76296
"368","Brazil",2000,94.46656799
"369","Brazil",2001,96.016528
"370","Brazil",2002,96.652996
"371","Brazil",2003,96.980098
"372","Brazil",2004,96.765107
"373","Brazil",2005,97.093513
"374","Brazil",2006,97.594314
"375","Brazil",2007,98.125382
"376","Brazil",2008,98.526625
"377","Brazil",2009,98.856938
"378","Brazil",2010,98.88305664
"379","Brazil",2011,99.328691
"380","Brazil",2012,99.519494
"381","Brazil",2013,99.575151
"382","Brazil",2014,99.650247
"383","Brazil",2015,99.710902
"384","Brazil",2016,100
"385","Bulgaria",1990,100
"386","Bulgaria",1991,100
"387","Bulgaria",1992,100
"388","Bulgaria",1993,100
"389","Bulgaria",1994,100
"390","Bulgaria",1995,100
"391","Bulgaria",1996,100
"392","Bulgaria",1997,100
"393","Bulgaria",1998,100
"394","Bulgaria",1999,100
"395","Bulgaria",2000,100
"396","Bulgaria",2001,100
"397","Bulgaria",2002,100
"398","Bulgaria",2003,100
"399","Bulgaria",2004,100
"400","Bulgaria",2005,100
"401","Bulgaria",2006,100
"402","Bulgaria",2007,100
"403","Bulgaria",2008,100
"404","Bulgaria",2009,100
"405","Bulgaria",2010,100
"406","Bulgaria",2011,100
"407","Bulgaria",2012,100
"408","Bulgaria",2013,100
"409","Bulgaria",2014,100
"410","Bulgaria",2015,100
"411","Bulgaria",2016,100
"412","Cabo Verde",1990,32.55810165
"413","Cabo Verde",1991,34.92931366
"414","Cabo Verde",1992,37.3000145
"415","Cabo Verde",1993,39.66765976
"416","Cabo Verde",1994,42.02918625
"417","Cabo Verde",1995,44.38153458
"418","Cabo Verde",1996,46.72164536
"419","Cabo Verde",1997,49.04646301
"420","Cabo Verde",1998,51.35292435
"421","Cabo Verde",1999,53.63796997
"422","Cabo Verde",2000,55.90006638
"423","Cabo Verde",2001,58.14375305
"424","Cabo Verde",2002,58.6
"425","Cabo Verde",2003,62.60014725
"426","Cabo Verde",2004,64.82498169
"427","Cabo Verde",2005,67
"428","Cabo Verde",2006,69.29824066
"429","Cabo Verde",2007,71.55879211
"430","Cabo Verde",2008,73.84185791
"431","Cabo Verde",2009,76.14595795
"432","Cabo Verde",2010,81.1
"433","Cabo Verde",2011,80.80522156
"434","Cabo Verde",2012,83.1543808
"435","Cabo Verde",2013,85.51255035
"436","Cabo Verde",2014,87.87672424
"437","Cabo Verde",2015,90.24390411
"438","Cabo Verde",2016,92.61158752
"439","Canada",1990,100
"440","Canada",1991,100
"441","Canada",1992,100
"442","Canada",1993,100
"443","Canada",1994,100
"444","Canada",1995,100
"445","Canada",1996,100
"446","Canada",1997,100
"447","Canada",1998,100
"448","Canada",1999,100
"449","Canada",2000,100
"450","Canada",2001,100
"451","Canada",2002,100
"452","Canada",2003,100
"453","Canada",2004,100
"454","Canada",2005,100
"455","Canada",2006,100
"456","Canada",2007,100
"457","Canada",2008,100
"458","Canada",2009,100
"459","Canada",2010,100
"460","Canada",2011,100
"461","Canada",2012,100
"462","Canada",2013,100
"463","Canada",2014,100
"464","Canada",2015,100
"465","Canada",2016,100
"466","Chile",1990,92.257427
"467","Chile",1991,94.25153351
"468","Chile",1992,94.560057
"469","Chile",1993,94.94730377
"470","Chile",1994,95.28754425
"471","Chile",1995,95.6186142
"472","Chile",1996,95.617315
"473","Chile",1997,96.2409668
"474","Chile",1998,97.241124
"475","Chile",1999,96.78990936
"476","Chile",2000,97.938687
"477","Chile",2001,97.25312042
"478","Chile",2002,97.46317291
"479","Chile",2003,98.782325
"480","Chile",2004,97.87049103
"481","Chile",2005,98.08879089
"482","Chile",2006,99.368108
"483","Chile",2007,98.55635071
"484","Chile",2008,98.81767273
"485","Chile",2009,99.593662
"486","Chile",2010,99.38864136
"487","Chile",2011,99.588193
"488","Chile",2012,99.85822296
"489","Chile",2013,99.6
"490","Chile",2014,99.99533844
"491","Chile",2015,99.714844
"492","Chile",2016,100
"493","Colombia",1990,89.9
"494","Colombia",1991,90.76000977
"495","Colombia",1992,91.15319824
"496","Colombia",1993,91.54332733
"497","Colombia",1994,91.92734528
"498","Colombia",1995,91.2
"499","Colombia",1996,92.66477203
"500","Colombia",1997,93.01207733
"501","Colombia",1998,93.34102631
"502","Colombia",1999,93.64855957
"503","Colombia",2000,95.2
"504","Colombia",2001,94.19931793
"505","Colombia",2002,94.45314026
"506","Colombia",2003,94.70068359
"507","Colombia",2004,94.94800568
"508","Colombia",2005,96.8
"509","Colombia",2006,95.46623993
"510","Colombia",2007,95.74927521
"511","Colombia",2008,96.806763
"512","Colombia",2009,96.057229
"513","Colombia",2010,96.788995
"514","Colombia",2011,96.6936
"515","Colombia",2012,97.032176
"516","Colombia",2013,97.779418
"517","Colombia",2014,97.790938
"518","Colombia",2015,98.186898
"519","Colombia",2016,99.00445557
"520","Costa Rica",1990,97.47466278
"521","Costa Rica",1991,97.63420105
"522","Costa Rica",1992,97.79322815
"523","Costa Rica",1993,97.94919586
"524","Costa Rica",1994,98.09217072
"525","Costa Rica",1995,98.23054504
"526","Costa Rica",1996,98.35668945
"527","Costa Rica",1997,98.46755981
"528","Costa Rica",1998,98.56036377
"529","Costa Rica",1999,98.63323975
"530","Costa Rica",2000,98.686409
"531","Costa Rica",2001,98.24978
"532","Costa Rica",2002,98.509188
"533","Costa Rica",2003,98.695902
"534","Costa Rica",2004,98.954779
"535","Costa Rica",2005,99.053051
"536","Costa Rica",2006,99.147523
"537","Costa Rica",2007,99.217998
"538","Costa Rica",2008,99.263937
"539","Costa Rica",2009,99.409804
"540","Costa Rica",2010,98.995734
"541","Costa Rica",2011,99.232348
"542","Costa Rica",2012,99.503298
"543","Costa Rica",2013,99.563517
"544","Costa Rica",2014,99.359291
"545","Costa Rica",2015,99.409804
"546","Costa Rica",2016,100
"547","Croatia",1990,100
"548","Croatia",1991,100
"549","Croatia",1992,100
"550","Croatia",1993,100
"551","Croatia",1994,100
"552","Croatia",1995,100
"553","Croatia",1996,100
"554","Croatia",1997,100
"555","Croatia",1998,100
"556","Croatia",1999,100
"557","Croatia",2000,100
"558","Croatia",2001,100
"559","Croatia",2002,100
"560","Croatia",2003,100
"561","Croatia",2004,100
"562","Croatia",2005,100
"563","Croatia",2006,100
"564","Croatia",2007,100
"565","Croatia",2008,100
"566","Croatia",2009,100
"567","Croatia",2010,100
"568","Croatia",2011,100
"569","Croatia",2012,100
"570","Croatia",2013,100
"571","Croatia",2014,100
"572","Croatia",2015,100
"573","Croatia",2016,100
"574","Cuba",1990,92.52192688
"575","Cuba",1991,92.99980164
"576","Cuba",1992,93.47717285
"577","Cuba",1993,93.95147705
"578","Cuba",1994,94.4196701
"579","Cuba",1995,94.87867737
"580","Cuba",1996,95.32545471
"581","Cuba",1997,95.75693512
"582","Cuba",1998,96.1700592
"583","Cuba",1999,96.56177521
"584","Cuba",2000,97
"585","Cuba",2001,97.28088379
"586","Cuba",2002,97.61888885
"587","Cuba",2003,97.9506073
"588","Cuba",2004,98.28649139
"589","Cuba",2005,98.62835693
"590","Cuba",2006,98.97970581
"591","Cuba",2007,99.33018494
"592","Cuba",2008,99.6403656
"593","Cuba",2009,99.85733032
"594","Cuba",2010,99.96389771
"595","Cuba",2011,99.99571228
"596","Cuba",2012,100
"597","Cuba",2013,100
"598","Cuba",2014,100
"599","Cuba",2015,100
"600","Cuba",2016,100
"601","Cyprus",1990,100
"602","Cyprus",1991,100
"603","Cyprus",1992,100
"604","Cyprus",1993,100
"605","Cyprus",1994,100
"606","Cyprus",1995,100
"607","Cyprus",1996,100
"608","Cyprus",1997,100
"609","Cyprus",1998,100
"610","Cyprus",1999,100
"611","Cyprus",2000,100
"612","Cyprus",2001,100
"613","Cyprus",2002,100
"614","Cyprus",2003,100
"615","Cyprus",2004,100
"616","Cyprus",2005,100
"617","Cyprus",2006,100
"618","Cyprus",2007,100
"619","Cyprus",2008,100
"620","Cyprus",2009,100
"621","Cyprus",2010,100
"622","Cyprus",2011,100
"623","Cyprus",2012,100
"624","Cyprus",2013,100
"625","Cyprus",2014,100
"626","Cyprus",2015,100
"627","Cyprus",2016,100
"628","Czech Republic",1990,100
"629","Czech Republic",1991,100
"630","Czech Republic",1992,100
"631","Czech Republic",1993,100
"632","Czech Republic",1994,100
"633","Czech Republic",1995,100
"634","Czech Republic",1996,100
"635","Czech Republic",1997,100
"636","Czech Republic",1998,100
"637","Czech Republic",1999,100
"638","Czech Republic",2000,100
"639","Czech Republic",2001,100
"640","Czech Republic",2002,100
"641","Czech Republic",2003,100
"642","Czech Republic",2004,100
"643","Czech Republic",2005,100
"644","Czech Republic",2006,100
"645","Czech Republic",2007,100
"646","Czech Republic",2008,100
"647","Czech Republic",2009,100
"648","Czech Republic",2010,100
"649","Czech Republic",2011,100
"650","Czech Republic",2012,100
"651","Czech Republic",2013,100
"652","Czech Republic",2014,100
"653","Czech Republic",2015,100
"654","Czech Republic",2016,100
"655","Denmark",1990,100
"656","Denmark",1991,100
"657","Denmark",1992,100
"658","Denmark",1993,100
"659","Denmark",1994,100
"660","Denmark",1995,100
"661","Denmark",1996,100
"662","Denmark",1997,100
"663","Denmark",1998,100
"664","Denmark",1999,100
"665","Denmark",2000,100
"666","Denmark",2001,100
"667","Denmark",2002,100
"668","Denmark",2003,100
"669","Denmark",2004,100
"670","Denmark",2005,100
"671","Denmark",2006,100
"672","Denmark",2007,100
"673","Denmark",2008,100
"674","Denmark",2009,100
"675","Denmark",2010,100
"676","Denmark",2011,100
"677","Denmark",2012,100
"678","Denmark",2013,100
"679","Denmark",2014,100
"680","Denmark",2015,100
"681","Denmark",2016,100
"682","Dominica",1990,66.03043365
"683","Dominica",1991,67.54698181
"684","Dominica",1992,69.06302643
"685","Dominica",1993,70.57600403
"686","Dominica",1994,72.08286285
"687","Dominica",1995,73.58055115
"688","Dominica",1996,75.06600189
"689","Dominica",1997,76.5361557
"690","Dominica",1998,75
"691","Dominica",1999,79.41833496
"692","Dominica",2000,80.82576752
"693","Dominica",2001,82.21479034
"694","Dominica",2002,87.7
"695","Dominica",2003,84.96186066
"696","Dominica",2004,86.33203125
"697","Dominica",2005,87.70803833
"698","Dominica",2006,89.09596252
"699","Dominica",2007,90.50184631
"700","Dominica",2008,90.9
"701","Dominica",2009,93.37969208
"702","Dominica",2010,94.84715271
"703","Dominica",2011,96.32962799
"704","Dominica",2012,97.82411957
"705","Dominica",2013,98.8553009
"706","Dominica",2014,99.58107758
"707","Dominica",2015,99.90296936
"708","Dominica",2016,100
"709","Ecuador",1990,88.94174957
"710","Ecuador",1991,89.42610168
"711","Ecuador",1992,89.90994263
"712","Ecuador",1993,90.39072418
"713","Ecuador",1994,90.86538696
"714","Ecuador",1995,89.830167
"715","Ecuador",1996,91.78411865
"716","Ecuador",1997,92.22207642
"717","Ecuador",1998,92.726642
"718","Ecuador",1999,93.071434
"719","Ecuador",2000,93.41509247
"720","Ecuador",2001,93.77191162
"721","Ecuador",2002,94.11639404
"722","Ecuador",2003,94.973044
"723","Ecuador",2004,94.79255676
"724","Ecuador",2005,95.83265
"725","Ecuador",2006,96.315259
"726","Ecuador",2007,96.812618
"727","Ecuador",2008,97.206576
"728","Ecuador",2009,96.470862
"729","Ecuador",2010,97.462142
"730","Ecuador",2011,96.872699
"731","Ecuador",2012,97.194929
"732","Ecuador",2013,98.034674
"733","Ecuador",2014,98.976067
"734","Ecuador",2015,98.825883
"735","Ecuador",2016,99.93681335
"736","El Salvador",1990,72.46346283
"737","El Salvador",1991,69.60788
"738","El Salvador",1992,74.59783936
"739","El Salvador",1993,75.66170502
"740","El Salvador",1994,76.71945953
"741","El Salvador",1995,76.995504
"742","El Salvador",1996,77.883
"743","El Salvador",1997,79.82542419
"744","El Salvador",1998,81.637983
"745","El Salvador",1999,79.129592
"746","El Salvador",2000,84.519249
"747","El Salvador",2001,87.063829
"748","El Salvador",2002,87.54906
"749","El Salvador",2003,86.961151
"750","El Salvador",2004,87.357045
"751","El Salvador",2005,87.525839
"752","El Salvador",2006,89.201467
"753","El Salvador",2007,91.109558
"754","El Salvador",2008,91.000227
"755","El Salvador",2009,91.08402
"756","El Salvador",2010,91.580238
"757","El Salvador",2011,92.574686
"758","El Salvador",2012,93.680571
"759","El Salvador",2013,95.043105
"760","El Salvador",2014,95.125416
"761","El Salvador",2015,95.4
"762","El Salvador",2016,98.61889648
"763","Estonia",1990,100
"764","Estonia",1991,100
"765","Estonia",1992,100
"766","Estonia",1993,100
"767","Estonia",1994,100
"768","Estonia",1995,100
"769","Estonia",1996,100
"770","Estonia",1997,100
"771","Estonia",1998,100
"772","Estonia",1999,100
"773","Estonia",2000,100
"774","Estonia",2001,100
"775","Estonia",2002,100
"776","Estonia",2003,100
"777","Estonia",2004,100
"778","Estonia",2005,100
"779","Estonia",2006,100
"780","Estonia",2007,100
"781","Estonia",2008,100
"782","Estonia",2009,100
"783","Estonia",2010,100
"784","Estonia",2011,100
"785","Estonia",2012,100
"786","Estonia",2013,100
"787","Estonia",2014,100
"788","Estonia",2015,100
"789","Estonia",2016,100
"790","Fiji",1990,60.46178818
"791","Fiji",1991,61.99187469
"792","Fiji",1992,63.52145386
"793","Fiji",1993,65.04797363
"794","Fiji",1994,66.56837463
"795","Fiji",1995,68.07959747
"796","Fiji",1996,66.9
"797","Fiji",1997,71.06227875
"798","Fiji",1998,72.52761841
"799","Fiji",1999,73.97154236
"800","Fiji",2000,75.39250946
"801","Fiji",2001,76.79507446
"802","Fiji",2002,79.63
"803","Fiji",2003,80
"804","Fiji",2004,80.95292664
"805","Fiji",2005,82.34248352
"806","Fiji",2006,83.74394226
"807","Fiji",2007,88.9
"808","Fiji",2008,86.16
"809","Fiji",2009,88.06829071
"810","Fiji",2010,89.54928589
"811","Fiji",2011,91.04530334
"812","Fiji",2012,92.5533371
"813","Fiji",2013,91.75
"814","Fiji",2014,95.59343719
"815","Fiji",2015,97.11949158
"816","Fiji",2016,98.6460495
"817","Finland",1990,100
"818","Finland",1991,100
"819","Finland",1992,100
"820","Finland",1993,100
"821","Finland",1994,100
"822","Finland",1995,100
"823","Finland",1996,100
"824","Finland",1997,100
"825","Finland",1998,100
"826","Finland",1999,100
"827","Finland",2000,100
"828","Finland",2001,100
"829","Finland",2002,100
"830","Finland",2003,100
"831","Finland",2004,100
"832","Finland",2005,100
"833","Finland",2006,100
"834","Finland",2007,100
"835","Finland",2008,100
"836","Finland",2009,100
"837","Finland",2010,100
"838","Finland",2011,100
"839","Finland",2012,100
"840","Finland",2013,100
"841","Finland",2014,100
"842","Finland",2015,100
"843","Finland",2016,100
"844","France",1990,100
"845","France",1991,100
"846","France",1992,100
"847","France",1993,100
"848","France",1994,100
"849","France",1995,100
"850","France",1996,100
"851","France",1997,100
"852","France",1998,100
"853","France",1999,100
"854","France",2000,100
"855","France",2001,100
"856","France",2002,100
"857","France",2003,100
"858","France",2004,100
"859","France",2005,100
"860","France",2006,100
"861","France",2007,100
"862","France",2008,100
"863","France",2009,100
"864","France",2010,100
"865","France",2011,100
"866","France",2012,100
"867","France",2013,100
"868","France",2014,100
"869","France",2015,100
"870","France",2016,100
"871","Georgia",1990,97.33401489
"872","Georgia",1991,97.51725006
"873","Georgia",1992,97.69996643
"874","Georgia",1993,97.87963104
"875","Georgia",1994,98.04629517
"876","Georgia",1995,98.20836639
"877","Georgia",1996,98.35820007
"878","Georgia",1997,98.49276733
"879","Georgia",1998,98.60926056
"880","Georgia",1999,98.70584106
"881","Georgia",2000,98.78269196
"882","Georgia",2001,98.84263611
"883","Georgia",2002,99.9
"884","Georgia",2003,98.93213654
"885","Georgia",2004,98.97354126
"886","Georgia",2005,97.93505412
"887","Georgia",2006,99.0796051
"888","Georgia",2007,99.15492249
"889","Georgia",2008,99.2495575
"890","Georgia",2009,99.36373138
"891","Georgia",2010,99.49563599
"892","Georgia",2011,99.64033508
"893","Georgia",2012,100
"894","Georgia",2013,99.89849854
"895","Georgia",2014,100
"896","Georgia",2015,99.99349976
"897","Georgia",2016,100
"898","Germany",1990,100
"899","Germany",1991,100
"900","Germany",1992,100
"901","Germany",1993,100
"902","Germany",1994,100
"903","Germany",1995,99.9999999999999
"904","Germany",1996,100
"905","Germany",1997,100
"906","Germany",1998,100
"907","Germany",1999,100
"908","Germany",2000,100
"909","Germany",2001,100
"910","Germany",2002,100
"911","Germany",2003,100
"912","Germany",2004,100
"913","Germany",2005,100
"914","Germany",2006,100
"915","Germany",2007,100
"916","Germany",2008,100
"917","Germany",2009,100
"918","Germany",2010,100
"919","Germany",2011,100
"920","Germany",2012,100
"921","Germany",2013,100
"922","Germany",2014,100
"923","Germany",2015,100
"924","Germany",2016,100
"925","Greece",1990,100
"926","Greece",1991,100
"927","Greece",1992,100
"928","Greece",1993,100
"929","Greece",1994,100
"930","Greece",1995,100
"931","Greece",1996,100
"932","Greece",1997,100
"933","Greece",1998,100
"934","Greece",1999,100
"935","Greece",2000,100
"936","Greece",2001,100
"937","Greece",2002,100
"938","Greece",2003,100
"939","Greece",2004,100
"940","Greece",2005,100
"941","Greece",2006,100
"942","Greece",2007,100
"943","Greece",2008,100
"944","Greece",2009,100
"945","Greece",2010,100
"946","Greece",2011,100
"947","Greece",2012,100
"948","Greece",2013,100
"949","Greece",2014,100
"950","Greece",2015,100
"951","Greece",2016,100
"952","Grenada",1990,81.56082916
"953","Grenada",1991,82.03704834
"954","Grenada",1992,82.51274872
"955","Grenada",1993,82.98539734
"956","Grenada",1994,83.45192719
"957","Grenada",1995,83.90927887
"958","Grenada",1996,84.35438538
"959","Grenada",1997,84.78421021
"960","Grenada",1998,85.04
"961","Grenada",1999,85.58572388
"962","Grenada",2000,85.95281982
"963","Grenada",2001,86.30150604
"964","Grenada",2002,86.6378479
"965","Grenada",2003,86.96790314
"966","Grenada",2004,87.29773712
"967","Grenada",2005,87.63341522
"968","Grenada",2006,87.98100281
"969","Grenada",2007,88.34655762
"970","Grenada",2008,90
"971","Grenada",2009,89.14373016
"972","Grenada",2010,89.57085419
"973","Grenada",2011,88.8
"974","Grenada",2012,90.46715546
"975","Grenada",2013,90.93032837
"976","Grenada",2014,91.39950562
"977","Grenada",2015,91.87168884
"978","Grenada",2016,92.34436798
"979","Guatemala",1990,60.18920135
"980","Guatemala",1991,61.46566772
"981","Guatemala",1992,62.74162292
"982","Guatemala",1993,64.01451874
"983","Guatemala",1994,65.28129578
"984","Guatemala",1995,60.8
"985","Guatemala",1996,67.78425598
"986","Guatemala",1997,69.01432037
"987","Guatemala",1998,70.22603607
"988","Guatemala",1999,70.9
"989","Guatemala",2000,73.318205
"990","Guatemala",2001,73.73262024
"991","Guatemala",2002,78.667838
"992","Guatemala",2003,78.512204
"993","Guatemala",2004,77.12960052
"994","Guatemala",2005,78.26552582
"995","Guatemala",2006,83.730998
"996","Guatemala",2007,80.5791626
"997","Guatemala",2008,81.76748657
"998","Guatemala",2009,82.97683716
"999","Guatemala",2010,84.20420837
"1000","Guatemala",2011,84.026414
"1001","Guatemala",2012,86.70101166
"1002","Guatemala",2013,87.96443176
"1003","Guatemala",2014,85.494371
"1004","Guatemala",2015,90.50629425
"1005","Guatemala",2016,91.77922821
"1006","Guyana",1990,68.21060181
"1007","Guyana",1991,68.88869476
"1008","Guyana",1992,69.56626892
"1009","Guyana",1993,72.376631
"1010","Guyana",1994,70.90919495
"1011","Guyana",1995,71.56842041
"1012","Guyana",1996,72.21540833
"1013","Guyana",1997,72.84710693
"1014","Guyana",1998,73.46044159
"1015","Guyana",1999,74.05236816
"1016","Guyana",2000,74.62134552
"1017","Guyana",2001,75.17190552
"1018","Guyana",2002,75.71012115
"1019","Guyana",2003,76.2420578
"1020","Guyana",2004,76.77376556
"1021","Guyana",2005,77.5
"1022","Guyana",2006,73.38258786
"1023","Guyana",2007,78.4282074
"1024","Guyana",2008,79.01815796
"1025","Guyana",2009,77.6
"1026","Guyana",2010,80.25813293
"1027","Guyana",2011,80.90215302
"1028","Guyana",2012,81.55818939
"1029","Guyana",2013,82.22323608
"1030","Guyana",2014,86.9
"1031","Guyana",2015,83.56835175
"1032","Guyana",2016,84.24290466
"1033","Hungary",1990,100
"1034","Hungary",1991,100
"1035","Hungary",1992,100
"1036","Hungary",1993,100
"1037","Hungary",1994,100
"1038","Hungary",1995,100
"1039","Hungary",1996,100
"1040","Hungary",1997,100
"1041","Hungary",1998,100
"1042","Hungary",1999,100
"1043","Hungary",2000,100
"1044","Hungary",2001,100
"1045","Hungary",2002,100
"1046","Hungary",2003,100
"1047","Hungary",2004,100
"1048","Hungary",2005,100
"1049","Hungary",2006,100
"1050","Hungary",2007,100
"1051","Hungary",2008,100
"1052","Hungary",2009,100
"1053","Hungary",2010,100
"1054","Hungary",2011,100
"1055","Hungary",2012,100
"1056","Hungary",2013,100
"1057","Hungary",2014,100
"1058","Hungary",2015,100
"1059","Hungary",2016,100
"1060","Iceland",1990,100
"1061","Iceland",1991,100
"1062","Iceland",1992,100
"1063","Iceland",1993,100
"1064","Iceland",1994,100
"1065","Iceland",1995,100
"1066","Iceland",1996,100
"1067","Iceland",1997,100
"1068","Iceland",1998,100
"1069","Iceland",1999,100
"1070","Iceland",2000,100
"1071","Iceland",2001,100
"1072","Iceland",2002,100
"1073","Iceland",2003,100
"1074","Iceland",2004,100
"1075","Iceland",2005,100
"1076","Iceland",2006,100
"1077","Iceland",2007,100
"1078","Iceland",2008,100
"1079","Iceland",2009,100
"1080","Iceland",2010,100
"1081","Iceland",2011,100
"1082","Iceland",2012,100
"1083","Iceland",2013,100
"1084","Iceland",2014,100
"1085","Iceland",2015,100
"1086","Iceland",2016,100
"1087","Ireland",1990,100
"1088","Ireland",1991,100
"1089","Ireland",1992,100
"1090","Ireland",1993,100
"1091","Ireland",1994,100
"1092","Ireland",1995,100
"1093","Ireland",1996,100
"1094","Ireland",1997,100
"1095","Ireland",1998,100
"1096","Ireland",1999,100
"1097","Ireland",2000,100
"1098","Ireland",2001,100
"1099","Ireland",2002,100
"1100","Ireland",2003,100
"1101","Ireland",2004,100
"1102","Ireland",2005,100
"1103","Ireland",2006,100
"1104","Ireland",2007,100
"1105","Ireland",2008,100
"1106","Ireland",2009,100
"1107","Ireland",2010,100
"1108","Ireland",2011,100
"1109","Ireland",2012,100
"1110","Ireland",2013,100
"1111","Ireland",2014,100
"1112","Ireland",2015,100
"1113","Ireland",2016,100
"1114","Israel",1990,100
"1115","Israel",1991,100
"1116","Israel",1992,100
"1117","Israel",1993,100
"1118","Israel",1994,100
"1119","Israel",1995,100
"1120","Israel",1996,100
"1121","Israel",1997,100
"1122","Israel",1998,100
"1123","Israel",1999,100
"1124","Israel",2000,100
"1125","Israel",2001,100
"1126","Israel",2002,100
"1127","Israel",2003,100
"1128","Israel",2004,100
"1129","Israel",2005,100
"1130","Israel",2006,100
"1131","Israel",2007,100
"1132","Israel",2008,100
"1133","Israel",2009,100
"1134","Israel",2010,100
"1135","Israel",2011,100
"1136","Israel",2012,100
"1137","Israel",2013,100
"1138","Israel",2014,100
"1139","Israel",2015,100
"1140","Israel",2016,100
"1141","Italy",1990,100
"1142","Italy",1991,100
"1143","Italy",1992,100
"1144","Italy",1993,100
"1145","Italy",1994,100
"1146","Italy",1995,100
"1147","Italy",1996,100
"1148","Italy",1997,100
"1149","Italy",1998,100
"1150","Italy",1999,100
"1151","Italy",2000,100
"1152","Italy",2001,100
"1153","Italy",2002,100
"1154","Italy",2003,100
"1155","Italy",2004,100
"1156","Italy",2005,100
"1157","Italy",2006,100
"1158","Italy",2007,100
"1159","Italy",2008,100
"1160","Italy",2009,100
"1161","Italy",2010,100
"1162","Italy",2011,100
"1163","Italy",2012,100
"1164","Italy",2013,100
"1165","Italy",2014,100
"1166","Italy",2015,100
"1167","Italy",2016,100
"1168","Jamaica",1990,70.334586
"1169","Jamaica",1991,76.57942963
"1170","Jamaica",1992,77.50783539
"1171","Jamaica",1993,78.43318176
"1172","Jamaica",1994,79.35240936
"1173","Jamaica",1995,80.2624588
"1174","Jamaica",1996,85.706045
"1175","Jamaica",1997,82.04279327
"1176","Jamaica",1998,82.90695953
"1177","Jamaica",1999,84.554112
"1178","Jamaica",2000,84.56950378
"1179","Jamaica",2001,87.708112
"1180","Jamaica",2002,86.681291
"1181","Jamaica",2003,86.94269562
"1182","Jamaica",2004,87.72522736
"1183","Jamaica",2005,88.51361084
"1184","Jamaica",2006,89.31389618
"1185","Jamaica",2007,90.13214874
"1186","Jamaica",2008,92
"1187","Jamaica",2009,91.83472443
"1188","Jamaica",2010,92.7145462
"1189","Jamaica",2011,91.1
"1190","Jamaica",2012,93.1
"1191","Jamaica",2013,95.43212128
"1192","Jamaica",2014,96.35400391
"1193","Jamaica",2015,97.27888489
"1194","Jamaica",2016,98.20426941
"1195","Japan",1990,100
"1196","Japan",1991,100
"1197","Japan",1992,100
"1198","Japan",1993,100
"1199","Japan",1994,100
"1200","Japan",1995,100
"1201","Japan",1996,100
"1202","Japan",1997,100
"1203","Japan",1998,100
"1204","Japan",1999,100
"1205","Japan",2000,100
"1206","Japan",2001,100
"1207","Japan",2002,100
"1208","Japan",2003,100
"1209","Japan",2004,100
"1210","Japan",2005,100
"1211","Japan",2006,100
"1212","Japan",2007,100
"1213","Japan",2008,100
"1214","Japan",2009,100
"1215","Japan",2010,100
"1216","Japan",2011,100
"1217","Japan",2012,100
"1218","Japan",2013,100
"1219","Japan",2014,100
"1220","Japan",2015,100
"1221","Japan",2016,100
"1222","Kazakhstan",1990,97.72080994
"1223","Kazakhstan",1991,97.89183044
"1224","Kazakhstan",1992,98.05994415
"1225","Kazakhstan",1993,98.22520447
"1226","Kazakhstan",1994,98.38425446
"1227","Kazakhstan",1995,99.9
"1228","Kazakhstan",1996,98.67173004
"1229","Kazakhstan",1997,98.79408264
"1230","Kazakhstan",1998,98.89836884
"1231","Kazakhstan",1999,97
"1232","Kazakhstan",2000,99.04738617
"1233","Kazakhstan",2001,99.09512329
"1234","Kazakhstan",2002,99.13079834
"1235","Kazakhstan",2003,99.16020966
"1236","Kazakhstan",2004,99.18939972
"1237","Kazakhstan",2005,99.22441101
"1238","Kazakhstan",2006,99.76654765
"1239","Kazakhstan",2007,99.33415222
"1240","Kazakhstan",2008,99.41656494
"1241","Kazakhstan",2009,100
"1242","Kazakhstan",2010,99.63712311
"1243","Kazakhstan",2011,99.79746835
"1244","Kazakhstan",2012,99.87473297
"1245","Kazakhstan",2013,99.95161438
"1246","Kazakhstan",2014,99.98814392
"1247","Kazakhstan",2015,100
"1248","Kazakhstan",2016,100
"1249","Kiribati",1990,31.55973244
"1250","Kiribati",1991,33.67414093
"1251","Kiribati",1992,35.78803635
"1252","Kiribati",1993,37.89887619
"1253","Kiribati",1994,40.00359344
"1254","Kiribati",1995,42.09913635
"1255","Kiribati",1996,44.18244171
"1256","Kiribati",1997,46.25045395
"1257","Kiribati",1998,48.30010986
"1258","Kiribati",1999,50.32835007
"1259","Kiribati",2000,52.33364105
"1260","Kiribati",2001,54.32052231
"1261","Kiribati",2002,56.29505539
"1262","Kiribati",2003,58.26330566
"1263","Kiribati",2004,60.23133087
"1264","Kiribati",2005,69.67640546
"1265","Kiribati",2006,64.190979
"1266","Kiribati",2007,66.19472504
"1267","Kiribati",2008,68.22099304
"1268","Kiribati",2009,64.19
"1269","Kiribati",2010,63.16773671
"1270","Kiribati",2011,74.4139328
"1271","Kiribati",2012,76.50628662
"1272","Kiribati",2013,78.60765076
"1273","Kiribati",2014,80.71501923
"1274","Kiribati",2015,90.55818141
"1275","Kiribati",2016,84.93627167
"1276","Kuwait",1990,100
"1277","Kuwait",1991,100
"1278","Kuwait",1992,100
"1279","Kuwait",1993,100
"1280","Kuwait",1994,100
"1281","Kuwait",1995,100
"1282","Kuwait",1996,100
"1283","Kuwait",1997,100
"1284","Kuwait",1998,100
"1285","Kuwait",1999,100
"1286","Kuwait",2000,100
"1287","Kuwait",2001,100
"1288","Kuwait",2002,100
"1289","Kuwait",2003,100
"1290","Kuwait",2004,100
"1291","Kuwait",2005,100
"1292","Kuwait",2006,100
"1293","Kuwait",2007,100
"1294","Kuwait",2008,100
"1295","Kuwait",2009,100
"1296","Kuwait",2010,100
"1297","Kuwait",2011,100
"1298","Kuwait",2012,100
"1299","Kuwait",2013,100
"1300","Kuwait",2014,100
"1301","Kuwait",2015,100
"1302","Kuwait",2016,100
"1303","Latvia",1990,100
"1304","Latvia",1991,100
"1305","Latvia",1992,100
"1306","Latvia",1993,100
"1307","Latvia",1994,100
"1308","Latvia",1995,100
"1309","Latvia",1996,100
"1310","Latvia",1997,100
"1311","Latvia",1998,100
"1312","Latvia",1999,100
"1313","Latvia",2000,100
"1314","Latvia",2001,100
"1315","Latvia",2002,100
"1316","Latvia",2003,100
"1317","Latvia",2004,100
"1318","Latvia",2005,100
"1319","Latvia",2006,100
"1320","Latvia",2007,100
"1321","Latvia",2008,100
"1322","Latvia",2009,100
"1323","Latvia",2010,100
"1324","Latvia",2011,100
"1325","Latvia",2012,100
"1326","Latvia",2013,100
"1327","Latvia",2014,100
"1328","Latvia",2015,100
"1329","Latvia",2016,100
"1330","Lithuania",1990,100
"1331","Lithuania",1991,100
"1332","Lithuania",1992,100
"1333","Lithuania",1993,100
"1334","Lithuania",1994,100
"1335","Lithuania",1995,100
"1336","Lithuania",1996,100
"1337","Lithuania",1997,100
"1338","Lithuania",1998,100
"1339","Lithuania",1999,100
"1340","Lithuania",2000,100
"1341","Lithuania",2001,100
"1342","Lithuania",2002,100
"1343","Lithuania",2003,100
"1344","Lithuania",2004,100
"1345","Lithuania",2005,100
"1346","Lithuania",2006,100
"1347","Lithuania",2007,100
"1348","Lithuania",2008,100
"1349","Lithuania",2009,100
"1350","Lithuania",2010,100
"1351","Lithuania",2011,100
"1352","Lithuania",2012,100
"1353","Lithuania",2013,100
"1354","Lithuania",2014,100
"1355","Lithuania",2015,100
"1356","Lithuania",2016,100
"1357","Luxembourg",1990,100
"1358","Luxembourg",1991,100
"1359","Luxembourg",1992,100
"1360","Luxembourg",1993,100
"1361","Luxembourg",1994,100
"1362","Luxembourg",1995,100
"1363","Luxembourg",1996,100
"1364","Luxembourg",1997,100
"1365","Luxembourg",1998,100
"1366","Luxembourg",1999,100
"1367","Luxembourg",2000,100
"1368","Luxembourg",2001,100
"1369","Luxembourg",2002,100
"1370","Luxembourg",2003,100
"1371","Luxembourg",2004,100
"1372","Luxembourg",2005,100
"1373","Luxembourg",2006,100
"1374","Luxembourg",2007,100
"1375","Luxembourg",2008,100
"1376","Luxembourg",2009,100
"1377","Luxembourg",2010,100
"1378","Luxembourg",2011,100
"1379","Luxembourg",2012,100
"1380","Luxembourg",2013,100
"1381","Luxembourg",2014,100
"1382","Luxembourg",2015,100
"1383","Luxembourg",2016,100
"1384","Maldives",1990,73.0881424
"1385","Maldives",1991,74.36536407
"1386","Maldives",1992,75.64207458
"1387","Maldives",1993,76.91572571
"1388","Maldives",1994,78.18326569
"1389","Maldives",1995,79.44161987
"1390","Maldives",1996,80.68774414
"1391","Maldives",1997,81.91857147
"1392","Maldives",1998,83.13104248
"1393","Maldives",1999,84.32209778
"1394","Maldives",2000,83.8
"1395","Maldives",2001,86.63990021
"1396","Maldives",2002,87.7772522
"1397","Maldives",2003,88.90831757
"1398","Maldives",2004,90.03916168
"1399","Maldives",2005,91.17584991
"1400","Maldives",2006,92.32444
"1401","Maldives",2007,93.49100494
"1402","Maldives",2008,94.68008423
"1403","Maldives",2009,99.9
"1404","Maldives",2010,97.11832428
"1405","Maldives",2011,98.25430298
"1406","Maldives",2012,99.1618042
"1407","Maldives",2013,99.71151733
"1408","Maldives",2014,100
"1409","Maldives",2015,99.99401093
"1410","Maldives",2016,100
"1411","Malta",1990,100
"1412","Malta",1991,100
"1413","Malta",1992,100
"1414","Malta",1993,100
"1415","Malta",1994,100
"1416","Malta",1995,100
"1417","Malta",1996,100
"1418","Malta",1997,100
"1419","Malta",1998,100
"1420","Malta",1999,100
"1421","Malta",2000,100
"1422","Malta",2001,100
"1423","Malta",2002,100
"1424","Malta",2003,100
"1425","Malta",2004,100
"1426","Malta",2005,100
"1427","Malta",2006,100
"1428","Malta",2007,100
"1429","Malta",2008,100
"1430","Malta",2009,100
"1431","Malta",2010,100
"1432","Malta",2011,100
"1433","Malta",2012,100
"1434","Malta",2013,100
"1435","Malta",2014,100
"1436","Malta",2015,100
"1437","Malta",2016,100
"1438","Mauritius",1990,99.23442078
"1439","Mauritius",1991,99.2784729
"1440","Mauritius",1992,99.32201385
"1441","Mauritius",1993,99.36250305
"1442","Mauritius",1994,99.39686584
"1443","Mauritius",1995,99.42205811
"1444","Mauritius",1996,99.43501282
"1445","Mauritius",1997,99.43267059
"1446","Mauritius",1998,99.41197205
"1447","Mauritius",1999,99.36986542
"1448","Mauritius",2000,99
"1449","Mauritius",2001,99.22132874
"1450","Mauritius",2002,99.4
"1451","Mauritius",2003,99.02339935
"1452","Mauritius",2004,98.92108154
"1453","Mauritius",2005,98.82460022
"1454","Mauritius",2006,98.74002075
"1455","Mauritius",2007,98.67340851
"1456","Mauritius",2008,98.62932587
"1457","Mauritius",2009,98.60626221
"1458","Mauritius",2010,98.60122681
"1459","Mauritius",2011,99.4
"1460","Mauritius",2012,98.63320923
"1461","Mauritius",2013,98.66422272
"1462","Mauritius",2014,98.70124054
"1463","Mauritius",2015,98.74125671
"1464","Mauritius",2016,98.78178406
"1465","Mexico",1990,94.26457214
"1466","Mexico",1991,94.57529449
"1467","Mexico",1992,93.145981
"1468","Mexico",1993,95.19265747
"1469","Mexico",1994,95.238294
"1470","Mexico",1995,95.78555298
"1471","Mexico",1996,96.093624
"1472","Mexico",1997,96.32950592
"1473","Mexico",1998,96.092755
"1474","Mexico",1999,96.80003357
"1475","Mexico",2000,98.007132
"1476","Mexico",2001,97.18483734
"1477","Mexico",2002,97.897085
"1478","Mexico",2003,97.52024841
"1479","Mexico",2004,98.597701
"1480","Mexico",2005,98.932728
"1481","Mexico",2006,99.11416
"1482","Mexico",2007,98.25283051
"1483","Mexico",2008,98.914037
"1484","Mexico",2009,98.71661377
"1485","Mexico",2010,99.236696
"1486","Mexico",2011,99.24835968
"1487","Mexico",2012,99.111637
"1488","Mexico",2013,99.74873352
"1489","Mexico",2014,99.172928
"1490","Mexico",2015,99
"1491","Mexico",2016,100
"1492","Mongolia",1990,68.11283875
"1493","Mongolia",1991,68.6997757
"1494","Mongolia",1992,69.28619385
"1495","Mongolia",1993,69.86956024
"1496","Mongolia",1994,70.44680023
"1497","Mongolia",1995,71.01486969
"1498","Mongolia",1996,71.5707016
"1499","Mongolia",1997,72.11123657
"1500","Mongolia",1998,72.63341522
"1501","Mongolia",1999,73.13418579
"1502","Mongolia",2000,67.3
"1503","Mongolia",2001,74.0714035
"1504","Mongolia",2002,74.51846313
"1505","Mongolia",2003,76.3
"1506","Mongolia",2004,75.3997879
"1507","Mongolia",2005,86.2
"1508","Mongolia",2006,76.30448914
"1509","Mongolia",2007,76.78076172
"1510","Mongolia",2008,77.27954865
"1511","Mongolia",2009,77.79936981
"1512","Mongolia",2010,78.50208044
"1513","Mongolia",2011,72.05707491
"1514","Mongolia",2012,79.45494843
"1515","Mongolia",2013,81.2
"1516","Mongolia",2014,80.60873413
"1517","Mongolia",2015,81.1916275
"1518","Mongolia",2016,81.77503204
"1519","Montenegro",1990,98.40816498
"1520","Montenegro",1991,98.54875183
"1521","Montenegro",1992,98.68784332
"1522","Montenegro",1993,98.82337952
"1523","Montenegro",1994,98.95270538
"1524","Montenegro",1995,99.07284546
"1525","Montenegro",1996,99.18074036
"1526","Montenegro",1997,99.27337646
"1527","Montenegro",1998,99.34793091
"1528","Montenegro",1999,99.40249634
"1529","Montenegro",2000,99.4369812
"1530","Montenegro",2001,99.4541626
"1531","Montenegro",2002,99.46000671
"1532","Montenegro",2003,99.46105957
"1533","Montenegro",2004,99.46193695
"1534","Montenegro",2005,99.83022071
"1535","Montenegro",2006,99.48332214
"1536","Montenegro",2007,99.51626587
"1537","Montenegro",2008,99.56887817
"1538","Montenegro",2009,99.64112091
"1539","Montenegro",2010,99.72993469
"1540","Montenegro",2011,99.82582092
"1541","Montenegro",2012,99.91059875
"1542","Montenegro",2013,99.7
"1543","Montenegro",2014,99.99226379
"1544","Montenegro",2015,99.99916077
"1545","Montenegro",2016,100
"1546","Netherlands",1990,100
"1547","Netherlands",1991,100
"1548","Netherlands",1992,100
"1549","Netherlands",1993,100
"1550","Netherlands",1994,100
"1551","Netherlands",1995,100
"1552","Netherlands",1996,100
"1553","Netherlands",1997,100
"1554","Netherlands",1998,100
"1555","Netherlands",1999,100
"1556","Netherlands",2000,100
"1557","Netherlands",2001,100
"1558","Netherlands",2002,100
"1559","Netherlands",2003,100
"1560","Netherlands",2004,100
"1561","Netherlands",2005,100
"1562","Netherlands",2006,100
"1563","Netherlands",2007,100
"1564","Netherlands",2008,100
"1565","Netherlands",2009,100
"1566","Netherlands",2010,100
"1567","Netherlands",2011,100
"1568","Netherlands",2012,100
"1569","Netherlands",2013,100
"1570","Netherlands",2014,100
"1571","Netherlands",2015,100
"1572","Netherlands",2016,100
"1573","New Zealand",1990,100
"1574","New Zealand",1991,100
"1575","New Zealand",1992,100
"1576","New Zealand",1993,100
"1577","New Zealand",1994,100
"1578","New Zealand",1995,100
"1579","New Zealand",1996,100
"1580","New Zealand",1997,100
"1581","New Zealand",1998,100
"1582","New Zealand",1999,100
"1583","New Zealand",2000,100
"1584","New Zealand",2001,100
"1585","New Zealand",2002,100
"1586","New Zealand",2003,100
"1587","New Zealand",2004,100
"1588","New Zealand",2005,100
"1589","New Zealand",2006,100
"1590","New Zealand",2007,100
"1591","New Zealand",2008,100
"1592","New Zealand",2009,100
"1593","New Zealand",2010,100
"1594","New Zealand",2011,100
"1595","New Zealand",2012,100
"1596","New Zealand",2013,100
"1597","New Zealand",2014,100
"1598","New Zealand",2015,100
"1599","New Zealand",2016,100
"1600","Nicaragua",1990,66.82804108
"1601","Nicaragua",1991,67.46522522
"1602","Nicaragua",1992,68.10189819
"1603","Nicaragua",1993,72.064174
"1604","Nicaragua",1994,69.36301422
"1605","Nicaragua",1995,69.98133087
"1606","Nicaragua",1996,70.5874176
"1607","Nicaragua",1997,71.17819977
"1608","Nicaragua",1998,69.047103
"1609","Nicaragua",1999,72.30165863
"1610","Nicaragua",2000,72.82972717
"1611","Nicaragua",2001,72.22158
"1612","Nicaragua",2002,73.83669281
"1613","Nicaragua",2003,74.32772064
"1614","Nicaragua",2004,74.81852722
"1615","Nicaragua",2005,73.821815
"1616","Nicaragua",2006,75.82373047
"1617","Nicaragua",2007,76.35025024
"1618","Nicaragua",2008,76.89929199
"1619","Nicaragua",2009,77.916313
"1620","Nicaragua",2010,78.05745697
"1621","Nicaragua",2011,78.66056824
"1622","Nicaragua",2012,79.2756958
"1623","Nicaragua",2013,79.89984131
"1624","Nicaragua",2014,81.853073
"1625","Nicaragua",2015,81.16313934
"1626","Nicaragua",2016,81.79679871
"1627","Norway",1990,100
"1628","Norway",1991,100
"1629","Norway",1992,100
"1630","Norway",1993,100
"1631","Norway",1994,100
"1632","Norway",1995,100
"1633","Norway",1996,100
"1634","Norway",1997,100
"1635","Norway",1998,100
"1636","Norway",1999,100
"1637","Norway",2000,100
"1638","Norway",2001,100
"1639","Norway",2002,100
"1640","Norway",2003,100
"1641","Norway",2004,100
"1642","Norway",2005,100
"1643","Norway",2006,100
"1644","Norway",2007,100
"1645","Norway",2008,100
"1646","Norway",2009,100
"1647","Norway",2010,100
"1648","Norway",2011,100
"1649","Norway",2012,100
"1650","Norway",2013,100
"1651","Norway",2014,100
"1652","Norway",2015,100
"1653","Norway",2016,100
"1654","Oman",2007,100
"1655","Oman",2008,100
"1656","Oman",2009,100
"1657","Oman",2010,100
"1658","Oman",2011,100
"1659","Oman",2012,100
"1660","Oman",2013,100
"1661","Oman",2014,100
"1662","Oman",2015,100
"1663","Oman",2016,100
"1664","Panama",1990,70.19
"1665","Panama",1991,73.3535614
"1666","Panama",1992,74.21954346
"1667","Panama",1993,75.08246613
"1668","Panama",1994,75.93927002
"1669","Panama",1995,76.78689575
"1670","Panama",1996,77.62228394
"1671","Panama",1997,78.44238281
"1672","Panama",1998,79.24412537
"1673","Panama",1999,80.02445221
"1674","Panama",2000,81.40141009
"1675","Panama",2001,81.52078247
"1676","Panama",2002,82.24740601
"1677","Panama",2003,87.8
"1678","Panama",2004,83.68785095
"1679","Panama",2005,84.4138031
"1680","Panama",2006,85.15166473
"1681","Panama",2007,85.90749359
"1682","Panama",2008,86.68584442
"1683","Panama",2009,87.48522186
"1684","Panama",2010,86.85
"1685","Panama",2011,89.13504028
"1686","Panama",2012,89.97947693
"1687","Panama",2013,89.1
"1688","Panama",2014,91.69238281
"1689","Panama",2015,92.55484009
"1690","Panama",2016,93.4178009
"1691","Paraguay",1990,80.42372894
"1692","Paraguay",1991,81.32014465
"1693","Paraguay",1992,82.21605682
"1694","Paraguay",1993,83.10890198
"1695","Paraguay",1994,83.99563599
"1696","Paraguay",1995,77.469114
"1697","Paraguay",1996,85.7385025
"1698","Paraguay",1997,86.412854
"1699","Paraguay",1998,87.4201889
"1700","Paraguay",1999,88.518177
"1701","Paraguay",2000,89.01773834
"1702","Paraguay",2001,91.04207
"1703","Paraguay",2002,91.666443
"1704","Paraguay",2003,92.558399
"1705","Paraguay",2004,93.249876
"1706","Paraguay",2005,94.686886
"1707","Paraguay",2006,96.749045
"1708","Paraguay",2007,96.452771
"1709","Paraguay",2008,96.677896
"1710","Paraguay",2009,96.891335
"1711","Paraguay",2010,97.43086
"1712","Paraguay",2011,98.23656
"1713","Paraguay",2012,97.835616
"1714","Paraguay",2013,99.015884
"1715","Paraguay",2014,99.000716
"1716","Paraguay",2015,99.331532
"1717","Paraguay",2016,98.4
"1718","Philippines",1990,62.11444855
"1719","Philippines",1991,63.28618622
"1720","Philippines",1992,64.45741272
"1721","Philippines",1993,65.4
"1722","Philippines",1994,66.7876358
"1723","Philippines",1995,67.94051361
"1724","Philippines",1996,69.08114624
"1725","Philippines",1997,70.20648956
"1726","Philippines",1998,71.3
"1727","Philippines",1999,71.87417093
"1728","Philippines",2000,73.46167755
"1729","Philippines",2001,74.50588989
"1730","Philippines",2002,75.53775024
"1731","Philippines",2003,76.6
"1732","Philippines",2004,77.58869171
"1733","Philippines",2005,78.61989594
"1734","Philippines",2006,79.66300201
"1735","Philippines",2007,80.72408295
"1736","Philippines",2008,83.3
"1737","Philippines",2009,82.91230011
"1738","Philippines",2010,84.03495026
"1739","Philippines",2011,85.17262268
"1740","Philippines",2012,86.32230377
"1741","Philippines",2013,87.5
"1742","Philippines",2014,88.64569855
"1743","Philippines",2015,89.08
"1744","Philippines",2016,90.98161316
"1745","Poland",1990,100
"1746","Poland",1991,100
"1747","Poland",1992,100
"1748","Poland",1993,100
"1749","Poland",1994,100
"1750","Poland",1995,100
"1751","Poland",1996,100
"1752","Poland",1997,100
"1753","Poland",1998,100
"1754","Poland",1999,100
"1755","Poland",2000,100
"1756","Poland",2001,100
"1757","Poland",2002,100
"1758","Poland",2003,100
"1759","Poland",2004,100
"1760","Poland",2005,100
"1761","Poland",2006,100
"1762","Poland",2007,100
"1763","Poland",2008,100
"1764","Poland",2009,100
"1765","Poland",2010,100
"1766","Poland",2011,100
"1767","Poland",2012,100
"1768","Poland",2013,100
"1769","Poland",2014,100
"1770","Poland",2015,100
"1771","Poland",2016,100
"1772","Portugal",1990,100
"1773","Portugal",1991,100
"1774","Portugal",1992,100
"1775","Portugal",1993,100
"1776","Portugal",1994,100
"1777","Portugal",1995,100
"1778","Portugal",1996,100
"1779","Portugal",1997,100
"1780","Portugal",1998,100
"1781","Portugal",1999,100
"1782","Portugal",2000,100
"1783","Portugal",2001,100
"1784","Portugal",2002,100
"1785","Portugal",2003,100
"1786","Portugal",2004,100
"1787","Portugal",2005,100
"1788","Portugal",2006,100
"1789","Portugal",2007,100
"1790","Portugal",2008,100
"1791","Portugal",2009,100
"1792","Portugal",2010,100
"1793","Portugal",2011,100
"1794","Portugal",2012,100
"1795","Portugal",2013,100
"1796","Portugal",2014,100
"1797","Portugal",2015,100
"1798","Portugal",2016,100
"1799","Puerto Rico",2002,100
"1800","Puerto Rico",2003,100
"1801","Puerto Rico",2004,100
"1802","Puerto Rico",2005,100
"1803","Puerto Rico",2006,100
"1804","Puerto Rico",2007,100
"1805","Puerto Rico",2008,100
"1806","Puerto Rico",2009,100
"1807","Puerto Rico",2010,100
"1808","Puerto Rico",2011,100
"1809","Puerto Rico",2012,100
"1810","Puerto Rico",2013,100
"1811","Puerto Rico",2014,100
"1812","Puerto Rico",2015,100
"1813","Puerto Rico",2016,100
"1814","Qatar",1990,100
"1815","Qatar",1991,100
"1816","Qatar",1992,100
"1817","Qatar",1993,100
"1818","Qatar",1994,100
"1819","Qatar",1995,100
"1820","Qatar",1996,100
"1821","Qatar",1997,100
"1822","Qatar",1998,100
"1823","Qatar",1999,100
"1824","Qatar",2000,100
"1825","Qatar",2001,100
"1826","Qatar",2002,100
"1827","Qatar",2003,100
"1828","Qatar",2004,100
"1829","Qatar",2005,100
"1830","Qatar",2006,100
"1831","Qatar",2007,100
"1832","Qatar",2008,100
"1833","Qatar",2009,100
"1834","Qatar",2010,100
"1835","Qatar",2011,100
"1836","Qatar",2012,100
"1837","Qatar",2013,100
"1838","Qatar",2014,100
"1839","Qatar",2015,100
"1840","Qatar",2016,100
"1841","Romania",1990,100
"1842","Romania",1991,100
"1843","Romania",1992,100
"1844","Romania",1993,100
"1845","Romania",1994,100
"1846","Romania",1995,100
"1847","Romania",1996,100
"1848","Romania",1997,100
"1849","Romania",1998,100
"1850","Romania",1999,100
"1851","Romania",2000,100
"1852","Romania",2001,100
"1853","Romania",2002,100
"1854","Romania",2003,100
"1855","Romania",2004,100
"1856","Romania",2005,100
"1857","Romania",2006,100
"1858","Romania",2007,100
"1859","Romania",2008,100
"1860","Romania",2009,100
"1861","Romania",2010,100
"1862","Romania",2011,100
"1863","Romania",2012,100
"1864","Romania",2013,100
"1865","Romania",2014,100
"1866","Romania",2015,100
"1867","Romania",2016,100
"1868","Russian Federation",1990,100
"1869","Russian Federation",1991,100
"1870","Russian Federation",1992,100
"1871","Russian Federation",1993,100
"1872","Russian Federation",1994,100
"1873","Russian Federation",1995,100
"1874","Russian Federation",1996,100
"1875","Russian Federation",1997,100
"1876","Russian Federation",1998,100
"1877","Russian Federation",1999,100
"1878","Russian Federation",2000,100
"1879","Russian Federation",2001,100
"1880","Russian Federation",2002,100
"1881","Russian Federation",2003,100
"1882","Russian Federation",2004,100
"1883","Russian Federation",2005,100
"1884","Russian Federation",2006,100
"1885","Russian Federation",2007,100
"1886","Russian Federation",2008,100
"1887","Russian Federation",2009,100
"1888","Russian Federation",2010,100
"1889","Russian Federation",2011,100
"1890","Russian Federation",2012,100
"1891","Russian Federation",2013,100
"1892","Russian Federation",2014,100
"1893","Russian Federation",2015,100
"1894","Russian Federation",2016,100
"1895","San Marino",1990,100
"1896","San Marino",1991,100
"1897","San Marino",1992,100
"1898","San Marino",1993,100
"1899","San Marino",1994,100
"1900","San Marino",1995,100
"1901","San Marino",1996,100
"1902","San Marino",1997,100
"1903","San Marino",1998,100
"1904","San Marino",1999,100
"1905","San Marino",2000,100
"1906","San Marino",2001,100
"1907","San Marino",2002,100
"1908","San Marino",2003,100
"1909","San Marino",2004,100
"1910","San Marino",2005,100
"1911","San Marino",2006,100
"1912","San Marino",2007,100
"1913","San Marino",2008,100
"1914","San Marino",2009,100
"1915","San Marino",2010,100
"1916","San Marino",2011,100
"1917","San Marino",2012,100
"1918","San Marino",2013,100
"1919","San Marino",2014,100
"1920","San Marino",2015,100
"1921","San Marino",2016,100
"1922","Seychelles",1990,89.54558563
"1923","Seychelles",1991,90.01955414
"1924","Seychelles",1992,90.49301147
"1925","Seychelles",1993,90.96340942
"1926","Seychelles",1994,90
"1927","Seychelles",1995,91.88279724
"1928","Seychelles",1996,92.32566833
"1929","Seychelles",1997,92
"1930","Seychelles",1998,93.16246033
"1931","Seychelles",1999,93.55026245
"1932","Seychelles",2000,93.91511536
"1933","Seychelles",2001,94.26155853
"1934","Seychelles",2002,96.1
"1935","Seychelles",2003,94.92346954
"1936","Seychelles",2004,95.25106049
"1937","Seychelles",2005,95.58448792
"1938","Seychelles",2006,99
"1939","Seychelles",2007,96.2931366
"1940","Seychelles",2008,96.67896271
"1941","Seychelles",2009,97.08582306
"1942","Seychelles",2010,97
"1943","Seychelles",2011,97.95059967
"1944","Seychelles",2012,98.40927124
"1945","Seychelles",2013,98
"1946","Seychelles",2014,99.29888916
"1947","Seychelles",2015,99.67832184
"1948","Seychelles",2016,100
"1949","Singapore",1990,100
"1950","Singapore",1991,100
"1951","Singapore",1992,100
"1952","Singapore",1993,100
"1953","Singapore",1994,100
"1954","Singapore",1995,100
"1955","Singapore",1996,100
"1956","Singapore",1997,100
"1957","Singapore",1998,100
"1958","Singapore",1999,100
"1959","Singapore",2000,100
"1960","Singapore",2001,100
"1961","Singapore",2002,100
"1962","Singapore",2003,100
"1963","Singapore",2004,100
"1964","Singapore",2005,100
"1965","Singapore",2006,100
"1966","Singapore",2007,100
"1967","Singapore",2008,100
"1968","Singapore",2009,100
"1969","Singapore",2010,100
"1970","Singapore",2011,100
"1971","Singapore",2012,100
"1972","Singapore",2013,100
"1973","Singapore",2014,100
"1974","Singapore",2015,100
"1975","Singapore",2016,100
"1976","Slovenia",1990,100
"1977","Slovenia",1991,100
"1978","Slovenia",1992,100
"1979","Slovenia",1993,100
"1980","Slovenia",1994,100
"1981","Slovenia",1995,100
"1982","Slovenia",1996,100
"1983","Slovenia",1997,100
"1984","Slovenia",1998,100
"1985","Slovenia",1999,100
"1986","Slovenia",2000,100
"1987","Slovenia",2001,100
"1988","Slovenia",2002,100
"1989","Slovenia",2003,100
"1990","Slovenia",2004,100
"1991","Slovenia",2005,100
"1992","Slovenia",2006,100
"1993","Slovenia",2007,100
"1994","Slovenia",2008,100
"1995","Slovenia",2009,100
"1996","Slovenia",2010,100
"1997","Slovenia",2011,100
"1998","Slovenia",2012,100
"1999","Slovenia",2013,100
"2000","Slovenia",2014,100
"2001","Slovenia",2015,100
"2002","Slovenia",2016,100
"2003","South Africa",1990,59.33794022
"2004","South Africa",1991,60.57508087
"2005","South Africa",1992,61.81171036
"2006","South Africa",1993,63.04528427
"2007","South Africa",1994,64.2727356
"2008","South Africa",1995,65.49101257
"2009","South Africa",1996,57.6
"2010","South Africa",1997,67.88779449
"2011","South Africa",1998,64.9
"2012","South Africa",1999,70.21115875
"2013","South Africa",2000,71.33917999
"2014","South Africa",2001,70.2
"2015","South Africa",2002,77.1
"2016","South Africa",2003,78.8
"2017","South Africa",2004,80.9
"2018","South Africa",2005,80.9
"2019","South Africa",2006,80.7
"2020","South Africa",2007,82
"2021","South Africa",2008,81.9
"2022","South Africa",2009,82.7
"2023","South Africa",2010,82.9
"2024","South Africa",2011,84.7
"2025","South Africa",2012,85.3
"2026","South Africa",2013,85.4
"2027","South Africa",2014,86
"2028","South Africa",2015,85.5
"2029","South Africa",2016,84.2
"2030","Spain",1990,100
"2031","Spain",1991,100
"2032","Spain",1992,100
"2033","Spain",1993,100
"2034","Spain",1994,100
"2035","Spain",1995,100
"2036","Spain",1996,100
"2037","Spain",1997,100
"2038","Spain",1998,100
"2039","Spain",1999,100
"2040","Spain",2000,100
"2041","Spain",2001,100
"2042","Spain",2002,100
"2043","Spain",2003,100
"2044","Spain",2004,100
"2045","Spain",2005,100
"2046","Spain",2006,100
"2047","Spain",2007,100
"2048","Spain",2008,100
"2049","Spain",2009,100
"2050","Spain",2010,100
"2051","Spain",2011,100
"2052","Spain",2012,100
"2053","Spain",2013,100
"2054","Spain",2014,100
"2055","Spain",2015,100
"2056","Spain",2016,100
"2057","Sri Lanka",1990,52.93764114
"2058","Sri Lanka",1991,54.63951111
"2059","Sri Lanka",1992,56.34087372
"2060","Sri Lanka",1993,58.03917313
"2061","Sri Lanka",1994,59.73135757
"2062","Sri Lanka",1995,61.41436386
"2063","Sri Lanka",1996,63.0851326
"2064","Sri Lanka",1997,64.74060822
"2065","Sri Lanka",1998,66.37773132
"2066","Sri Lanka",1999,67.99343109
"2067","Sri Lanka",2000,69.58618927
"2068","Sri Lanka",2001,63.6
"2069","Sri Lanka",2002,80.7
"2070","Sri Lanka",2003,74.27824402
"2071","Sri Lanka",2004,75.8337326
"2072","Sri Lanka",2005,77.39506531
"2073","Sri Lanka",2006,78.9683075
"2074","Sri Lanka",2007,80
"2075","Sri Lanka",2008,82.17324829
"2076","Sri Lanka",2009,83.80799866
"2077","Sri Lanka",2010,85.3
"2078","Sri Lanka",2011,87.76
"2079","Sri Lanka",2012,88.80839539
"2080","Sri Lanka",2013,90.2
"2081","Sri Lanka",2014,92.19206238
"2082","Sri Lanka",2015,93.88990021
"2083","Sri Lanka",2016,95.58823395
"2084","Suriname",1990,100
"2085","Suriname",1991,100
"2086","Suriname",1992,100
"2087","Suriname",1993,100
"2088","Suriname",1994,99.99056244
"2089","Suriname",1995,99.92409515
"2090","Suriname",1996,99.71331787
"2091","Suriname",1997,99.30543518
"2092","Suriname",1998,98.74053955
"2093","Suriname",1999,99.62406
"2094","Suriname",2000,97.44142914
"2095","Suriname",2001,96.74906921
"2096","Suriname",2002,96.04437256
"2097","Suriname",2003,95.33338928
"2098","Suriname",2004,94.62218475
"2099","Suriname",2005,93.91681671
"2100","Suriname",2006,91.01983989
"2101","Suriname",2007,92.54787445
"2102","Suriname",2008,91.89490509
"2103","Suriname",2009,91.26296234
"2104","Suriname",2010,91.19751586
"2105","Suriname",2011,90.05014801
"2106","Suriname",2012,89.46326447
"2107","Suriname",2013,88.88539124
"2108","Suriname",2014,88.31352997
"2109","Suriname",2015,87.74467468
"2110","Suriname",2016,87.17631531
"2111","Sweden",1990,100
"2112","Sweden",1991,100
"2113","Sweden",1992,100
"2114","Sweden",1993,100
"2115","Sweden",1994,100
"2116","Sweden",1995,100
"2117","Sweden",1996,100
"2118","Sweden",1997,100
"2119","Sweden",1998,100
"2120","Sweden",1999,100
"2121","Sweden",2000,100
"2122","Sweden",2001,100
"2123","Sweden",2002,100
"2124","Sweden",2003,100
"2125","Sweden",2004,100
"2126","Sweden",2005,100
"2127","Sweden",2006,100
"2128","Sweden",2007,100
"2129","Sweden",2008,100
"2130","Sweden",2009,100
"2131","Sweden",2010,100
"2132","Sweden",2011,100
"2133","Sweden",2012,100
"2134","Sweden",2013,100
"2135","Sweden",2014,100
"2136","Sweden",2015,100
"2137","Sweden",2016,100
"2138","Switzerland",1990,100
"2139","Switzerland",1991,100
"2140","Switzerland",1992,100
"2141","Switzerland",1993,100
"2142","Switzerland",1994,100
"2143","Switzerland",1995,100
"2144","Switzerland",1996,100
"2145","Switzerland",1997,100
"2146","Switzerland",1998,100
"2147","Switzerland",1999,100
"2148","Switzerland",2000,100
"2149","Switzerland",2001,100
"2150","Switzerland",2002,100
"2151","Switzerland",2003,100
"2152","Switzerland",2004,100
"2153","Switzerland",2005,100
"2154","Switzerland",2006,100
"2155","Switzerland",2007,100
"2156","Switzerland",2008,100
"2157","Switzerland",2009,100
"2158","Switzerland",2010,100
"2159","Switzerland",2011,100
"2160","Switzerland",2012,100
"2161","Switzerland",2013,100
"2162","Switzerland",2014,100
"2163","Switzerland",2015,100
"2164","Switzerland",2016,100
"2165","Thailand",1990,75.89871216
"2166","Thailand",1991,77.06542206
"2167","Thailand",1992,78.23162079
"2168","Thailand",1993,79.39476013
"2169","Thailand",1994,80.55178833
"2170","Thailand",1995,81.69963074
"2171","Thailand",1996,82.8352356
"2172","Thailand",1997,83.95555115
"2173","Thailand",1998,85.05751038
"2174","Thailand",1999,86.13805389
"2175","Thailand",2000,82.1
"2176","Thailand",2001,88.23482513
"2177","Thailand",2002,89.26166534
"2178","Thailand",2003,90.2822113
"2179","Thailand",2004,91.30254364
"2180","Thailand",2005,92.32872009
"2181","Thailand",2006,99.14620148
"2182","Thailand",2007,94.42284393
"2183","Thailand",2008,95.50141144
"2184","Thailand",2009,98.96
"2185","Thailand",2010,99.7
"2186","Thailand",2011,98.71641541
"2187","Thailand",2012,99.10862355
"2188","Thailand",2013,99.85569763
"2189","Thailand",2014,99.98166656
"2190","Thailand",2015,99.6
"2191","Thailand",2016,100
"2192","Trinidad and Tobago",1990,82.70045471
"2193","Trinidad and Tobago",1991,83.61853027
"2194","Trinidad and Tobago",1992,84.53608704
"2195","Trinidad and Tobago",1993,85.45059204
"2196","Trinidad and Tobago",1994,86.35897827
"2197","Trinidad and Tobago",1995,87.25817871
"2198","Trinidad and Tobago",1996,88.14514923
"2199","Trinidad and Tobago",1997,89.01682281
"2200","Trinidad and Tobago",1998,89.87014771
"2201","Trinidad and Tobago",1999,90.70204926
"2202","Trinidad and Tobago",2000,91.29
"2203","Trinidad and Tobago",2001,92.30155182
"2204","Trinidad and Tobago",2002,93.07975006
"2205","Trinidad and Tobago",2003,93.85166168
"2206","Trinidad and Tobago",2004,94.62335205
"2207","Trinidad and Tobago",2005,95.40088654
"2208","Trinidad and Tobago",2006,96.19033051
"2209","Trinidad and Tobago",2007,96.99773407
"2210","Trinidad and Tobago",2008,97.82766724
"2211","Trinidad and Tobago",2009,99
"2212","Trinidad and Tobago",2010,99.29836273
"2213","Trinidad and Tobago",2011,99.73614502
"2214","Trinidad and Tobago",2012,99.93693542
"2215","Trinidad and Tobago",2013,99.99293518
"2216","Trinidad and Tobago",2014,100
"2217","Trinidad and Tobago",2015,100
"2218","Trinidad and Tobago",2016,100
"2219","Turkey",1990,88.78113556
"2220","Turkey",1991,89.4154129
"2221","Turkey",1992,90.04917908
"2222","Turkey",1993,90.67989349
"2223","Turkey",1994,91.30448914
"2224","Turkey",1995,91.91989899
"2225","Turkey",1996,92.52307892
"2226","Turkey",1997,93.11096191
"2227","Turkey",1998,93.68048859
"2228","Turkey",1999,94.22860718
"2229","Turkey",2000,94.75376892
"2230","Turkey",2001,95.26052094
"2231","Turkey",2002,95.75492859
"2232","Turkey",2003,96.24304962
"2233","Turkey",2004,96.7309494
"2234","Turkey",2005,97.2246933
"2235","Turkey",2006,97.73033905
"2236","Turkey",2007,98.26985168
"2237","Turkey",2008,98.80690002
"2238","Turkey",2009,99.31074524
"2239","Turkey",2010,100
"2240","Turkey",2011,99.91078186
"2241","Turkey",2012,99.98565674
"2242","Turkey",2013,99.99925232
"2243","Turkey",2014,100
"2244","Turkey",2015,100
"2245","Turkey",2016,100
"2246","Turkmenistan",1990,98.61314392
"2247","Turkmenistan",1991,98.74869537
"2248","Turkmenistan",1992,98.88275146
"2249","Turkmenistan",1993,99.01324463
"2250","Turkmenistan",1994,99.13754272
"2251","Turkmenistan",1995,99.25263977
"2252","Turkmenistan",1996,99.35549927
"2253","Turkmenistan",1997,99.44309998
"2254","Turkmenistan",1998,99.51256561
"2255","Turkmenistan",1999,99.56173706
"2256","Turkmenistan",2000,99.6
"2257","Turkmenistan",2001,99.60073853
"2258","Turkmenistan",2002,99.60073853
"2259","Turkmenistan",2003,99.60051727
"2260","Turkmenistan",2004,99.5998764
"2261","Turkmenistan",2005,99.5998764
"2262","Turkmenistan",2006,99.8413328
"2263","Turkmenistan",2007,99.63609314
"2264","Turkmenistan",2008,99.68326569
"2265","Turkmenistan",2009,99.74977112
"2266","Turkmenistan",2010,100
"2267","Turkmenistan",2011,99.90586853
"2268","Turkmenistan",2012,99.96212006
"2269","Turkmenistan",2013,99.99034119
"2270","Turkmenistan",2014,99.99884796
"2271","Turkmenistan",2015,100
"2272","Turkmenistan",2016,100
"2273","Ukraine",1990,98.00318909
"2274","Ukraine",1991,98.17831421
"2275","Ukraine",1992,98.35194397
"2276","Ukraine",1993,98.52201843
"2277","Ukraine",1994,98.68586731
"2278","Ukraine",1995,98.84054565
"2279","Ukraine",1996,98.98297119
"2280","Ukraine",1997,99.11013794
"2281","Ukraine",1998,99.21923065
"2282","Ukraine",1999,99.30841064
"2283","Ukraine",2000,99.37786865
"2284","Ukraine",2001,99.43040466
"2285","Ukraine",2002,99.47088623
"2286","Ukraine",2003,99.50511169
"2287","Ukraine",2004,99.53910828
"2288","Ukraine",2005,99.8855617
"2289","Ukraine",2006,99.63037109
"2290","Ukraine",2007,99.8
"2291","Ukraine",2008,99.78270721
"2292","Ukraine",2009,99.8724823
"2293","Ukraine",2010,99.94507599
"2294","Ukraine",2011,99.98504639
"2295","Ukraine",2012,99.86749117
"2296","Ukraine",2013,100
"2297","Ukraine",2014,100
"2298","Ukraine",2015,100
"2299","Ukraine",2016,100
"2300","United Arab Emirates",1990,100
"2301","United Arab Emirates",1991,100
"2302","United Arab Emirates",1992,100
"2303","United Arab Emirates",1993,100
"2304","United Arab Emirates",1994,100
"2305","United Arab Emirates",1995,100
"2306","United Arab Emirates",1996,100
"2307","United Arab Emirates",1997,100
"2308","United Arab Emirates",1998,100
"2309","United Arab Emirates",1999,100
"2310","United Arab Emirates",2000,100
"2311","United Arab Emirates",2001,100
"2312","United Arab Emirates",2002,100
"2313","United Arab Emirates",2003,100
"2314","United Arab Emirates",2004,100
"2315","United Arab Emirates",2005,100
"2316","United Arab Emirates",2006,100
"2317","United Arab Emirates",2007,100
"2318","United Arab Emirates",2008,100
"2319","United Arab Emirates",2009,100
"2320","United Arab Emirates",2010,100
"2321","United Arab Emirates",2011,100
"2322","United Arab Emirates",2012,100
"2323","United Arab Emirates",2013,100
"2324","United Arab Emirates",2014,100
"2325","United Arab Emirates",2015,100
"2326","United Arab Emirates",2016,100
"2327","United Kingdom",1990,100
"2328","United Kingdom",1991,100
"2329","United Kingdom",1992,100
"2330","United Kingdom",1993,100
"2331","United Kingdom",1994,100
"2332","United Kingdom",1995,100
"2333","United Kingdom",1996,100
"2334","United Kingdom",1997,100
"2335","United Kingdom",1998,100
"2336","United Kingdom",1999,100
"2337","United Kingdom",2000,100
"2338","United Kingdom",2001,100
"2339","United Kingdom",2002,100
"2340","United Kingdom",2003,100
"2341","United Kingdom",2004,100
"2342","United Kingdom",2005,100
"2343","United Kingdom",2006,100
"2344","United Kingdom",2007,100
"2345","United Kingdom",2008,100
"2346","United Kingdom",2009,100
"2347","United Kingdom",2010,100
"2348","United Kingdom",2011,100
"2349","United Kingdom",2012,100
"2350","United Kingdom",2013,100
"2351","United Kingdom",2014,100
"2352","United Kingdom",2015,100
"2353","United Kingdom",2016,100
"2354","United States",1990,100
"2355","United States",1991,100
"2356","United States",1992,100
"2357","United States",1993,100
"2358","United States",1994,100
"2359","United States",1995,100
"2360","United States",1996,100
"2361","United States",1997,100
"2362","United States",1998,100
"2363","United States",1999,100
"2364","United States",2000,100
"2365","United States",2001,100
"2366","United States",2002,100
"2367","United States",2003,99.9999999999999
"2368","United States",2004,100
"2369","United States",2005,100
"2370","United States",2006,100
"2371","United States",2007,100
"2372","United States",2008,100
"2373","United States",2009,100
"2374","United States",2010,100
"2375","United States",2011,100
"2376","United States",2012,100
"2377","United States",2013,100
"2378","United States",2014,100
"2379","United States",2015,100
"2380","United States",2016,100
"2381","Uruguay",1990,96.29027557
"2382","Uruguay",1991,96.50038147
"2383","Uruguay",1992,96.70998383
"2384","Uruguay",1993,96.91652679
"2385","Uruguay",1994,97.11695099
"2386","Uruguay",1995,97.30819702
"2387","Uruguay",1996,97.48720551
"2388","Uruguay",1997,97.65092468
"2389","Uruguay",1998,97.79627991
"2390","Uruguay",1999,97.92022705
"2391","Uruguay",2000,98.00775146
"2392","Uruguay",2001,98.09456635
"2393","Uruguay",2002,98.16932678
"2394","Uruguay",2003,98.23783112
"2395","Uruguay",2004,98.3061142
"2396","Uruguay",2005,98.38021851
"2397","Uruguay",2006,98.505426
"2398","Uruguay",2007,98.692636
"2399","Uruguay",2008,98.784355
"2400","Uruguay",2009,98.83069611
"2401","Uruguay",2010,98.98948669
"2402","Uruguay",2011,99.17
"2403","Uruguay",2012,99.34907532
"2404","Uruguay",2013,99.611808
"2405","Uruguay",2014,99.657085
"2406","Uruguay",2015,99.70948
"2407","Uruguay",2016,100
"2408","Uzbekistan",1990,98.41362
"2409","Uzbekistan",1991,98.57321167
"2410","Uzbekistan",1992,98.73130798
"2411","Uzbekistan",1993,98.885849
"2412","Uzbekistan",1994,99.03417969
"2413","Uzbekistan",1995,99.17332458
"2414","Uzbekistan",1996,99.6
"2415","Uzbekistan",1997,99.41186523
"2416","Uzbekistan",1998,99.50543213
"2417","Uzbekistan",1999,99.5790863
"2418","Uzbekistan",2000,99.63301849
"2419","Uzbekistan",2001,99.67003632
"2420","Uzbekistan",2002,99.7
"2421","Uzbekistan",2003,99.71368408
"2422","Uzbekistan",2004,99.73215485
"2423","Uzbekistan",2005,99.75644684
"2424","Uzbekistan",2006,99.4900961
"2425","Uzbekistan",2007,99.84310913
"2426","Uzbekistan",2008,99.9029541
"2427","Uzbekistan",2009,99.95549774
"2428","Uzbekistan",2010,99.98669434
"2429","Uzbekistan",2011,99.99790955
"2430","Uzbekistan",2012,99.99990845
"2431","Uzbekistan",2013,100
"2432","Uzbekistan",2014,100
"2433","Uzbekistan",2015,100
"2434","Uzbekistan",2016,100
