"","Country","Year","female_life_expectancy"
"1","Albania",1985,74.15
"2","Albania",1986,74.488
"3","Albania",1987,74.741
"4","Albania",1988,74.902
"5","Albania",1989,74.978
"6","Albania",1990,74.992
"7","Albania",1991,74.981
"8","Albania",1992,74.985
"9","Albania",1993,75.039
"10","Albania",1994,75.158
"11","Albania",1995,75.352
"12","Albania",1996,75.618
"13","Albania",1997,75.931
"14","Albania",1998,76.269
"15","Albania",1999,76.616
"16","Albania",2000,76.953
"17","Albania",2001,77.264
"18","Albania",2002,77.541
"19","Albania",2003,77.782
"20","Albania",2004,77.988
"21","Albania",2005,78.17
"22","Albania",2006,78.344
"23","Albania",2007,78.528
"24","Albania",2008,78.733
"25","Albania",2009,78.962
"26","Albania",2010,79.209
"27","Albania",2011,79.462
"28","Albania",2012,79.705
"29","Albania",2013,79.927
"30","Albania",2014,80.124
"31","Albania",2015,80.297
"32","Albania",2016,80.451
"33","Antigua and Barbuda",1985,72.574
"34","Antigua and Barbuda",1986,72.826
"35","Antigua and Barbuda",1987,73.073
"36","Antigua and Barbuda",1988,73.316
"37","Antigua and Barbuda",1989,73.555
"38","Antigua and Barbuda",1990,73.79
"39","Antigua and Barbuda",1991,74.022
"40","Antigua and Barbuda",1992,74.251
"41","Antigua and Barbuda",1993,74.476
"42","Antigua and Barbuda",1994,74.697
"43","Antigua and Barbuda",1995,74.914
"44","Antigua and Barbuda",1996,75.128
"45","Antigua and Barbuda",1997,75.338
"46","Antigua and Barbuda",1998,75.545
"47","Antigua and Barbuda",1999,75.747
"48","Antigua and Barbuda",2000,75.947
"49","Antigua and Barbuda",2001,76.144
"50","Antigua and Barbuda",2002,76.338
"51","Antigua and Barbuda",2003,76.53
"52","Antigua and Barbuda",2004,76.719
"53","Antigua and Barbuda",2005,76.906
"54","Antigua and Barbuda",2006,77.091
"55","Antigua and Barbuda",2007,77.273
"56","Antigua and Barbuda",2008,77.452
"57","Antigua and Barbuda",2009,77.628
"58","Antigua and Barbuda",2010,77.8
"59","Antigua and Barbuda",2011,77.967
"60","Antigua and Barbuda",2012,78.129
"61","Antigua and Barbuda",2013,78.287
"62","Antigua and Barbuda",2014,78.44
"63","Antigua and Barbuda",2015,78.59
"64","Antigua and Barbuda",2016,78.738
"65","Argentina",1985,74.206
"66","Argentina",1986,74.387
"67","Argentina",1987,74.569
"68","Argentina",1988,74.762
"69","Argentina",1989,74.969
"70","Argentina",1990,75.191
"71","Argentina",1991,75.426
"72","Argentina",1992,75.666
"73","Argentina",1993,75.905
"74","Argentina",1994,76.142
"75","Argentina",1995,76.377
"76","Argentina",1996,76.611
"77","Argentina",1997,76.844
"78","Argentina",1998,77.079
"79","Argentina",1999,77.313
"80","Argentina",2000,77.544
"81","Argentina",2001,77.769
"82","Argentina",2002,77.987
"83","Argentina",2003,78.194
"84","Argentina",2004,78.392
"85","Argentina",2005,78.581
"86","Argentina",2006,78.761
"87","Argentina",2007,78.936
"88","Argentina",2008,79.107
"89","Argentina",2009,79.275
"90","Argentina",2010,79.439
"91","Argentina",2011,79.599
"92","Argentina",2012,79.752
"93","Argentina",2013,79.899
"94","Argentina",2014,80.04
"95","Argentina",2015,80.177
"96","Argentina",2016,80.31
"97","Armenia",1985,72.251
"98","Armenia",1986,71.7
"99","Armenia",1987,71.232
"100","Armenia",1988,70.908
"101","Armenia",1989,70.755
"102","Armenia",1990,70.782
"103","Armenia",1991,70.969
"104","Armenia",1992,71.26
"105","Armenia",1993,71.607
"106","Armenia",1994,71.985
"107","Armenia",1995,72.38
"108","Armenia",1996,72.787
"109","Armenia",1997,73.21
"110","Armenia",1998,73.643
"111","Armenia",1999,74.07
"112","Armenia",2000,74.469
"113","Armenia",2001,74.817
"114","Armenia",2002,75.106
"115","Armenia",2003,75.335
"116","Armenia",2004,75.509
"117","Armenia",2005,75.642
"118","Armenia",2006,75.757
"119","Armenia",2007,75.88
"120","Armenia",2008,76.027
"121","Armenia",2009,76.206
"122","Armenia",2010,76.415
"123","Armenia",2011,76.644
"124","Armenia",2012,76.874
"125","Armenia",2013,77.091
"126","Armenia",2014,77.292
"127","Armenia",2015,77.474
"128","Armenia",2016,77.64
"129","Aruba",1985,75.556
"130","Aruba",1986,75.663
"131","Aruba",1987,75.754
"132","Aruba",1988,75.827
"133","Aruba",1989,75.886
"134","Aruba",1990,75.932
"135","Aruba",1991,75.969
"136","Aruba",1992,76.002
"137","Aruba",1993,76.033
"138","Aruba",1994,76.066
"139","Aruba",1995,76.1
"140","Aruba",1996,76.133
"141","Aruba",1997,76.164
"142","Aruba",1998,76.192
"143","Aruba",1999,76.221
"144","Aruba",2000,76.257
"145","Aruba",2001,76.307
"146","Aruba",2002,76.375
"147","Aruba",2003,76.465
"148","Aruba",2004,76.575
"149","Aruba",2005,76.703
"150","Aruba",2006,76.845
"151","Aruba",2007,76.992
"152","Aruba",2008,77.14
"153","Aruba",2009,77.285
"154","Aruba",2010,77.425
"155","Aruba",2011,77.561
"156","Aruba",2012,77.695
"157","Aruba",2013,77.83
"158","Aruba",2014,77.965
"159","Aruba",2015,78.1
"160","Aruba",2016,78.236
"161","Australia",1985,79.02
"162","Australia",1986,79.2
"163","Australia",1987,79.44
"164","Australia",1988,79.68
"165","Australia",1989,79.92
"166","Australia",1990,80.16
"167","Australia",1991,80.4
"168","Australia",1992,80.4
"169","Australia",1993,80.9
"170","Australia",1994,80.9
"171","Australia",1995,80.8
"172","Australia",1996,81.1
"173","Australia",1997,81.4
"174","Australia",1998,81.5
"175","Australia",1999,81.8
"176","Australia",2000,82
"177","Australia",2001,82.4
"178","Australia",2002,82.6
"179","Australia",2003,82.8
"180","Australia",2004,83
"181","Australia",2005,83.3
"182","Australia",2006,83.5
"183","Australia",2007,83.7
"184","Australia",2008,83.7
"185","Australia",2009,83.9
"186","Australia",2010,84
"187","Australia",2011,84.2
"188","Australia",2012,84.3
"189","Australia",2013,84.3
"190","Australia",2014,84.4
"191","Australia",2015,84.5
"192","Australia",2016,84.6
"193","Austria",1985,77.4
"194","Austria",1986,77.8
"195","Austria",1987,78.2
"196","Austria",1988,78.7
"197","Austria",1989,78.8
"198","Austria",1990,79
"199","Austria",1991,79.1
"200","Austria",1992,79.3
"201","Austria",1993,79.5
"202","Austria",1994,79.8
"203","Austria",1995,80.1
"204","Austria",1996,80.2
"205","Austria",1997,80.7
"206","Austria",1998,81
"207","Austria",1999,81
"208","Austria",2000,81.2
"209","Austria",2001,81.7
"210","Austria",2002,81.7
"211","Austria",2003,81.5
"212","Austria",2004,82.1
"213","Austria",2005,82.2
"214","Austria",2006,82.8
"215","Austria",2007,83.1
"216","Austria",2008,83.3
"217","Austria",2009,83.2
"218","Austria",2010,83.5
"219","Austria",2011,83.8
"220","Austria",2012,83.6
"221","Austria",2013,83.8
"222","Austria",2014,84
"223","Austria",2015,83.7
"224","Austria",2016,83.4
"225","Azerbaijan",1985,68.142
"226","Azerbaijan",1986,68.309
"227","Azerbaijan",1987,68.463
"228","Azerbaijan",1988,68.598
"229","Azerbaijan",1989,68.714
"230","Azerbaijan",1990,68.817
"231","Azerbaijan",1991,68.917
"232","Azerbaijan",1992,69.024
"233","Azerbaijan",1993,69.148
"234","Azerbaijan",1994,69.286
"235","Azerbaijan",1995,69.428
"236","Azerbaijan",1996,69.553
"237","Azerbaijan",1997,69.653
"238","Azerbaijan",1998,69.729
"239","Azerbaijan",1999,69.797
"240","Azerbaijan",2000,69.891
"241","Azerbaijan",2001,70.06
"242","Azerbaijan",2002,70.33
"243","Azerbaijan",2003,70.713
"244","Azerbaijan",2004,71.2
"245","Azerbaijan",2005,71.76
"246","Azerbaijan",2006,72.347
"247","Azerbaijan",2007,72.91
"248","Azerbaijan",2008,73.405
"249","Azerbaijan",2009,73.813
"250","Azerbaijan",2010,74.127
"251","Azerbaijan",2011,74.355
"252","Azerbaijan",2012,74.527
"253","Azerbaijan",2013,74.672
"254","Azerbaijan",2014,74.801
"255","Azerbaijan",2015,74.924
"256","Azerbaijan",2016,75.046
"257","Bahrain",1985,72.705
"258","Bahrain",1986,72.913
"259","Bahrain",1987,73.107
"260","Bahrain",1988,73.292
"261","Bahrain",1989,73.472
"262","Bahrain",1990,73.651
"263","Bahrain",1991,73.831
"264","Bahrain",1992,74.011
"265","Bahrain",1993,74.19
"266","Bahrain",1994,74.37
"267","Bahrain",1995,74.55
"268","Bahrain",1996,74.73
"269","Bahrain",1997,74.909
"270","Bahrain",1998,75.085
"271","Bahrain",1999,75.258
"272","Bahrain",2000,75.43
"273","Bahrain",2001,75.601
"274","Bahrain",2002,75.771
"275","Bahrain",2003,75.942
"276","Bahrain",2004,76.112
"277","Bahrain",2005,76.282
"278","Bahrain",2006,76.45
"279","Bahrain",2007,76.615
"280","Bahrain",2008,76.776
"281","Bahrain",2009,76.933
"282","Bahrain",2010,77.087
"283","Bahrain",2011,77.239
"284","Bahrain",2012,77.39
"285","Bahrain",2013,77.542
"286","Bahrain",2014,77.693
"287","Bahrain",2015,77.844
"288","Bahrain",2016,77.995
"289","Barbados",1985,72.257
"290","Barbados",1986,72.517
"291","Barbados",1987,72.771
"292","Barbados",1988,73.02
"293","Barbados",1989,73.264
"294","Barbados",1990,73.505
"295","Barbados",1991,73.741
"296","Barbados",1992,73.974
"297","Barbados",1993,74.202
"298","Barbados",1994,74.425
"299","Barbados",1995,74.641
"300","Barbados",1996,74.849
"301","Barbados",1997,75.048
"302","Barbados",1998,75.237
"303","Barbados",1999,75.418
"304","Barbados",2000,75.592
"305","Barbados",2001,75.76
"306","Barbados",2002,75.927
"307","Barbados",2003,76.094
"308","Barbados",2004,76.261
"309","Barbados",2005,76.431
"310","Barbados",2006,76.603
"311","Barbados",2007,76.776
"312","Barbados",2008,76.949
"313","Barbados",2009,77.122
"314","Barbados",2010,77.293
"315","Barbados",2011,77.461
"316","Barbados",2012,77.626
"317","Barbados",2013,77.787
"318","Barbados",2014,77.945
"319","Barbados",2015,78.099
"320","Barbados",2016,78.251
"321","Belarus",1985,75.5
"322","Belarus",1986,75.98
"323","Belarus",1987,75.6
"324","Belarus",1988,75.9
"325","Belarus",1989,76.4
"326","Belarus",1990,75.6
"327","Belarus",1991,75.5
"328","Belarus",1992,75.4
"329","Belarus",1993,74.4
"330","Belarus",1994,74.3
"331","Belarus",1995,74.3
"332","Belarus",1996,74.3
"333","Belarus",1997,74.3
"334","Belarus",1998,74.4
"335","Belarus",1999,73.9
"336","Belarus",2000,74.7
"337","Belarus",2001,74.5
"338","Belarus",2002,74.1
"339","Belarus",2003,74.7
"340","Belarus",2004,75
"341","Belarus",2005,75.1
"342","Belarus",2006,75.5
"343","Belarus",2007,76.2
"344","Belarus",2008,76.5
"345","Belarus",2009,76.4
"346","Belarus",2010,76.5
"347","Belarus",2011,76.7
"348","Belarus",2012,77.6
"349","Belarus",2013,77.9
"350","Belarus",2014,78.4
"351","Belarus",2015,78.9
"352","Belarus",2016,79
"353","Belgium",1985,78.08
"354","Belgium",1986,78.23
"355","Belgium",1987,78.9
"356","Belgium",1988,79.1
"357","Belgium",1989,79.09
"358","Belgium",1990,79.54
"359","Belgium",1991,79.67
"360","Belgium",1992,79.87
"361","Belgium",1993,79.9
"362","Belgium",1994,80.19
"363","Belgium",1995,80.38
"364","Belgium",1996,80.66
"365","Belgium",1997,80.7
"366","Belgium",1998,80.7
"367","Belgium",1999,81
"368","Belgium",2000,81
"369","Belgium",2001,81.2
"370","Belgium",2002,81.2
"371","Belgium",2003,81.1
"372","Belgium",2004,81.9
"373","Belgium",2005,81.9
"374","Belgium",2006,82.3
"375","Belgium",2007,82.6
"376","Belgium",2008,82.6
"377","Belgium",2009,82.8
"378","Belgium",2010,83
"379","Belgium",2011,83.3
"380","Belgium",2012,83.1
"381","Belgium",2013,83.2
"382","Belgium",2014,83.9
"383","Belgium",2015,83.4
"384","Belgium",2016,83.4
"385","Belize",1985,73.132
"386","Belize",1986,73.361
"387","Belize",1987,73.527
"388","Belize",1988,73.624
"389","Belize",1989,73.645
"390","Belize",1990,73.584
"391","Belize",1991,73.431
"392","Belize",1992,73.199
"393","Belize",1993,72.907
"394","Belize",1994,72.578
"395","Belize",1995,72.244
"396","Belize",1996,71.937
"397","Belize",1997,71.68
"398","Belize",1998,71.493
"399","Belize",1999,71.387
"400","Belize",2000,71.364
"401","Belize",2001,71.421
"402","Belize",2002,71.532
"403","Belize",2003,71.674
"404","Belize",2004,71.832
"405","Belize",2005,71.989
"406","Belize",2006,72.133
"407","Belize",2007,72.258
"408","Belize",2008,72.364
"409","Belize",2009,72.453
"410","Belize",2010,72.533
"411","Belize",2011,72.616
"412","Belize",2012,72.716
"413","Belize",2013,72.845
"414","Belize",2014,73.003
"415","Belize",2015,73.189
"416","Belize",2016,73.396
"417","Bosnia and Herzegovina",1985,74.079
"418","Bosnia and Herzegovina",1986,74.231
"419","Bosnia and Herzegovina",1987,74.322
"420","Bosnia and Herzegovina",1988,74.35
"421","Bosnia and Herzegovina",1989,74.331
"422","Bosnia and Herzegovina",1990,74.296
"423","Bosnia and Herzegovina",1991,74.291
"424","Bosnia and Herzegovina",1992,74.351
"425","Bosnia and Herzegovina",1993,74.499
"426","Bosnia and Herzegovina",1994,74.739
"427","Bosnia and Herzegovina",1995,75.063
"428","Bosnia and Herzegovina",1996,75.447
"429","Bosnia and Herzegovina",1997,75.85
"430","Bosnia and Herzegovina",1998,76.238
"431","Bosnia and Herzegovina",1999,76.593
"432","Bosnia and Herzegovina",2000,76.899
"433","Bosnia and Herzegovina",2001,77.151
"434","Bosnia and Herzegovina",2002,77.36
"435","Bosnia and Herzegovina",2003,77.537
"436","Bosnia and Herzegovina",2004,77.687
"437","Bosnia and Herzegovina",2005,77.816
"438","Bosnia and Herzegovina",2006,77.934
"439","Bosnia and Herzegovina",2007,78.047
"440","Bosnia and Herzegovina",2008,78.165
"441","Bosnia and Herzegovina",2009,78.291
"442","Bosnia and Herzegovina",2010,78.43
"443","Bosnia and Herzegovina",2011,78.58
"444","Bosnia and Herzegovina",2012,78.739
"445","Bosnia and Herzegovina",2013,78.901
"446","Bosnia and Herzegovina",2014,79.065
"447","Bosnia and Herzegovina",2015,79.232
"448","Bosnia and Herzegovina",2016,79.398
"449","Brazil",1985,67.088
"450","Brazil",1986,67.493
"451","Brazil",1987,67.907
"452","Brazil",1988,68.327
"453","Brazil",1989,68.754
"454","Brazil",1990,69.191
"455","Brazil",1991,69.641
"456","Brazil",1992,70.107
"457","Brazil",1993,70.589
"458","Brazil",1994,71.083
"459","Brazil",1995,71.584
"460","Brazil",1996,72.085
"461","Brazil",1997,72.581
"462","Brazil",1998,73.062
"463","Brazil",1999,73.527
"464","Brazil",2000,73.969
"465","Brazil",2001,74.388
"466","Brazil",2002,74.788
"467","Brazil",2003,75.17
"468","Brazil",2004,75.537
"469","Brazil",2005,75.892
"470","Brazil",2006,76.241
"471","Brazil",2007,76.585
"472","Brazil",2008,76.926
"473","Brazil",2009,77.262
"474","Brazil",2010,77.589
"475","Brazil",2011,77.901
"476","Brazil",2012,78.193
"477","Brazil",2013,78.462
"478","Brazil",2014,78.707
"479","Brazil",2015,78.932
"480","Brazil",2016,79.139
"481","Bulgaria",1985,74.46
"482","Bulgaria",1986,75.06
"483","Bulgaria",1987,74.81
"484","Bulgaria",1988,74.99
"485","Bulgaria",1989,75.19
"486","Bulgaria",1990,75.15
"487","Bulgaria",1991,74.88
"488","Bulgaria",1992,75.09
"489","Bulgaria",1993,75.26
"490","Bulgaria",1994,75.25
"491","Bulgaria",1995,74.9
"492","Bulgaria",1996,74.58
"493","Bulgaria",1997,73.87
"494","Bulgaria",1998,74.8
"495","Bulgaria",1999,75.1
"496","Bulgaria",2000,75.3
"497","Bulgaria",2001,75.2
"498","Bulgaria",2002,75.4
"499","Bulgaria",2003,75.6
"500","Bulgaria",2004,76.2
"501","Bulgaria",2005,76.3
"502","Bulgaria",2006,76.3
"503","Bulgaria",2007,76.3
"504","Bulgaria",2008,76.6
"505","Bulgaria",2009,77.1
"506","Bulgaria",2010,77.2
"507","Bulgaria",2011,77.8
"508","Bulgaria",2012,77.9
"509","Bulgaria",2013,78.6
"510","Bulgaria",2014,78
"511","Bulgaria",2015,78.2
"512","Bulgaria",2016,78.2
"513","Cabo Verde",1985,64.758
"514","Cabo Verde",1986,65.085
"515","Cabo Verde",1987,65.413
"516","Cabo Verde",1988,65.734
"517","Cabo Verde",1989,66.052
"518","Cabo Verde",1990,66.371
"519","Cabo Verde",1991,66.695
"520","Cabo Verde",1992,67.03
"521","Cabo Verde",1993,67.385
"522","Cabo Verde",1994,67.767
"523","Cabo Verde",1995,68.196
"524","Cabo Verde",1996,68.694
"525","Cabo Verde",1997,69.263
"526","Cabo Verde",1998,69.891
"527","Cabo Verde",1999,70.556
"528","Cabo Verde",2000,71.22
"529","Cabo Verde",2001,71.837
"530","Cabo Verde",2002,72.368
"531","Cabo Verde",2003,72.791
"532","Cabo Verde",2004,73.098
"533","Cabo Verde",2005,73.294
"534","Cabo Verde",2006,73.401
"535","Cabo Verde",2007,73.459
"536","Cabo Verde",2008,73.505
"537","Cabo Verde",2009,73.56
"538","Cabo Verde",2010,73.642
"539","Cabo Verde",2011,73.758
"540","Cabo Verde",2012,73.902
"541","Cabo Verde",2013,74.069
"542","Cabo Verde",2014,74.257
"543","Cabo Verde",2015,74.465
"544","Cabo Verde",2016,74.687
"545","Canada",1985,79.73
"546","Canada",1986,79.8
"547","Canada",1987,80.12
"548","Canada",1988,80.2
"549","Canada",1989,80.4
"550","Canada",1990,80.65
"551","Canada",1991,80.77
"552","Canada",1992,80.02
"553","Canada",1993,80.83
"554","Canada",1994,80.93
"555","Canada",1995,81.02
"556","Canada",1996,81.15
"557","Canada",1997,81.4
"558","Canada",1998,81.5
"559","Canada",1999,81.7
"560","Canada",2000,81.9
"561","Canada",2001,82.1
"562","Canada",2002,82.1
"563","Canada",2003,82.4
"564","Canada",2004,82.6
"565","Canada",2005,82.7
"566","Canada",2006,82.7
"567","Canada",2007,82.9
"568","Canada",2008,83
"569","Canada",2009,83.2
"570","Canada",2010,83.4
"571","Canada",2011,83.6
"572","Canada",2012,83.704
"573","Canada",2013,83.849
"574","Canada",2014,83.988
"575","Canada",2015,84.123
"576","Canada",2016,84.253
"577","Chile",1985,74.964
"578","Chile",1986,75.331
"579","Chile",1987,75.674
"580","Chile",1988,76.006
"581","Chile",1989,76.332
"582","Chile",1990,76.661
"583","Chile",1991,76.992
"584","Chile",1992,77.323
"585","Chile",1993,77.65
"586","Chile",1994,77.971
"587","Chile",1995,78.287
"588","Chile",1996,78.598
"589","Chile",1997,78.9
"590","Chile",1998,79.191
"591","Chile",1999,79.468
"592","Chile",2000,79.723
"593","Chile",2001,79.952
"594","Chile",2002,80.152
"595","Chile",2003,80.324
"596","Chile",2004,80.469
"597","Chile",2005,80.59
"598","Chile",2006,80.691
"599","Chile",2007,80.779
"600","Chile",2008,80.863
"601","Chile",2009,80.948
"602","Chile",2010,81.042
"603","Chile",2011,81.151
"604","Chile",2012,81.275
"605","Chile",2013,81.415
"606","Chile",2014,81.569
"607","Chile",2015,81.736
"608","Chile",2016,81.913
"609","Colombia",1985,71.153
"610","Colombia",1986,71.439
"611","Colombia",1987,71.68
"612","Colombia",1988,71.909
"613","Colombia",1989,72.141
"614","Colombia",1990,72.384
"615","Colombia",1991,72.638
"616","Colombia",1992,72.894
"617","Colombia",1993,73.144
"618","Colombia",1994,73.389
"619","Colombia",1995,73.63
"620","Colombia",1996,73.87
"621","Colombia",1997,74.107
"622","Colombia",1998,74.345
"623","Colombia",1999,74.583
"624","Colombia",2000,74.823
"625","Colombia",2001,75.066
"626","Colombia",2002,75.313
"627","Colombia",2003,75.561
"628","Colombia",2004,75.807
"629","Colombia",2005,76.047
"630","Colombia",2006,76.275
"631","Colombia",2007,76.486
"632","Colombia",2008,76.681
"633","Colombia",2009,76.86
"634","Colombia",2010,77.025
"635","Colombia",2011,77.181
"636","Colombia",2012,77.336
"637","Colombia",2013,77.493
"638","Colombia",2014,77.656
"639","Colombia",2015,77.823
"640","Colombia",2016,77.996
"641","Costa Rica",1985,77.248
"642","Costa Rica",1986,77.546
"643","Costa Rica",1987,77.791
"644","Costa Rica",1988,77.998
"645","Costa Rica",1989,78.178
"646","Costa Rica",1990,78.339
"647","Costa Rica",1991,78.491
"648","Costa Rica",1992,78.636
"649","Costa Rica",1993,78.779
"650","Costa Rica",1994,78.924
"651","Costa Rica",1995,79.074
"652","Costa Rica",1996,79.228
"653","Costa Rica",1997,79.383
"654","Costa Rica",1998,79.536
"655","Costa Rica",1999,79.685
"656","Costa Rica",2000,79.83
"657","Costa Rica",2001,79.97
"658","Costa Rica",2002,80.105
"659","Costa Rica",2003,80.236
"660","Costa Rica",2004,80.365
"661","Costa Rica",2005,80.495
"662","Costa Rica",2006,80.629
"663","Costa Rica",2007,80.771
"664","Costa Rica",2008,80.921
"665","Costa Rica",2009,81.08
"666","Costa Rica",2010,81.247
"667","Costa Rica",2011,81.419
"668","Costa Rica",2012,81.595
"669","Costa Rica",2013,81.77
"670","Costa Rica",2014,81.943
"671","Costa Rica",2015,82.112
"672","Costa Rica",2016,82.277
"673","Croatia",1985,74.83
"674","Croatia",1986,75.24
"675","Croatia",1987,75.24
"676","Croatia",1988,75.34
"677","Croatia",1989,75.64
"678","Croatia",1990,75.93
"679","Croatia",1991,75.95
"680","Croatia",1992,75.8
"681","Croatia",1993,76.04
"682","Croatia",1994,76.28
"683","Croatia",1995,76.52
"684","Croatia",1996,76.76
"685","Croatia",1997,76.9
"686","Croatia",1998,76.22
"687","Croatia",1999,76.55
"688","Croatia",2000,76.68
"689","Croatia",2001,78.17
"690","Croatia",2002,78.4
"691","Croatia",2003,78.23
"692","Croatia",2004,79.08
"693","Croatia",2005,78.83
"694","Croatia",2006,79.33
"695","Croatia",2007,79.25
"696","Croatia",2008,79.6
"697","Croatia",2009,79.6
"698","Croatia",2010,79.6
"699","Croatia",2011,79.9
"700","Croatia",2012,80.1
"701","Croatia",2013,80.2
"702","Croatia",2014,80.5
"703","Croatia",2015,80.4
"704","Croatia",2016,81.3
"705","Cuba",1985,76.338
"706","Cuba",1986,76.428
"707","Cuba",1987,76.489
"708","Cuba",1988,76.527
"709","Cuba",1989,76.551
"710","Cuba",1990,76.584
"711","Cuba",1991,76.651
"712","Cuba",1992,76.765
"713","Cuba",1993,76.936
"714","Cuba",1994,77.16
"715","Cuba",1995,77.425
"716","Cuba",1996,77.707
"717","Cuba",1997,77.98
"718","Cuba",1998,78.227
"719","Cuba",1999,78.447
"720","Cuba",2000,78.648
"721","Cuba",2001,78.851
"722","Cuba",2002,79.078
"723","Cuba",2003,79.34
"724","Cuba",2004,79.632
"725","Cuba",2005,79.942
"726","Cuba",2006,80.245
"727","Cuba",2007,80.52
"728","Cuba",2008,80.75
"729","Cuba",2009,80.932
"730","Cuba",2010,81.072
"731","Cuba",2011,81.181
"732","Cuba",2012,81.279
"733","Cuba",2013,81.384
"734","Cuba",2014,81.502
"735","Cuba",2015,81.635
"736","Cuba",2016,81.782
"737","Cyprus",1985,77.774
"738","Cyprus",1986,77.949
"739","Cyprus",1987,78.12
"740","Cyprus",1988,78.288
"741","Cyprus",1989,78.453
"742","Cyprus",1990,78.616
"743","Cyprus",1991,78.776
"744","Cyprus",1992,78.934
"745","Cyprus",1993,79.088
"746","Cyprus",1994,79.24
"747","Cyprus",1995,79.389
"748","Cyprus",1996,79.536
"749","Cyprus",1997,79.681
"750","Cyprus",1998,79.825
"751","Cyprus",1999,79.967
"752","Cyprus",2000,80.106
"753","Cyprus",2001,80.24
"754","Cyprus",2002,80.368
"755","Cyprus",2003,80.494
"756","Cyprus",2004,80.618
"757","Cyprus",2005,80.748
"758","Cyprus",2006,80.892
"759","Cyprus",2007,81.053
"760","Cyprus",2008,81.232
"761","Cyprus",2009,81.428
"762","Cyprus",2010,81.634
"763","Cyprus",2011,81.84
"764","Cyprus",2012,82.039
"765","Cyprus",2013,82.222
"766","Cyprus",2014,82.388
"767","Cyprus",2015,82.536
"768","Cyprus",2016,82.669
"769","Czech Republic",1985,74.77
"770","Czech Republic",1986,74.68
"771","Czech Republic",1987,75.2
"772","Czech Republic",1988,75.36
"773","Czech Republic",1989,75.43
"774","Czech Republic",1990,75.42
"775","Czech Republic",1991,75.75
"776","Czech Republic",1992,76.19
"777","Czech Republic",1993,76.43
"778","Czech Republic",1994,76.64
"779","Czech Republic",1995,76.65
"780","Czech Republic",1996,77.3
"781","Czech Republic",1997,77.4
"782","Czech Republic",1998,78.1
"783","Czech Republic",1999,78.1
"784","Czech Republic",2000,78.4
"785","Czech Republic",2001,78.4
"786","Czech Republic",2002,78.5
"787","Czech Republic",2003,78.5
"788","Czech Republic",2004,79
"789","Czech Republic",2005,79.1
"790","Czech Republic",2006,79.7
"791","Czech Republic",2007,79.9
"792","Czech Republic",2008,80.1
"793","Czech Republic",2009,80.1
"794","Czech Republic",2010,80.6
"795","Czech Republic",2011,81.1
"796","Czech Republic",2012,81.2
"797","Czech Republic",2013,81.3
"798","Czech Republic",2014,82
"799","Czech Republic",2015,81.6
"800","Czech Republic",2016,81.2
"801","Denmark",1985,77.47
"802","Denmark",1986,77.53
"803","Denmark",1987,77.79
"804","Denmark",1988,77.64
"805","Denmark",1989,77.75
"806","Denmark",1990,77.73
"807","Denmark",1991,77.98
"808","Denmark",1992,77.96
"809","Denmark",1993,77.77
"810","Denmark",1994,78.1
"811","Denmark",1995,77.83
"812","Denmark",1996,78.26
"813","Denmark",1997,78.46
"814","Denmark",1998,78.7
"815","Denmark",1999,78.8
"816","Denmark",2000,79
"817","Denmark",2001,79.2
"818","Denmark",2002,79.2
"819","Denmark",2003,79.5
"820","Denmark",2004,79.9
"821","Denmark",2005,80.2
"822","Denmark",2006,80.4
"823","Denmark",2007,80.5
"824","Denmark",2008,80.7
"825","Denmark",2009,80.8
"826","Denmark",2010,81.2
"827","Denmark",2011,81.9
"828","Denmark",2012,82.1
"829","Denmark",2013,82.4
"830","Denmark",2014,82.8
"831","Denmark",2015,82.7
"832","Denmark",2016,82.6
"833","Dominica",1987,73.5
"834","Dominica",1988,74.248
"835","Dominica",1989,74.6060000000001
"836","Dominica",1990,74.9640000000001
"837","Dominica",1991,75.3220000000001
"838","Dominica",1992,76
"839","Dominica",1993,76.038
"840","Dominica",1994,76.3960000000001
"841","Dominica",1995,76.754
"842","Dominica",1996,77.1120000000001
"843","Dominica",1997,78
"844","Dominica",1998,77.8280000000001
"845","Dominica",1999,78.186
"846","Dominica",2000,78.5440000000001
"847","Dominica",2001,78.902
"848","Dominica",2002,78.8
"849","Ecuador",1985,68.373
"850","Ecuador",1986,69.034
"851","Ecuador",1987,69.684
"852","Ecuador",1988,70.319
"853","Ecuador",1989,70.932
"854","Ecuador",1990,71.521
"855","Ecuador",1991,72.086
"856","Ecuador",1992,72.627
"857","Ecuador",1993,73.146
"858","Ecuador",1994,73.641
"859","Ecuador",1995,74.111
"860","Ecuador",1996,74.556
"861","Ecuador",1997,74.975
"862","Ecuador",1998,75.368
"863","Ecuador",1999,75.733
"864","Ecuador",2000,76.066
"865","Ecuador",2001,76.362
"866","Ecuador",2002,76.621
"867","Ecuador",2003,76.844
"868","Ecuador",2004,77.037
"869","Ecuador",2005,77.206
"870","Ecuador",2006,77.356
"871","Ecuador",2007,77.497
"872","Ecuador",2008,77.636
"873","Ecuador",2009,77.781
"874","Ecuador",2010,77.936
"875","Ecuador",2011,78.107
"876","Ecuador",2012,78.29
"877","Ecuador",2013,78.483
"878","Ecuador",2014,78.685
"879","Ecuador",2015,78.895
"880","Ecuador",2016,79.109
"881","El Salvador",1985,64.907
"882","El Salvador",1986,65.692
"883","El Salvador",1987,66.513
"884","El Salvador",1988,67.344
"885","El Salvador",1989,68.163
"886","El Salvador",1990,68.944
"887","El Salvador",1991,69.66
"888","El Salvador",1992,70.304
"889","El Salvador",1993,70.871
"890","El Salvador",1994,71.36
"891","El Salvador",1995,71.775
"892","El Salvador",1996,72.129
"893","El Salvador",1997,72.446
"894","El Salvador",1998,72.744
"895","El Salvador",1999,73.038
"896","El Salvador",2000,73.335
"897","El Salvador",2001,73.638
"898","El Salvador",2002,73.944
"899","El Salvador",2003,74.25
"900","El Salvador",2004,74.556
"901","El Salvador",2005,74.865
"902","El Salvador",2006,75.175
"903","El Salvador",2007,75.484
"904","El Salvador",2008,75.791
"905","El Salvador",2009,76.093
"906","El Salvador",2010,76.387
"907","El Salvador",2011,76.67
"908","El Salvador",2012,76.942
"909","El Salvador",2013,77.201
"910","El Salvador",2014,77.447
"911","El Salvador",2015,77.682
"912","El Salvador",2016,77.907
"913","Estonia",1985,74.4
"914","Estonia",1986,74.9
"915","Estonia",1987,75.1
"916","Estonia",1988,75
"917","Estonia",1989,74.7
"918","Estonia",1990,74.7
"919","Estonia",1991,74.7
"920","Estonia",1992,74.6
"921","Estonia",1993,73.8
"922","Estonia",1994,72.8
"923","Estonia",1995,74.1
"924","Estonia",1996,75.4
"925","Estonia",1997,75.7
"926","Estonia",1998,75.3
"927","Estonia",1999,75.8
"928","Estonia",2000,76
"929","Estonia",2001,76.2
"930","Estonia",2002,77
"931","Estonia",2003,76.9
"932","Estonia",2004,77.8
"933","Estonia",2005,78.1
"934","Estonia",2006,78.3
"935","Estonia",2007,78.5
"936","Estonia",2008,79.2
"937","Estonia",2009,80.1
"938","Estonia",2010,80.5
"939","Estonia",2011,81.3
"940","Estonia",2012,81.5
"941","Estonia",2013,81.7
"942","Estonia",2014,81.9
"943","Estonia",2015,82.2
"944","Estonia",2016,82.5
"945","Fiji",1985,66.244
"946","Fiji",1986,66.532
"947","Fiji",1987,66.814
"948","Fiji",1988,67.092
"949","Fiji",1989,67.366
"950","Fiji",1990,67.635
"951","Fiji",1991,67.901
"952","Fiji",1992,68.164
"953","Fiji",1993,68.423
"954","Fiji",1994,68.679
"955","Fiji",1995,68.932
"956","Fiji",1996,69.182
"957","Fiji",1997,69.429
"958","Fiji",1998,69.673
"959","Fiji",1999,69.914
"960","Fiji",2000,70.153
"961","Fiji",2001,70.392
"962","Fiji",2002,70.63
"963","Fiji",2003,70.867
"964","Fiji",2004,71.103
"965","Fiji",2005,71.336
"966","Fiji",2006,71.566
"967","Fiji",2007,71.79
"968","Fiji",2008,72.008
"969","Fiji",2009,72.218
"970","Fiji",2010,72.421
"971","Fiji",2011,72.614
"972","Fiji",2012,72.8
"973","Fiji",2013,72.98
"974","Fiji",2014,73.153
"975","Fiji",2015,73.321
"976","Fiji",2016,73.485
"977","Finland",1985,78.51
"978","Finland",1986,78.76
"979","Finland",1987,78.71
"980","Finland",1988,78.69
"981","Finland",1989,78.9
"982","Finland",1990,78.88
"983","Finland",1991,79.32
"984","Finland",1992,79.43
"985","Finland",1993,79.48
"986","Finland",1994,80.15
"987","Finland",1995,80.21
"988","Finland",1996,80.54
"989","Finland",1997,80.51
"990","Finland",1998,80.84
"991","Finland",1999,81.02
"992","Finland",2000,81
"993","Finland",2001,81.5
"994","Finland",2002,81.5
"995","Finland",2003,81.8
"996","Finland",2004,82.3
"997","Finland",2005,82.3
"998","Finland",2006,82.8
"999","Finland",2007,82.9
"1000","Finland",2008,83
"1001","Finland",2009,83.1
"1002","Finland",2010,83.2
"1003","Finland",2011,83.8
"1004","Finland",2012,83.7
"1005","Finland",2013,84.1
"1006","Finland",2014,84.1
"1007","Finland",2015,84.4
"1008","Finland",2016,84.7
"1009","France",1985,79.5
"1010","France",1986,79.8
"1011","France",1987,80
"1012","France",1988,80.3
"1013","France",1989,80.6
"1014","France",1990,80.8
"1015","France",1991,81.1
"1016","France",1992,81.3
"1017","France",1993,81.5
"1018","France",1994,81.9
"1019","France",1995,81.9
"1020","France",1996,82
"1021","France",1997,82.3
"1022","France",1998,82.6
"1023","France",1999,82.7
"1024","France",2000,83
"1025","France",2001,83
"1026","France",2002,83
"1027","France",2003,82.7
"1028","France",2004,83.8
"1029","France",2005,83.8
"1030","France",2006,84.5
"1031","France",2007,84.8
"1032","France",2008,84.8
"1033","France",2009,85
"1034","France",2010,85.3
"1035","France",2011,85.7
"1036","France",2012,85.4
"1037","France",2013,85.6
"1038","France",2014,86
"1039","France",2015,85.5
"1040","France",2016,85.5
"1041","Georgia",1985,73.645
"1042","Georgia",1986,73.773
"1043","Georgia",1987,73.872
"1044","Georgia",1988,73.927
"1045","Georgia",1989,73.94
"1046","Georgia",1990,73.922
"1047","Georgia",1991,73.895
"1048","Georgia",1992,73.886
"1049","Georgia",1993,73.916
"1050","Georgia",1994,73.995
"1051","Georgia",1995,74.131
"1052","Georgia",1996,74.328
"1053","Georgia",1997,74.571
"1054","Georgia",1998,74.842
"1055","Georgia",1999,75.13
"1056","Georgia",2000,75.415
"1057","Georgia",2001,75.68
"1058","Georgia",2002,75.913
"1059","Georgia",2003,76.107
"1060","Georgia",2004,76.259
"1061","Georgia",2005,76.37
"1062","Georgia",2006,76.449
"1063","Georgia",2007,76.512
"1064","Georgia",2008,76.572
"1065","Georgia",2009,76.638
"1066","Georgia",2010,76.717
"1067","Georgia",2011,76.813
"1068","Georgia",2012,76.924
"1069","Georgia",2013,77.047
"1070","Georgia",2014,77.183
"1071","Georgia",2015,77.329
"1072","Georgia",2016,77.482
"1073","Germany",1985,77.346
"1074","Germany",1986,77.601
"1075","Germany",1987,77.849
"1076","Germany",1988,78.09
"1077","Germany",1989,78.325
"1078","Germany",1990,78.556
"1079","Germany",1991,78.7
"1080","Germany",1992,79.2
"1081","Germany",1993,79.2
"1082","Germany",1994,79.6
"1083","Germany",1995,79.7
"1084","Germany",1996,79.9
"1085","Germany",1997,80.3
"1086","Germany",1998,80.6
"1087","Germany",1999,80.8
"1088","Germany",2000,81
"1089","Germany",2001,81.3
"1090","Germany",2002,81.2
"1091","Germany",2003,81.3
"1092","Germany",2004,81.6
"1093","Germany",2005,81.8
"1094","Germany",2006,82
"1095","Germany",2007,82.3
"1096","Germany",2008,82.4
"1097","Germany",2009,82.5
"1098","Germany",2010,82.6
"1099","Germany",2011,83.1
"1100","Germany",2012,83.1
"1101","Germany",2013,83
"1102","Germany",2014,83.6
"1103","Germany",2015,83.1
"1104","Germany",2016,83.1
"1105","Greece",1985,78.438
"1106","Greece",1986,78.66
"1107","Greece",1987,78.868
"1108","Greece",1988,79.073
"1109","Greece",1989,79.3
"1110","Greece",1990,79.5
"1111","Greece",1991,79.8
"1112","Greece",1992,80.2
"1113","Greece",1993,79.9
"1114","Greece",1994,80.2
"1115","Greece",1995,80.3
"1116","Greece",1996,80.4
"1117","Greece",1997,80.8
"1118","Greece",1998,80.4
"1119","Greece",1999,80.6
"1120","Greece",2000,80.5
"1121","Greece",2001,81
"1122","Greece",2002,81.1
"1123","Greece",2003,81.3
"1124","Greece",2004,81.6
"1125","Greece",2005,81.8
"1126","Greece",2006,82
"1127","Greece",2007,82
"1128","Greece",2008,82.5
"1129","Greece",2009,82.8
"1130","Greece",2010,83
"1131","Greece",2011,83.6
"1132","Greece",2012,83.4
"1133","Greece",2013,84
"1134","Greece",2014,84.1
"1135","Greece",2015,83.7
"1136","Greece",2016,83.7
"1137","Grenada",1985,69.748
"1138","Grenada",1986,69.967
"1139","Grenada",1987,70.18
"1140","Grenada",1988,70.387
"1141","Grenada",1989,70.589
"1142","Grenada",1990,70.784
"1143","Grenada",1991,70.972
"1144","Grenada",1992,71.152
"1145","Grenada",1993,71.327
"1146","Grenada",1994,71.498
"1147","Grenada",1995,71.669
"1148","Grenada",1996,71.846
"1149","Grenada",1997,72.029
"1150","Grenada",1998,72.222
"1151","Grenada",1999,72.426
"1152","Grenada",2000,72.641
"1153","Grenada",2001,72.865
"1154","Grenada",2002,73.096
"1155","Grenada",2003,73.33
"1156","Grenada",2004,73.566
"1157","Grenada",2005,73.805
"1158","Grenada",2006,74.047
"1159","Grenada",2007,74.293
"1160","Grenada",2008,74.541
"1161","Grenada",2009,74.788
"1162","Grenada",2010,75.029
"1163","Grenada",2011,75.257
"1164","Grenada",2012,75.469
"1165","Grenada",2013,75.663
"1166","Grenada",2014,75.838
"1167","Grenada",2015,75.997
"1168","Grenada",2016,76.142
"1169","Guatemala",1985,62.069
"1170","Guatemala",1986,62.683
"1171","Guatemala",1987,63.304
"1172","Guatemala",1988,63.927
"1173","Guatemala",1989,64.549
"1174","Guatemala",1990,65.171
"1175","Guatemala",1991,65.796
"1176","Guatemala",1992,66.424
"1177","Guatemala",1993,67.054
"1178","Guatemala",1994,67.682
"1179","Guatemala",1995,68.3
"1180","Guatemala",1996,68.903
"1181","Guatemala",1997,69.484
"1182","Guatemala",1998,70.039
"1183","Guatemala",1999,70.561
"1184","Guatemala",2000,71.046
"1185","Guatemala",2001,71.489
"1186","Guatemala",2002,71.892
"1187","Guatemala",2003,72.263
"1188","Guatemala",2004,72.608
"1189","Guatemala",2005,72.937
"1190","Guatemala",2006,73.265
"1191","Guatemala",2007,73.599
"1192","Guatemala",2008,73.946
"1193","Guatemala",2009,74.305
"1194","Guatemala",2010,74.674
"1195","Guatemala",2011,75.041
"1196","Guatemala",2012,75.396
"1197","Guatemala",2013,75.729
"1198","Guatemala",2014,76.037
"1199","Guatemala",2015,76.32
"1200","Guatemala",2016,76.582
"1201","Guyana",1985,66.264
"1202","Guyana",1986,66.403
"1203","Guyana",1987,66.535
"1204","Guyana",1988,66.661
"1205","Guyana",1989,66.78
"1206","Guyana",1990,66.893
"1207","Guyana",1991,67.002
"1208","Guyana",1992,67.11
"1209","Guyana",1993,67.217
"1210","Guyana",1994,67.325
"1211","Guyana",1995,67.432
"1212","Guyana",1996,67.538
"1213","Guyana",1997,67.639
"1214","Guyana",1998,67.734
"1215","Guyana",1999,67.823
"1216","Guyana",2000,67.905
"1217","Guyana",2001,67.98
"1218","Guyana",2002,68.05
"1219","Guyana",2003,68.115
"1220","Guyana",2004,68.176
"1221","Guyana",2005,68.231
"1222","Guyana",2006,68.28
"1223","Guyana",2007,68.323
"1224","Guyana",2008,68.362
"1225","Guyana",2009,68.401
"1226","Guyana",2010,68.445
"1227","Guyana",2011,68.501
"1228","Guyana",2012,68.573
"1229","Guyana",2013,68.663
"1230","Guyana",2014,68.772
"1231","Guyana",2015,68.897
"1232","Guyana",2016,69.035
"1233","Hungary",1985,73.08
"1234","Hungary",1986,73.23
"1235","Hungary",1987,73.8
"1236","Hungary",1988,74.08
"1237","Hungary",1989,73.8
"1238","Hungary",1990,73.7
"1239","Hungary",1991,73.91
"1240","Hungary",1992,73.86
"1241","Hungary",1993,73.88
"1242","Hungary",1994,74.31
"1243","Hungary",1995,74.55
"1244","Hungary",1996,74.79
"1245","Hungary",1997,75.22
"1246","Hungary",1998,75.186
"1247","Hungary",1999,75.21
"1248","Hungary",2000,75.6
"1249","Hungary",2001,76.5
"1250","Hungary",2002,76.6
"1251","Hungary",2003,76.5
"1252","Hungary",2004,76.9
"1253","Hungary",2005,76.9
"1254","Hungary",2006,77.4
"1255","Hungary",2007,77.3
"1256","Hungary",2008,77.8
"1257","Hungary",2009,77.9
"1258","Hungary",2010,78.1
"1259","Hungary",2011,78.7
"1260","Hungary",2012,78.7
"1261","Hungary",2013,79.1
"1262","Hungary",2014,79.4
"1263","Hungary",2015,79
"1264","Hungary",2016,79
"1265","Iceland",1985,80.44
"1266","Iceland",1986,80.69
"1267","Iceland",1987,79.9
"1268","Iceland",1988,79.9
"1269","Iceland",1989,80.2
"1270","Iceland",1990,80.71
"1271","Iceland",1991,81.27
"1272","Iceland",1992,80.85
"1273","Iceland",1993,80.84
"1274","Iceland",1994,81.47
"1275","Iceland",1995,80.11
"1276","Iceland",1996,81.18
"1277","Iceland",1997,81.6
"1278","Iceland",1998,81.6
"1279","Iceland",1999,81.4
"1280","Iceland",2000,81.6
"1281","Iceland",2001,83.2
"1282","Iceland",2002,82.5
"1283","Iceland",2003,82.5
"1284","Iceland",2004,83.2
"1285","Iceland",2005,83.5
"1286","Iceland",2006,82.9
"1287","Iceland",2007,83.4
"1288","Iceland",2008,83.3
"1289","Iceland",2009,83.8
"1290","Iceland",2010,84.1
"1291","Iceland",2011,84.1
"1292","Iceland",2012,84.3
"1293","Iceland",2013,83.7
"1294","Iceland",2014,84.5
"1295","Iceland",2015,83.8
"1296","Iceland",2016,83.8
"1297","Ireland",1985,76.667
"1298","Ireland",1986,76.874
"1299","Ireland",1987,77.08
"1300","Ireland",1988,77.288
"1301","Ireland",1989,77.498
"1302","Ireland",1990,77.703
"1303","Ireland",1991,77.892
"1304","Ireland",1992,78.06
"1305","Ireland",1993,78.208
"1306","Ireland",1994,78.341
"1307","Ireland",1995,78.471
"1308","Ireland",1996,78.7
"1309","Ireland",1997,78.7
"1310","Ireland",1998,79.1
"1311","Ireland",1999,78.9
"1312","Ireland",2000,79.2
"1313","Ireland",2001,79.9
"1314","Ireland",2002,80.4
"1315","Ireland",2003,80.7
"1316","Ireland",2004,81.1
"1317","Ireland",2005,81.3
"1318","Ireland",2006,81.7
"1319","Ireland",2007,82.1
"1320","Ireland",2008,82.4
"1321","Ireland",2009,82.7
"1322","Ireland",2010,83.1
"1323","Ireland",2011,83
"1324","Ireland",2012,83.1
"1325","Ireland",2013,83.1
"1326","Ireland",2014,83.5
"1327","Ireland",2015,83.4
"1328","Ireland",2016,83.4
"1329","Israel",1985,77
"1330","Israel",1986,76.8
"1331","Israel",1987,77
"1332","Israel",1988,75
"1333","Israel",1989,78.1
"1334","Israel",1990,78.4
"1335","Israel",1991,78.5
"1336","Israel",1992,78.4
"1337","Israel",1993,79.1
"1338","Israel",1994,79.4
"1339","Israel",1995,79.5
"1340","Israel",1996,80
"1341","Israel",1997,80.1
"1342","Israel",1998,80.3
"1343","Israel",1999,80.4
"1344","Israel",2000,80.9
"1345","Israel",2001,81.2
"1346","Israel",2002,81.5
"1347","Israel",2003,81.8
"1348","Israel",2004,82.4
"1349","Israel",2005,82.2
"1350","Israel",2006,82.5
"1351","Israel",2007,82.4
"1352","Israel",2008,83
"1353","Israel",2009,83.3
"1354","Israel",2010,83.6
"1355","Israel",2011,83.5
"1356","Israel",2012,83.6
"1357","Israel",2013,83.9
"1358","Israel",2014,84.1
"1359","Israel",2015,84.1
"1360","Israel",2016,84.2
"1361","Italy",1985,78.8
"1362","Italy",1986,79.1
"1363","Italy",1987,79.6
"1364","Italy",1988,79.7
"1365","Italy",1989,80.2
"1366","Italy",1990,80.3
"1367","Italy",1991,80.4
"1368","Italy",1992,80.8
"1369","Italy",1993,81
"1370","Italy",1994,81.2
"1371","Italy",1995,81.5
"1372","Italy",1996,81.8
"1373","Italy",1997,82
"1374","Italy",1998,82.1
"1375","Italy",1999,82.6
"1376","Italy",2000,82.8
"1377","Italy",2001,83.2
"1378","Italy",2002,83.2
"1379","Italy",2003,82.8
"1380","Italy",2004,83.7
"1381","Italy",2005,83.6
"1382","Italy",2006,84.1
"1383","Italy",2007,84.2
"1384","Italy",2008,84.2
"1385","Italy",2009,84.3
"1386","Italy",2010,84.7
"1387","Italy",2011,84.8
"1388","Italy",2012,84.8
"1389","Italy",2013,85.2
"1390","Italy",2014,85.6
"1391","Italy",2015,84.9
"1392","Italy",2016,84.9
"1393","Jamaica",1985,73.947
"1394","Jamaica",1986,74.017
"1395","Jamaica",1987,74.074
"1396","Jamaica",1988,74.131
"1397","Jamaica",1989,74.194
"1398","Jamaica",1990,74.264
"1399","Jamaica",1991,74.338
"1400","Jamaica",1992,74.41
"1401","Jamaica",1993,74.478
"1402","Jamaica",1994,74.545
"1403","Jamaica",1995,74.614
"1404","Jamaica",1996,74.69
"1405","Jamaica",1997,74.779
"1406","Jamaica",1998,74.886
"1407","Jamaica",1999,75.013
"1408","Jamaica",2000,75.162
"1409","Jamaica",2001,75.335
"1410","Jamaica",2002,75.53
"1411","Jamaica",2003,75.741
"1412","Jamaica",2004,75.965
"1413","Jamaica",2005,76.199
"1414","Jamaica",2006,76.44
"1415","Jamaica",2007,76.685
"1416","Jamaica",2008,76.928
"1417","Jamaica",2009,77.164
"1418","Jamaica",2010,77.388
"1419","Jamaica",2011,77.595
"1420","Jamaica",2012,77.785
"1421","Jamaica",2013,77.957
"1422","Jamaica",2014,78.114
"1423","Jamaica",2015,78.256
"1424","Jamaica",2016,78.389
"1425","Japan",1985,80.57
"1426","Japan",1986,81.02
"1427","Japan",1987,81.48
"1428","Japan",1988,81.37
"1429","Japan",1989,81.84
"1430","Japan",1990,81.91
"1431","Japan",1991,82.22
"1432","Japan",1992,82.35
"1433","Japan",1993,82.5
"1434","Japan",1994,82.96
"1435","Japan",1995,82.84
"1436","Japan",1996,83.55
"1437","Japan",1997,83.82
"1438","Japan",1998,84.01
"1439","Japan",1999,83.9
"1440","Japan",2000,84.6
"1441","Japan",2001,84.9
"1442","Japan",2002,85.2
"1443","Japan",2003,85.33
"1444","Japan",2004,85.59
"1445","Japan",2005,85.49
"1446","Japan",2006,85.81
"1447","Japan",2007,85.99
"1448","Japan",2008,86.05
"1449","Japan",2009,86.44
"1450","Japan",2010,86.3
"1451","Japan",2011,85.9
"1452","Japan",2012,86.41
"1453","Japan",2013,86.61
"1454","Japan",2014,86.83
"1455","Japan",2015,86.99
"1456","Japan",2016,87.14
"1457","Kazakhstan",1985,73.3
"1458","Kazakhstan",1986,73.6
"1459","Kazakhstan",1987,73.9
"1460","Kazakhstan",1988,73.1
"1461","Kazakhstan",1989,72.9
"1462","Kazakhstan",1990,73.1
"1463","Kazakhstan",1991,72.9
"1464","Kazakhstan",1992,72.7
"1465","Kazakhstan",1993,71.9
"1466","Kazakhstan",1994,71
"1467","Kazakhstan",1995,70.4
"1468","Kazakhstan",1996,70
"1469","Kazakhstan",1997,70.2
"1470","Kazakhstan",1998,70.4
"1471","Kazakhstan",1999,71
"1472","Kazakhstan",2000,71.1
"1473","Kazakhstan",2001,71.3
"1474","Kazakhstan",2002,71.5
"1475","Kazakhstan",2003,71.5
"1476","Kazakhstan",2004,71.65
"1477","Kazakhstan",2005,71.8
"1478","Kazakhstan",2006,72
"1479","Kazakhstan",2007,72.6
"1480","Kazakhstan",2008,72.4
"1481","Kazakhstan",2009,73.5
"1482","Kazakhstan",2010,73.32
"1483","Kazakhstan",2011,73.81
"1484","Kazakhstan",2012,74.33
"1485","Kazakhstan",2013,75.06
"1486","Kazakhstan",2014,75.94
"1487","Kazakhstan",2015,76.9
"1488","Kazakhstan",2016,76.6
"1489","Kiribati",1985,60.517
"1490","Kiribati",1986,60.982
"1491","Kiribati",1987,61.502
"1492","Kiribati",1988,62.059
"1493","Kiribati",1989,62.637
"1494","Kiribati",1990,63.214
"1495","Kiribati",1991,63.771
"1496","Kiribati",1992,64.293
"1497","Kiribati",1993,64.77
"1498","Kiribati",1994,65.194
"1499","Kiribati",1995,65.565
"1500","Kiribati",1996,65.89
"1501","Kiribati",1997,66.185
"1502","Kiribati",1998,66.461
"1503","Kiribati",1999,66.722
"1504","Kiribati",2000,66.967
"1505","Kiribati",2001,67.192
"1506","Kiribati",2002,67.392
"1507","Kiribati",2003,67.566
"1508","Kiribati",2004,67.719
"1509","Kiribati",2005,67.854
"1510","Kiribati",2006,67.979
"1511","Kiribati",2007,68.101
"1512","Kiribati",2008,68.227
"1513","Kiribati",2009,68.361
"1514","Kiribati",2010,68.509
"1515","Kiribati",2011,68.672
"1516","Kiribati",2012,68.847
"1517","Kiribati",2013,69.032
"1518","Kiribati",2014,69.226
"1519","Kiribati",2015,69.425
"1520","Kiribati",2016,69.627
"1521","Kuwait",1985,72.434
"1522","Kuwait",1986,72.65
"1523","Kuwait",1987,72.847
"1524","Kuwait",1988,73.025
"1525","Kuwait",1989,73.185
"1526","Kuwait",1990,73.328
"1527","Kuwait",1991,73.455
"1528","Kuwait",1992,73.57
"1529","Kuwait",1993,73.675
"1530","Kuwait",1994,73.773
"1531","Kuwait",1995,73.865
"1532","Kuwait",1996,73.953
"1533","Kuwait",1997,74.036
"1534","Kuwait",1998,74.114
"1535","Kuwait",1999,74.189
"1536","Kuwait",2000,74.26
"1537","Kuwait",2001,74.326
"1538","Kuwait",2002,74.386
"1539","Kuwait",2003,74.443
"1540","Kuwait",2004,74.5
"1541","Kuwait",2005,74.562
"1542","Kuwait",2006,74.635
"1543","Kuwait",2007,74.722
"1544","Kuwait",2008,74.827
"1545","Kuwait",2009,74.948
"1546","Kuwait",2010,75.084
"1547","Kuwait",2011,75.232
"1548","Kuwait",2012,75.386
"1549","Kuwait",2013,75.541
"1550","Kuwait",2014,75.695
"1551","Kuwait",2015,75.846
"1552","Kuwait",2016,75.993
"1553","Latvia",1985,74.06
"1554","Latvia",1986,75.14
"1555","Latvia",1987,75.19
"1556","Latvia",1988,75.22
"1557","Latvia",1989,75.18
"1558","Latvia",1990,74.6
"1559","Latvia",1991,74.6
"1560","Latvia",1992,74.44
"1561","Latvia",1993,73.33
"1562","Latvia",1994,72.62
"1563","Latvia",1995,73.06
"1564","Latvia",1996,74.8
"1565","Latvia",1997,75.05
"1566","Latvia",1998,74.8
"1567","Latvia",1999,75.29
"1568","Latvia",2000,76
"1569","Latvia",2001,76.6
"1570","Latvia",2002,76.8
"1571","Latvia",2003,76.9
"1572","Latvia",2004,77.2
"1573","Latvia",2005,77.4
"1574","Latvia",2006,76.5
"1575","Latvia",2007,76.5
"1576","Latvia",2008,77.9
"1577","Latvia",2009,78.1
"1578","Latvia",2010,78.4
"1579","Latvia",2011,78.8
"1580","Latvia",2012,78.9
"1581","Latvia",2013,78.9
"1582","Latvia",2014,79.4
"1583","Latvia",2015,79.5
"1584","Latvia",2016,79.6
"1585","Lithuania",1985,75.49
"1586","Lithuania",1986,76.46
"1587","Lithuania",1987,76.36
"1588","Lithuania",1988,76.29
"1589","Lithuania",1989,76.24
"1590","Lithuania",1990,76.17
"1591","Lithuania",1991,75.86
"1592","Lithuania",1992,75.93
"1593","Lithuania",1993,74.98
"1594","Lithuania",1994,74.82
"1595","Lithuania",1995,75.04
"1596","Lithuania",1996,75.86
"1597","Lithuania",1997,76.62
"1598","Lithuania",1998,76.7
"1599","Lithuania",1999,77
"1600","Lithuania",2000,77.5
"1601","Lithuania",2001,77.6
"1602","Lithuania",2002,77.6
"1603","Lithuania",2003,77.9
"1604","Lithuania",2004,77.8
"1605","Lithuania",2005,77.4
"1606","Lithuania",2006,77.1
"1607","Lithuania",2007,77.2
"1608","Lithuania",2008,77.6
"1609","Lithuania",2009,78.6
"1610","Lithuania",2010,78.8
"1611","Lithuania",2011,79.3
"1612","Lithuania",2012,79.6
"1613","Lithuania",2013,79.6
"1614","Lithuania",2014,80.1
"1615","Lithuania",2015,79.7
"1616","Lithuania",2016,79.7
"1617","Luxembourg",1985,77.313
"1618","Luxembourg",1986,77.649
"1619","Luxembourg",1987,77.963
"1620","Luxembourg",1988,78.246
"1621","Luxembourg",1989,78.494
"1622","Luxembourg",1990,78.71
"1623","Luxembourg",1991,79.1
"1624","Luxembourg",1992,79.1
"1625","Luxembourg",1993,79.4
"1626","Luxembourg",1994,79.7
"1627","Luxembourg",1995,80.2
"1628","Luxembourg",1996,79.9
"1629","Luxembourg",1997,79.8
"1630","Luxembourg",1998,80.5
"1631","Luxembourg",1999,81.1
"1632","Luxembourg",2000,81.1
"1633","Luxembourg",2001,81
"1634","Luxembourg",2002,81.5
"1635","Luxembourg",2003,80.8
"1636","Luxembourg",2004,82.4
"1637","Luxembourg",2005,82.3
"1638","Luxembourg",2006,81.9
"1639","Luxembourg",2007,82.2
"1640","Luxembourg",2008,83.1
"1641","Luxembourg",2009,83.3
"1642","Luxembourg",2010,83.5
"1643","Luxembourg",2011,83.6
"1644","Luxembourg",2012,83.8
"1645","Luxembourg",2013,83.9
"1646","Luxembourg",2014,85.2
"1647","Luxembourg",2015,84.7
"1648","Luxembourg",2016,84.7
"1649","Maldives",1985,56.37
"1650","Maldives",1986,57.195
"1651","Maldives",1987,58.061
"1652","Maldives",1988,58.98
"1653","Maldives",1989,59.952
"1654","Maldives",1990,60.961
"1655","Maldives",1991,61.978
"1656","Maldives",1992,62.975
"1657","Maldives",1993,63.938
"1658","Maldives",1994,64.866
"1659","Maldives",1995,65.786
"1660","Maldives",1996,66.737
"1661","Maldives",1997,67.746
"1662","Maldives",1998,68.823
"1663","Maldives",1999,69.954
"1664","Maldives",2000,71.108
"1665","Maldives",2001,72.243
"1666","Maldives",2002,73.309
"1667","Maldives",2003,74.265
"1668","Maldives",2004,75.087
"1669","Maldives",2005,75.754
"1670","Maldives",2006,76.26
"1671","Maldives",2007,76.631
"1672","Maldives",2008,76.898
"1673","Maldives",2009,77.088
"1674","Maldives",2010,77.232
"1675","Maldives",2011,77.364
"1676","Maldives",2012,77.51
"1677","Maldives",2013,77.688
"1678","Maldives",2014,77.911
"1679","Maldives",2015,78.18
"1680","Maldives",2016,78.484
"1681","Malta",1985,76.607
"1682","Malta",1986,76.823
"1683","Malta",1987,77.037
"1684","Malta",1988,77.249
"1685","Malta",1989,77.461
"1686","Malta",1990,77.671
"1687","Malta",1991,77.88
"1688","Malta",1992,78.088
"1689","Malta",1993,78.293
"1690","Malta",1994,78.496
"1691","Malta",1995,79.6
"1692","Malta",1996,79.6
"1693","Malta",1997,80.1
"1694","Malta",1998,80
"1695","Malta",1999,79.4
"1696","Malta",2000,80.3
"1697","Malta",2001,81.2
"1698","Malta",2002,81.3
"1699","Malta",2003,80.8
"1700","Malta",2004,81.2
"1701","Malta",2005,81.4
"1702","Malta",2006,82
"1703","Malta",2007,82.2
"1704","Malta",2008,82.3
"1705","Malta",2009,82.7
"1706","Malta",2010,83.6
"1707","Malta",2011,83
"1708","Malta",2012,83
"1709","Malta",2013,84
"1710","Malta",2014,84.2
"1711","Malta",2015,84
"1712","Malta",2016,84
"1713","Mauritius",1985,72.206
"1714","Mauritius",1986,72.369
"1715","Mauritius",1987,72.561
"1716","Mauritius",1988,72.789
"1717","Mauritius",1989,73.05
"1718","Mauritius",1990,73.4
"1719","Mauritius",1991,73.9
"1720","Mauritius",1992,73.9
"1721","Mauritius",1993,74
"1722","Mauritius",1994,74
"1723","Mauritius",1995,74.28
"1724","Mauritius",1996,74.4
"1725","Mauritius",1997,74.4
"1726","Mauritius",1998,74.5
"1727","Mauritius",1999,74.7
"1728","Mauritius",2000,75.3
"1729","Mauritius",2001,75.3
"1730","Mauritius",2002,75.5
"1731","Mauritius",2003,75.63666667
"1732","Mauritius",2004,75.77333333
"1733","Mauritius",2005,75.91
"1734","Mauritius",2006,75.91
"1735","Mauritius",2007,76.11
"1736","Mauritius",2008,76.11
"1737","Mauritius",2009,76.56
"1738","Mauritius",2010,76.65
"1739","Mauritius",2011,76.97
"1740","Mauritius",2012,77.5
"1741","Mauritius",2013,77.5
"1742","Mauritius",2014,77.58
"1743","Mauritius",2015,77.79
"1744","Mauritius",2016,77.76
"1745","Mexico",1985,72.148
"1746","Mexico",1986,72.503
"1747","Mexico",1987,72.845
"1748","Mexico",1988,73.178
"1749","Mexico",1989,73.506
"1750","Mexico",1990,73.831
"1751","Mexico",1991,74.153
"1752","Mexico",1992,74.47
"1753","Mexico",1993,74.778
"1754","Mexico",1994,75.079
"1755","Mexico",1995,75.374
"1756","Mexico",1996,75.665
"1757","Mexico",1997,75.951
"1758","Mexico",1998,76.233
"1759","Mexico",1999,76.507
"1760","Mexico",2000,76.768
"1761","Mexico",2001,77.012
"1762","Mexico",2002,77.235
"1763","Mexico",2003,77.436
"1764","Mexico",2004,77.615
"1765","Mexico",2005,77.777
"1766","Mexico",2006,77.927
"1767","Mexico",2007,78.071
"1768","Mexico",2008,78.215
"1769","Mexico",2009,78.363
"1770","Mexico",2010,78.518
"1771","Mexico",2011,78.681
"1772","Mexico",2012,78.849
"1773","Mexico",2013,79.019
"1774","Mexico",2014,79.191
"1775","Mexico",2015,79.365
"1776","Mexico",2016,79.538
"1777","Mongolia",1985,60.781
"1778","Mongolia",1986,61.233
"1779","Mongolia",1987,61.69
"1780","Mongolia",1988,62.125
"1781","Mongolia",1989,62.522
"1782","Mongolia",1990,62.861
"1783","Mongolia",1991,63.124
"1784","Mongolia",1992,63.324
"1785","Mongolia",1993,63.481
"1786","Mongolia",1994,63.616
"1787","Mongolia",1995,63.769
"1788","Mongolia",1996,63.987
"1789","Mongolia",1997,64.3
"1790","Mongolia",1998,64.724
"1791","Mongolia",1999,65.258
"1792","Mongolia",2000,65.882
"1793","Mongolia",2001,66.561
"1794","Mongolia",2002,67.249
"1795","Mongolia",2003,67.907
"1796","Mongolia",2004,68.518
"1797","Mongolia",2005,69.079
"1798","Mongolia",2006,69.602
"1799","Mongolia",2007,70.11
"1800","Mongolia",2008,70.615
"1801","Mongolia",2009,71.116
"1802","Mongolia",2010,71.601
"1803","Mongolia",2011,72.053
"1804","Mongolia",2012,72.457
"1805","Mongolia",2013,72.806
"1806","Mongolia",2014,73.099
"1807","Mongolia",2015,73.342
"1808","Mongolia",2016,73.546
"1809","Montenegro",1985,76.763
"1810","Montenegro",1986,76.936
"1811","Montenegro",1987,77.141
"1812","Montenegro",1988,77.36
"1813","Montenegro",1989,77.574
"1814","Montenegro",1990,77.746
"1815","Montenegro",1991,77.832
"1816","Montenegro",1992,77.812
"1817","Montenegro",1993,77.68
"1818","Montenegro",1994,77.446
"1819","Montenegro",1995,77.142
"1820","Montenegro",1996,76.812
"1821","Montenegro",1997,76.508
"1822","Montenegro",1998,76.268
"1823","Montenegro",1999,76.11
"1824","Montenegro",2000,76.034
"1825","Montenegro",2001,76.018
"1826","Montenegro",2002,76.032
"1827","Montenegro",2003,76.055
"1828","Montenegro",2004,76.088
"1829","Montenegro",2005,76.152
"1830","Montenegro",2006,76.277
"1831","Montenegro",2007,76.484
"1832","Montenegro",2008,76.779
"1833","Montenegro",2009,77.152
"1834","Montenegro",2010,77.575
"1835","Montenegro",2011,78.012
"1836","Montenegro",2012,78.426
"1837","Montenegro",2013,78.786
"1838","Montenegro",2014,79.081
"1839","Montenegro",2015,79.308
"1840","Montenegro",2016,79.48
"1841","Netherlands",1985,79.66
"1842","Netherlands",1986,79.61
"1843","Netherlands",1987,80.06
"1844","Netherlands",1988,80.24
"1845","Netherlands",1989,79.92
"1846","Netherlands",1990,80.11
"1847","Netherlands",1991,80.15
"1848","Netherlands",1992,80.28
"1849","Netherlands",1993,80
"1850","Netherlands",1994,80.31
"1851","Netherlands",1995,80.36
"1852","Netherlands",1996,80.35
"1853","Netherlands",1997,80.55
"1854","Netherlands",1998,80.7
"1855","Netherlands",1999,80.5
"1856","Netherlands",2000,80.6
"1857","Netherlands",2001,80.7
"1858","Netherlands",2002,80.7
"1859","Netherlands",2003,80.9
"1860","Netherlands",2004,81.4
"1861","Netherlands",2005,81.6
"1862","Netherlands",2006,81.9
"1863","Netherlands",2007,82.3
"1864","Netherlands",2008,82.3
"1865","Netherlands",2009,82.7
"1866","Netherlands",2010,82.7
"1867","Netherlands",2011,83.1
"1868","Netherlands",2012,83
"1869","Netherlands",2013,83.2
"1870","Netherlands",2014,83.5
"1871","Netherlands",2015,83.2
"1872","Netherlands",2016,83.2
"1873","New Zealand",1985,76.8
"1874","New Zealand",1986,77.4
"1875","New Zealand",1987,77.2
"1876","New Zealand",1988,77.6
"1877","New Zealand",1989,78
"1878","New Zealand",1990,78.4
"1879","New Zealand",1991,78.9
"1880","New Zealand",1992,79.3
"1881","New Zealand",1993,79.2
"1882","New Zealand",1994,79.7
"1883","New Zealand",1995,79.5
"1884","New Zealand",1996,79.4
"1885","New Zealand",1997,80.1
"1886","New Zealand",1998,80.8
"1887","New Zealand",1999,80.4
"1888","New Zealand",2000,81.3
"1889","New Zealand",2001,81.1
"1890","New Zealand",2002,81.1
"1891","New Zealand",2003,81.4
"1892","New Zealand",2004,81.7
"1893","New Zealand",2005,81.9
"1894","New Zealand",2006,82.2
"1895","New Zealand",2007,82.2
"1896","New Zealand",2008,82.4
"1897","New Zealand",2009,82.7
"1898","New Zealand",2010,82.7
"1899","New Zealand",2011,82.8
"1900","New Zealand",2012,83
"1901","New Zealand",2013,83.2
"1902","New Zealand",2014,83.3
"1903","New Zealand",2015,83.27
"1904","New Zealand",2016,83.4
"1905","Nicaragua",1985,64.014
"1906","Nicaragua",1986,64.608
"1907","Nicaragua",1987,65.225
"1908","Nicaragua",1988,65.858
"1909","Nicaragua",1989,66.5
"1910","Nicaragua",1990,67.138
"1911","Nicaragua",1991,67.757
"1912","Nicaragua",1992,68.346
"1913","Nicaragua",1993,68.9
"1914","Nicaragua",1994,69.42
"1915","Nicaragua",1995,69.915
"1916","Nicaragua",1996,70.401
"1917","Nicaragua",1997,70.895
"1918","Nicaragua",1998,71.404
"1919","Nicaragua",1999,71.931
"1920","Nicaragua",2000,72.469
"1921","Nicaragua",2001,73.008
"1922","Nicaragua",2002,73.531
"1923","Nicaragua",2003,74.028
"1924","Nicaragua",2004,74.492
"1925","Nicaragua",2005,74.922
"1926","Nicaragua",2006,75.321
"1927","Nicaragua",2007,75.696
"1928","Nicaragua",2008,76.054
"1929","Nicaragua",2009,76.398
"1930","Nicaragua",2010,76.728
"1931","Nicaragua",2011,77.042
"1932","Nicaragua",2012,77.34
"1933","Nicaragua",2013,77.623
"1934","Nicaragua",2014,77.89
"1935","Nicaragua",2015,78.146
"1936","Nicaragua",2016,78.391
"1937","Norway",1985,79.41
"1938","Norway",1986,79.76
"1939","Norway",1987,79.58
"1940","Norway",1988,79.56
"1941","Norway",1989,79.84
"1942","Norway",1990,79.8
"1943","Norway",1991,80.1
"1944","Norway",1992,80.36
"1945","Norway",1993,80.23
"1946","Norway",1994,80.64
"1947","Norway",1995,80.82
"1948","Norway",1996,81.07
"1949","Norway",1997,80.97
"1950","Norway",1998,81.3
"1951","Norway",1999,81.1
"1952","Norway",2000,81.4
"1953","Norway",2001,81.5
"1954","Norway",2002,81.6
"1955","Norway",2003,81.9
"1956","Norway",2004,82.3
"1957","Norway",2005,82.5
"1958","Norway",2006,82.7
"1959","Norway",2007,82.7
"1960","Norway",2008,83
"1961","Norway",2009,83.1
"1962","Norway",2010,83.2
"1963","Norway",2011,83.6
"1964","Norway",2012,83.5
"1965","Norway",2013,83.8
"1966","Norway",2014,84.2
"1967","Norway",2015,84.2
"1968","Norway",2016,84.2
"1969","Oman",1985,65.804
"1970","Oman",1986,66.561
"1971","Oman",1987,67.279
"1972","Oman",1988,67.961
"1973","Oman",1989,68.61
"1974","Oman",1990,69.231
"1975","Oman",1991,69.827
"1976","Oman",1992,70.401
"1977","Oman",1993,70.958
"1978","Oman",1994,71.5
"1979","Oman",1995,72.029
"1980","Oman",1996,72.545
"1981","Oman",1997,73.046
"1982","Oman",1998,73.533
"1983","Oman",1999,74.005
"1984","Oman",2000,74.465
"1985","Oman",2001,74.915
"1986","Oman",2002,75.357
"1987","Oman",2003,75.789
"1988","Oman",2004,76.208
"1989","Oman",2005,76.609
"1990","Oman",2006,76.983
"1991","Oman",2007,77.327
"1992","Oman",2008,77.638
"1993","Oman",2009,77.919
"1994","Oman",2010,78.172
"1995","Oman",2011,78.405
"1996","Oman",2012,78.625
"1997","Oman",2013,78.84
"1998","Oman",2014,79.055
"1999","Oman",2015,79.271
"2000","Oman",2016,79.489
"2001","Panama",1985,74.615
"2002","Panama",1986,74.944
"2003","Panama",1987,75.25
"2004","Panama",1988,75.531
"2005","Panama",1989,75.788
"2006","Panama",1990,76.018
"2007","Panama",1991,76.221
"2008","Panama",1992,76.4
"2009","Panama",1993,76.561
"2010","Panama",1994,76.709
"2011","Panama",1995,76.851
"2012","Panama",1996,76.996
"2013","Panama",1997,77.148
"2014","Panama",1998,77.311
"2015","Panama",1999,77.49
"2016","Panama",2000,77.686
"2017","Panama",2001,77.898
"2018","Panama",2002,78.122
"2019","Panama",2003,78.352
"2020","Panama",2004,78.586
"2021","Panama",2005,78.822
"2022","Panama",2006,79.058
"2023","Panama",2007,79.294
"2024","Panama",2008,79.527
"2025","Panama",2009,79.755
"2026","Panama",2010,79.976
"2027","Panama",2011,80.187
"2028","Panama",2012,80.387
"2029","Panama",2013,80.577
"2030","Panama",2014,80.757
"2031","Panama",2015,80.928
"2032","Panama",2016,81.092
"2033","Paraguay",1985,69.576
"2034","Paraguay",1986,69.7
"2035","Paraguay",1987,69.835
"2036","Paraguay",1988,69.983
"2037","Paraguay",1989,70.145
"2038","Paraguay",1990,70.318
"2039","Paraguay",1991,70.499
"2040","Paraguay",1992,70.682
"2041","Paraguay",1993,70.867
"2042","Paraguay",1994,71.051
"2043","Paraguay",1995,71.237
"2044","Paraguay",1996,71.431
"2045","Paraguay",1997,71.635
"2046","Paraguay",1998,71.852
"2047","Paraguay",1999,72.079
"2048","Paraguay",2000,72.314
"2049","Paraguay",2001,72.551
"2050","Paraguay",2002,72.784
"2051","Paraguay",2003,73.01
"2052","Paraguay",2004,73.227
"2053","Paraguay",2005,73.436
"2054","Paraguay",2006,73.64
"2055","Paraguay",2007,73.844
"2056","Paraguay",2008,74.048
"2057","Paraguay",2009,74.252
"2058","Paraguay",2010,74.451
"2059","Paraguay",2011,74.641
"2060","Paraguay",2012,74.817
"2061","Paraguay",2013,74.977
"2062","Paraguay",2014,75.12
"2063","Paraguay",2015,75.249
"2064","Paraguay",2016,75.368
"2065","Philippines",1985,66.42
"2066","Philippines",1986,66.805
"2067","Philippines",1987,67.165
"2068","Philippines",1988,67.493
"2069","Philippines",1989,67.785
"2070","Philippines",1990,68.046
"2071","Philippines",1991,68.286
"2072","Philippines",1992,68.518
"2073","Philippines",1993,68.751
"2074","Philippines",1994,68.99
"2075","Philippines",1995,69.234
"2076","Philippines",1996,69.478
"2077","Philippines",1997,69.714
"2078","Philippines",1998,69.937
"2079","Philippines",1999,70.144
"2080","Philippines",2000,70.336
"2081","Philippines",2001,70.513
"2082","Philippines",2002,70.679
"2083","Philippines",2003,70.836
"2084","Philippines",2004,70.986
"2085","Philippines",2005,71.131
"2086","Philippines",2006,71.27
"2087","Philippines",2007,71.404
"2088","Philippines",2008,71.534
"2089","Philippines",2009,71.662
"2090","Philippines",2010,71.791
"2091","Philippines",2011,71.923
"2092","Philippines",2012,72.06
"2093","Philippines",2013,72.202
"2094","Philippines",2014,72.349
"2095","Philippines",2015,72.502
"2096","Philippines",2016,72.658
"2097","Poland",1985,74.8
"2098","Poland",1986,75.1
"2099","Poland",1987,75.2
"2100","Poland",1988,75.67
"2101","Poland",1989,75.5
"2102","Poland",1990,75.5
"2103","Poland",1991,75.3
"2104","Poland",1992,75.7
"2105","Poland",1993,76
"2106","Poland",1994,76.1
"2107","Poland",1995,76.4
"2108","Poland",1996,76.6
"2109","Poland",1997,77
"2110","Poland",1998,77.3
"2111","Poland",1999,77.5
"2112","Poland",2000,78
"2113","Poland",2001,78.4
"2114","Poland",2002,78.8
"2115","Poland",2003,78.9
"2116","Poland",2004,79.2
"2117","Poland",2005,79.4
"2118","Poland",2006,79.6
"2119","Poland",2007,79.7
"2120","Poland",2008,80
"2121","Poland",2009,80.1
"2122","Poland",2010,80.6
"2123","Poland",2011,81.1
"2124","Poland",2012,81.1
"2125","Poland",2013,81.2
"2126","Poland",2014,81.7
"2127","Poland",2015,81.6
"2128","Poland",2016,81.6
"2129","Portugal",1985,76.4
"2130","Portugal",1986,76.8
"2131","Portugal",1987,77.2
"2132","Portugal",1988,77.3
"2133","Portugal",1989,77.8
"2134","Portugal",1990,77.5
"2135","Portugal",1991,77.6
"2136","Portugal",1992,78
"2137","Portugal",1993,78.2
"2138","Portugal",1994,78.5
"2139","Portugal",1995,79
"2140","Portugal",1996,79
"2141","Portugal",1997,79.1
"2142","Portugal",1998,79.4
"2143","Portugal",1999,79.6
"2144","Portugal",2000,79.9
"2145","Portugal",2001,80.4
"2146","Portugal",2002,80.6
"2147","Portugal",2003,80.6
"2148","Portugal",2004,81
"2149","Portugal",2005,81.4
"2150","Portugal",2006,81.8
"2151","Portugal",2007,81.6
"2152","Portugal",2008,81.7
"2153","Portugal",2009,81.8
"2154","Portugal",2010,82.1
"2155","Portugal",2011,83.8
"2156","Portugal",2012,83.6
"2157","Portugal",2013,84
"2158","Portugal",2014,84.4
"2159","Portugal",2015,84.3
"2160","Portugal",2016,84.2
"2161","Puerto Rico",1985,78.165
"2162","Puerto Rico",1986,78.395
"2163","Puerto Rico",1987,78.569
"2164","Puerto Rico",1988,78.674
"2165","Puerto Rico",1989,78.711
"2166","Puerto Rico",1990,78.698
"2167","Puerto Rico",1991,78.667
"2168","Puerto Rico",1992,78.656
"2169","Puerto Rico",1993,78.693
"2170","Puerto Rico",1994,78.79
"2171","Puerto Rico",1995,78.952
"2172","Puerto Rico",1996,79.172
"2173","Puerto Rico",1997,79.428
"2174","Puerto Rico",1998,79.698
"2175","Puerto Rico",1999,79.973
"2176","Puerto Rico",2000,80.92
"2177","Puerto Rico",2001,81.4
"2178","Puerto Rico",2002,82.15
"2179","Puerto Rico",2003,82.22
"2180","Puerto Rico",2004,82.34
"2181","Puerto Rico",2005,82.45
"2182","Puerto Rico",2006,82.56
"2183","Puerto Rico",2007,82.59
"2184","Puerto Rico",2008,81.978
"2185","Puerto Rico",2009,82.232
"2186","Puerto Rico",2010,82.496
"2187","Puerto Rico",2011,82.758
"2188","Puerto Rico",2012,83.004
"2189","Puerto Rico",2013,83.225
"2190","Puerto Rico",2014,83.417
"2191","Puerto Rico",2015,83.581
"2192","Puerto Rico",2016,83.723
"2193","Qatar",1985,75.11
"2194","Qatar",1986,75.342
"2195","Qatar",1987,75.562
"2196","Qatar",1988,75.771
"2197","Qatar",1989,75.97
"2198","Qatar",1990,76.159
"2199","Qatar",1991,76.339
"2200","Qatar",1992,76.511
"2201","Qatar",1993,76.674
"2202","Qatar",1994,76.832
"2203","Qatar",1995,76.986
"2204","Qatar",1996,77.138
"2205","Qatar",1997,77.289
"2206","Qatar",1998,77.439
"2207","Qatar",1999,77.589
"2208","Qatar",2000,77.736
"2209","Qatar",2001,77.877
"2210","Qatar",2002,78.011
"2211","Qatar",2003,78.136
"2212","Qatar",2004,78.253
"2213","Qatar",2005,78.367
"2214","Qatar",2006,78.479
"2215","Qatar",2007,78.595
"2216","Qatar",2008,78.717
"2217","Qatar",2009,78.847
"2218","Qatar",2010,78.985
"2219","Qatar",2011,79.131
"2220","Qatar",2012,79.28
"2221","Qatar",2013,79.432
"2222","Qatar",2014,79.584
"2223","Qatar",2015,79.735
"2224","Qatar",2016,79.885
"2225","Romania",1985,72.78
"2226","Romania",1986,72.59
"2227","Romania",1987,72.3
"2228","Romania",1988,72.41
"2229","Romania",1989,72.65
"2230","Romania",1990,73.05
"2231","Romania",1991,73.17
"2232","Romania",1992,73.17
"2233","Romania",1993,73.2
"2234","Romania",1994,73.3
"2235","Romania",1995,73.4
"2236","Romania",1996,73.1
"2237","Romania",1997,73
"2238","Romania",1998,73.7
"2239","Romania",1999,74.2
"2240","Romania",2000,74.8
"2241","Romania",2001,74.9
"2242","Romania",2002,74.8
"2243","Romania",2003,75.1
"2244","Romania",2004,75.3333
"2245","Romania",2005,75.5667
"2246","Romania",2006,75.8
"2247","Romania",2007,76.1
"2248","Romania",2008,76.1
"2249","Romania",2009,77.1
"2250","Romania",2010,77.3
"2251","Romania",2011,78.2
"2252","Romania",2012,78.1
"2253","Romania",2013,78.7
"2254","Romania",2014,78.7
"2255","Romania",2015,78.7
"2256","Romania",2016,78.7
"2257","Russian Federation",1985,73.24
"2258","Russian Federation",1986,74.23
"2259","Russian Federation",1987,74.27
"2260","Russian Federation",1988,74.53
"2261","Russian Federation",1989,74.35
"2262","Russian Federation",1990,74.3
"2263","Russian Federation",1991,73.75
"2264","Russian Federation",1992,71.99
"2265","Russian Federation",1993,71.2
"2266","Russian Federation",1994,71.73
"2267","Russian Federation",1995,71.59
"2268","Russian Federation",1996,72.4
"2269","Russian Federation",1997,72.84
"2270","Russian Federation",1998,73.13
"2271","Russian Federation",1999,72.4
"2272","Russian Federation",2000,72.26
"2273","Russian Federation",2001,72.17
"2274","Russian Federation",2002,71.9
"2275","Russian Federation",2003,71.86
"2276","Russian Federation",2004,72.36
"2277","Russian Federation",2005,72.47
"2278","Russian Federation",2006,73.34
"2279","Russian Federation",2007,74.02
"2280","Russian Federation",2008,74.28
"2281","Russian Federation",2009,74.79
"2282","Russian Federation",2010,74.88
"2283","Russian Federation",2011,75.61
"2284","Russian Federation",2012,75.86
"2285","Russian Federation",2013,76.3
"2286","Russian Federation",2014,76.47
"2287","Russian Federation",2015,76.7
"2288","Russian Federation",2016,76.93
"2289","San Marino",2012,86.8
"2290","Seychelles",1985,76.1
"2291","Seychelles",1986,72.6
"2292","Seychelles",1987,73
"2293","Seychelles",1988,72.8
"2294","Seychelles",1989,73.4
"2295","Seychelles",1990,74.1
"2296","Seychelles",1991,76.5
"2297","Seychelles",1992,76.9
"2298","Seychelles",1993,75
"2299","Seychelles",1994,75.8
"2300","Seychelles",1995,79.5
"2301","Seychelles",1996,77.4
"2302","Seychelles",1997,77
"2303","Seychelles",1998,76.1
"2304","Seychelles",1999,78.2
"2305","Seychelles",2000,77.9
"2306","Seychelles",2001,79.4
"2307","Seychelles",2002,75.8
"2308","Seychelles",2003,76.1
"2309","Seychelles",2004,76.4
"2310","Seychelles",2005,77.1
"2311","Seychelles",2006,75.7
"2312","Seychelles",2007,77.6
"2313","Seychelles",2008,78.9
"2314","Seychelles",2009,78
"2315","Seychelles",2010,77.5
"2316","Seychelles",2011,78
"2317","Seychelles",2012,79.5
"2318","Seychelles",2013,76.5
"2319","Seychelles",2014,78.3
"2320","Seychelles",2015,78.7
"2321","Seychelles",2016,80.2
"2322","Singapore",1985,76.4
"2323","Singapore",1986,76.5
"2324","Singapore",1987,76.7
"2325","Singapore",1988,76.9
"2326","Singapore",1989,77.2
"2327","Singapore",1990,77.6
"2328","Singapore",1991,77.9
"2329","Singapore",1992,78.2
"2330","Singapore",1993,78.3
"2331","Singapore",1994,78.4
"2332","Singapore",1995,78.6
"2333","Singapore",1996,78.9
"2334","Singapore",1997,79.1
"2335","Singapore",1998,79.4
"2336","Singapore",1999,79.6
"2337","Singapore",2000,80
"2338","Singapore",2001,80.3
"2339","Singapore",2002,80.6
"2340","Singapore",2003,81.6
"2341","Singapore",2004,82
"2342","Singapore",2005,82.5
"2343","Singapore",2006,82.6
"2344","Singapore",2007,82.9
"2345","Singapore",2008,83.3
"2346","Singapore",2009,83.7
"2347","Singapore",2010,84
"2348","Singapore",2011,84.1
"2349","Singapore",2012,84.3
"2350","Singapore",2013,84.5
"2351","Singapore",2014,84.8
"2352","Singapore",2015,85.1
"2353","Singapore",2016,85.1
"2354","Slovenia",1985,75.5
"2355","Slovenia",1986,75.9
"2356","Slovenia",1987,76.1
"2357","Slovenia",1988,76.8
"2358","Slovenia",1989,76.7
"2359","Slovenia",1990,77.2
"2360","Slovenia",1991,77.4
"2361","Slovenia",1992,77.3
"2362","Slovenia",1993,77.3
"2363","Slovenia",1994,77.4
"2364","Slovenia",1995,77.8
"2365","Slovenia",1996,78.3
"2366","Slovenia",1997,78.6
"2367","Slovenia",1998,78.7
"2368","Slovenia",1999,78.8
"2369","Slovenia",2000,79.1
"2370","Slovenia",2001,79.6
"2371","Slovenia",2002,79.9
"2372","Slovenia",2003,80.7
"2373","Slovenia",2004,81.1
"2374","Slovenia",2005,81.3
"2375","Slovenia",2006,81.8
"2376","Slovenia",2007,82.3
"2377","Slovenia",2008,82.3
"2378","Slovenia",2009,82.3
"2379","Slovenia",2010,82.7
"2380","Slovenia",2011,83.3
"2381","Slovenia",2012,83.3
"2382","Slovenia",2013,83.6
"2383","Slovenia",2014,84.1
"2384","Slovenia",2015,83.9
"2385","Slovenia",2016,83.9
"2386","South Africa",1985,63.423
"2387","South Africa",1986,64.016
"2388","South Africa",1987,64.611
"2389","South Africa",1988,65.163
"2390","South Africa",1989,65.63
"2391","South Africa",1990,65.971
"2392","South Africa",1991,66.15
"2393","South Africa",1992,66.154
"2394","South Africa",1993,65.979
"2395","South Africa",1994,65.615
"2396","South Africa",1995,65.039
"2397","South Africa",1996,64.233
"2398","South Africa",1997,63.227
"2399","South Africa",1998,62.074
"2400","South Africa",1999,60.834
"2401","South Africa",2000,59.568
"2402","South Africa",2001,58.333
"2403","South Africa",2002,57.194
"2404","South Africa",2003,56.223
"2405","South Africa",2004,55.492
"2406","South Africa",2005,55.097
"2407","South Africa",2006,55.12
"2408","South Africa",2007,55.558
"2409","South Africa",2008,56.368
"2410","South Africa",2009,57.499
"2411","South Africa",2010,58.868
"2412","South Africa",2011,60.37
"2413","South Africa",2012,61.884
"2414","South Africa",2013,63.304
"2415","South Africa",2014,64.555
"2416","South Africa",2015,65.584
"2417","South Africa",2016,66.376
"2418","Spain",1985,79.64
"2419","Spain",1986,79.85
"2420","Spain",1987,80.17
"2421","Spain",1988,80.23
"2422","Spain",1989,80.44
"2423","Spain",1990,80.51
"2424","Spain",1991,80.7
"2425","Spain",1992,81.19
"2426","Spain",1993,81.26
"2427","Spain",1994,81.62
"2428","Spain",1995,81.73
"2429","Spain",1996,81.88
"2430","Spain",1997,82.21
"2431","Spain",1998,82.2
"2432","Spain",1999,82.2
"2433","Spain",2000,82.5
"2434","Spain",2001,82.8
"2435","Spain",2002,83
"2436","Spain",2003,83
"2437","Spain",2004,83.2
"2438","Spain",2005,83.5
"2439","Spain",2006,84.1
"2440","Spain",2007,84.1
"2441","Spain",2008,84.3
"2442","Spain",2009,84.6
"2443","Spain",2010,84.7
"2444","Spain",2011,85.6
"2445","Spain",2012,85.5
"2446","Spain",2013,86.1
"2447","Spain",2014,86.2
"2448","Spain",2015,85.7
"2449","Spain",2016,85.7
"2450","Sri Lanka",1985,72.344
"2451","Sri Lanka",1986,72.541
"2452","Sri Lanka",1987,72.715
"2453","Sri Lanka",1988,72.885
"2454","Sri Lanka",1989,73.053
"2455","Sri Lanka",1990,73.194
"2456","Sri Lanka",1991,73.267
"2457","Sri Lanka",1992,73.255
"2458","Sri Lanka",1993,73.164
"2459","Sri Lanka",1994,73.025
"2460","Sri Lanka",1995,72.914
"2461","Sri Lanka",1996,72.926
"2462","Sri Lanka",1997,73.122
"2463","Sri Lanka",1998,73.528
"2464","Sri Lanka",1999,74.131
"2465","Sri Lanka",2000,74.873
"2466","Sri Lanka",2001,75.663
"2467","Sri Lanka",2002,76.398
"2468","Sri Lanka",2003,76.998
"2469","Sri Lanka",2004,77.432
"2470","Sri Lanka",2005,77.69
"2471","Sri Lanka",2006,77.799
"2472","Sri Lanka",2007,77.825
"2473","Sri Lanka",2008,77.827
"2474","Sri Lanka",2009,77.832
"2475","Sri Lanka",2010,77.861
"2476","Sri Lanka",2011,77.925
"2477","Sri Lanka",2012,78.018
"2478","Sri Lanka",2013,78.133
"2479","Sri Lanka",2014,78.273
"2480","Sri Lanka",2015,78.435
"2481","Sri Lanka",2016,78.614
"2482","Suriname",1985,70.368
"2483","Suriname",1986,70.536
"2484","Suriname",1987,70.667
"2485","Suriname",1988,70.775
"2486","Suriname",1989,70.868
"2487","Suriname",1990,70.951
"2488","Suriname",1991,71.025
"2489","Suriname",1992,71.092
"2490","Suriname",1993,71.153
"2491","Suriname",1994,71.209
"2492","Suriname",1995,71.261
"2493","Suriname",1996,71.306
"2494","Suriname",1997,71.343
"2495","Suriname",1998,71.377
"2496","Suriname",1999,71.415
"2497","Suriname",2000,71.471
"2498","Suriname",2001,71.562
"2499","Suriname",2002,71.694
"2500","Suriname",2003,71.873
"2501","Suriname",2004,72.095
"2502","Suriname",2005,72.353
"2503","Suriname",2006,72.634
"2504","Suriname",2007,72.921
"2505","Suriname",2008,73.198
"2506","Suriname",2009,73.458
"2507","Suriname",2010,73.693
"2508","Suriname",2011,73.902
"2509","Suriname",2012,74.09
"2510","Suriname",2013,74.263
"2511","Suriname",2014,74.424
"2512","Suriname",2015,74.575
"2513","Suriname",2016,74.718
"2514","Sweden",1985,79.7
"2515","Sweden",1986,80.03
"2516","Sweden",1987,80.15
"2517","Sweden",1988,79.95
"2518","Sweden",1989,80.8
"2519","Sweden",1990,80.4
"2520","Sweden",1991,80.53
"2521","Sweden",1992,80.78
"2522","Sweden",1993,80.77
"2523","Sweden",1994,81.37
"2524","Sweden",1995,81.45
"2525","Sweden",1996,81.52
"2526","Sweden",1997,81.82
"2527","Sweden",1998,81.9
"2528","Sweden",1999,81.9
"2529","Sweden",2000,82
"2530","Sweden",2001,82.1
"2531","Sweden",2002,82.1
"2532","Sweden",2003,82.4
"2533","Sweden",2004,82.7
"2534","Sweden",2005,82.8
"2535","Sweden",2006,82.9
"2536","Sweden",2007,83
"2537","Sweden",2008,83.2
"2538","Sweden",2009,83.4
"2539","Sweden",2010,83.5
"2540","Sweden",2011,83.8
"2541","Sweden",2012,83.6
"2542","Sweden",2013,83.8
"2543","Sweden",2014,84.2
"2544","Sweden",2015,84.1
"2545","Sweden",2016,84.1
"2546","Switzerland",1985,80.15
"2547","Switzerland",1986,80.3
"2548","Switzerland",1987,80.66
"2549","Switzerland",1988,80.73
"2550","Switzerland",1989,80.94
"2551","Switzerland",1990,80.71
"2552","Switzerland",1991,81.1
"2553","Switzerland",1992,81.33
"2554","Switzerland",1993,81.43
"2555","Switzerland",1994,81.71
"2556","Switzerland",1995,81.69
"2557","Switzerland",1996,82
"2558","Switzerland",1997,82.04
"2559","Switzerland",1998,82.5
"2560","Switzerland",1999,82.5
"2561","Switzerland",2000,82.6
"2562","Switzerland",2001,83.1
"2563","Switzerland",2002,83.1
"2564","Switzerland",2003,83.2
"2565","Switzerland",2004,83.7
"2566","Switzerland",2005,83.9
"2567","Switzerland",2006,84
"2568","Switzerland",2007,84.2
"2569","Switzerland",2008,84.4
"2570","Switzerland",2009,84.4
"2571","Switzerland",2010,84.5
"2572","Switzerland",2011,85
"2573","Switzerland",2012,84.9
"2574","Switzerland",2013,85
"2575","Switzerland",2014,85.4
"2576","Switzerland",2015,85.1
"2577","Switzerland",2016,85.1
"2578","Thailand",1985,70.92
"2579","Thailand",1986,71.63
"2580","Thailand",1987,72.257
"2581","Thailand",1988,72.772
"2582","Thailand",1989,73.164
"2583","Thailand",1990,73.439
"2584","Thailand",1991,73.616
"2585","Thailand",1992,73.735
"2586","Thailand",1993,73.831
"2587","Thailand",1994,73.923
"2588","Thailand",1995,74.018
"2589","Thailand",1996,74.118
"2590","Thailand",1997,74.214
"2591","Thailand",1998,74.305
"2592","Thailand",1999,74.4
"2593","Thailand",2000,74.513
"2594","Thailand",2001,74.657
"2595","Thailand",2002,74.84
"2596","Thailand",2003,75.067
"2597","Thailand",2004,75.339
"2598","Thailand",2005,75.654
"2599","Thailand",2006,76.01
"2600","Thailand",2007,76.393
"2601","Thailand",2008,76.788
"2602","Thailand",2009,77.182
"2603","Thailand",2010,77.561
"2604","Thailand",2011,77.91
"2605","Thailand",2012,78.226
"2606","Thailand",2013,78.505
"2607","Thailand",2014,78.747
"2608","Thailand",2015,78.953
"2609","Thailand",2016,79.133
"2610","Trinidad and Tobago",1985,70.489
"2611","Trinidad and Tobago",1986,70.579
"2612","Trinidad and Tobago",1987,70.665
"2613","Trinidad and Tobago",1988,70.751
"2614","Trinidad and Tobago",1989,70.842
"2615","Trinidad and Tobago",1990,70.946
"2616","Trinidad and Tobago",1991,71.068
"2617","Trinidad and Tobago",1992,71.21
"2618","Trinidad and Tobago",1993,71.367
"2619","Trinidad and Tobago",1994,71.537
"2620","Trinidad and Tobago",1995,71.712
"2621","Trinidad and Tobago",1996,71.882
"2622","Trinidad and Tobago",1997,72.038
"2623","Trinidad and Tobago",1998,72.173
"2624","Trinidad and Tobago",1999,72.287
"2625","Trinidad and Tobago",2000,72.379
"2626","Trinidad and Tobago",2001,72.452
"2627","Trinidad and Tobago",2002,72.514
"2628","Trinidad and Tobago",2003,72.574
"2629","Trinidad and Tobago",2004,72.638
"2630","Trinidad and Tobago",2005,72.715
"2631","Trinidad and Tobago",2006,72.81
"2632","Trinidad and Tobago",2007,72.926
"2633","Trinidad and Tobago",2008,73.061
"2634","Trinidad and Tobago",2009,73.215
"2635","Trinidad and Tobago",2010,73.382
"2636","Trinidad and Tobago",2011,73.555
"2637","Trinidad and Tobago",2012,73.727
"2638","Trinidad and Tobago",2013,73.891
"2639","Trinidad and Tobago",2014,74.044
"2640","Trinidad and Tobago",2015,74.186
"2641","Trinidad and Tobago",2016,74.319
"2642","Turkey",1985,65.35
"2643","Turkey",1986,65.905
"2644","Turkey",1987,66.441
"2645","Turkey",1988,66.968
"2646","Turkey",1989,67.494
"2647","Turkey",1990,68.027
"2648","Turkey",1991,68.58
"2649","Turkey",1992,69.155
"2650","Turkey",1993,69.748
"2651","Turkey",1994,70.358
"2652","Turkey",1995,70.975
"2653","Turkey",1996,71.588
"2654","Turkey",1997,72.182
"2655","Turkey",1998,72.749
"2656","Turkey",1999,73.284
"2657","Turkey",2000,73.786
"2658","Turkey",2001,74.26
"2659","Turkey",2002,74.716
"2660","Turkey",2003,75.157
"2661","Turkey",2004,75.584
"2662","Turkey",2005,75.992
"2663","Turkey",2006,76.373
"2664","Turkey",2007,76.722
"2665","Turkey",2008,77.038
"2666","Turkey",2009,77.321
"2667","Turkey",2010,77.578
"2668","Turkey",2011,77.817
"2669","Turkey",2012,78.047
"2670","Turkey",2013,78.275
"2671","Turkey",2014,78.506
"2672","Turkey",2015,78.742
"2673","Turkey",2016,78.982
"2674","Turkmenistan",1985,65.872
"2675","Turkmenistan",1986,66.051
"2676","Turkmenistan",1987,66.196
"2677","Turkmenistan",1988,66.312
"2678","Turkmenistan",1989,66.405
"2679","Turkmenistan",1990,66.483
"2680","Turkmenistan",1991,66.557
"2681","Turkmenistan",1992,66.634
"2682","Turkmenistan",1993,66.722
"2683","Turkmenistan",1994,66.828
"2684","Turkmenistan",1995,66.951
"2685","Turkmenistan",1996,67.089
"2686","Turkmenistan",1997,67.237
"2687","Turkmenistan",1998,67.392
"2688","Turkmenistan",1999,67.554
"2689","Turkmenistan",2000,67.728
"2690","Turkmenistan",2001,67.919
"2691","Turkmenistan",2002,68.131
"2692","Turkmenistan",2003,68.365
"2693","Turkmenistan",2004,68.617
"2694","Turkmenistan",2005,68.884
"2695","Turkmenistan",2006,69.16
"2696","Turkmenistan",2007,69.439
"2697","Turkmenistan",2008,69.713
"2698","Turkmenistan",2009,69.976
"2699","Turkmenistan",2010,70.222
"2700","Turkmenistan",2011,70.447
"2701","Turkmenistan",2012,70.653
"2702","Turkmenistan",2013,70.84
"2703","Turkmenistan",2014,71.011
"2704","Turkmenistan",2015,71.167
"2705","Turkmenistan",2016,71.311
"2706","Ukraine",1985,74.183
"2707","Ukraine",1986,74.317
"2708","Ukraine",1987,74.9
"2709","Ukraine",1988,74.8
"2710","Ukraine",1989,75.2
"2711","Ukraine",1990,74.9
"2712","Ukraine",1991,74
"2713","Ukraine",1992,74.18
"2714","Ukraine",1993,73.7
"2715","Ukraine",1994,73.15
"2716","Ukraine",1995,72.72
"2717","Ukraine",1996,72.65
"2718","Ukraine",1997,72.95
"2719","Ukraine",1998,73.5
"2720","Ukraine",1999,73.74
"2721","Ukraine",2000,73.55
"2722","Ukraine",2001,74.08
"2723","Ukraine",2002,74.13
"2724","Ukraine",2003,74.06
"2725","Ukraine",2004,74.05
"2726","Ukraine",2005,73.97
"2727","Ukraine",2006,74.06
"2728","Ukraine",2007,74.22
"2729","Ukraine",2008,74.28
"2730","Ukraine",2009,74.86
"2731","Ukraine",2010,75.5
"2732","Ukraine",2011,75.88
"2733","Ukraine",2012,76.02
"2734","Ukraine",2013,76.22
"2735","Ukraine",2014,76.37
"2736","Ukraine",2015,76.25
"2737","Ukraine",2016,76.46
"2738","United Arab Emirates",1985,71.559
"2739","United Arab Emirates",1986,71.887
"2740","United Arab Emirates",1987,72.199
"2741","United Arab Emirates",1988,72.498
"2742","United Arab Emirates",1989,72.784
"2743","United Arab Emirates",1990,73.061
"2744","United Arab Emirates",1991,73.328
"2745","United Arab Emirates",1992,73.587
"2746","United Arab Emirates",1993,73.839
"2747","United Arab Emirates",1994,74.088
"2748","United Arab Emirates",1995,74.336
"2749","United Arab Emirates",1996,74.587
"2750","United Arab Emirates",1997,74.841
"2751","United Arab Emirates",1998,75.1
"2752","United Arab Emirates",1999,75.362
"2753","United Arab Emirates",2000,75.624
"2754","United Arab Emirates",2001,75.885
"2755","United Arab Emirates",2002,76.139
"2756","United Arab Emirates",2003,76.384
"2757","United Arab Emirates",2004,76.618
"2758","United Arab Emirates",2005,76.84
"2759","United Arab Emirates",2006,77.049
"2760","United Arab Emirates",2007,77.247
"2761","United Arab Emirates",2008,77.436
"2762","United Arab Emirates",2009,77.617
"2763","United Arab Emirates",2010,77.792
"2764","United Arab Emirates",2011,77.961
"2765","United Arab Emirates",2012,78.126
"2766","United Arab Emirates",2013,78.288
"2767","United Arab Emirates",2014,78.448
"2768","United Arab Emirates",2015,78.608
"2769","United Arab Emirates",2016,78.767
"2770","United Kingdom",1985,77.6
"2771","United Kingdom",1986,77.9
"2772","United Kingdom",1987,78.2
"2773","United Kingdom",1988,78.3
"2774","United Kingdom",1989,78.4
"2775","United Kingdom",1990,78.8
"2776","United Kingdom",1991,78.9
"2777","United Kingdom",1992,79.2
"2778","United Kingdom",1993,79.1
"2779","United Kingdom",1994,79.6
"2780","United Kingdom",1995,79.5
"2781","United Kingdom",1996,79.7
"2782","United Kingdom",1997,79.9
"2783","United Kingdom",1998,79.7
"2784","United Kingdom",1999,79.9
"2785","United Kingdom",2000,80.2
"2786","United Kingdom",2001,80.4
"2787","United Kingdom",2002,80.5
"2788","United Kingdom",2003,80.7
"2789","United Kingdom",2004,81
"2790","United Kingdom",2005,81.2
"2791","United Kingdom",2006,81.4
"2792","United Kingdom",2007,81.6
"2793","United Kingdom",2008,81.7
"2794","United Kingdom",2009,82.1
"2795","United Kingdom",2010,82.4
"2796","United Kingdom",2011,83
"2797","United Kingdom",2012,82.8
"2798","United Kingdom",2013,82.9
"2799","United Kingdom",2014,83.2
"2800","United Kingdom",2015,82.8
"2801","United Kingdom",2016,82.8
"2802","United States",1985,78.2
"2803","United States",1986,78.2
"2804","United States",1987,78.3
"2805","United States",1988,78.3
"2806","United States",1989,78.5
"2807","United States",1990,78.8
"2808","United States",1991,78.9
"2809","United States",1992,79.1
"2810","United States",1993,78.8
"2811","United States",1994,79
"2812","United States",1995,78.9
"2813","United States",1996,79.1
"2814","United States",1997,79.4
"2815","United States",1998,79.5
"2816","United States",1999,79.4
"2817","United States",2000,79.3
"2818","United States",2001,79.5
"2819","United States",2002,79.6
"2820","United States",2003,79.7
"2821","United States",2004,80.1
"2822","United States",2005,80.1
"2823","United States",2006,80.3
"2824","United States",2007,80.6
"2825","United States",2008,80.6
"2826","United States",2009,80.9
"2827","United States",2010,81
"2828","United States",2011,81.1
"2829","United States",2012,81.2
"2830","United States",2013,81.2
"2831","United States",2014,81.3
"2832","United States",2015,81.2
"2833","United States",2016,81.2
"2834","Uruguay",1985,75.197
"2835","Uruguay",1986,75.449
"2836","Uruguay",1987,75.691
"2837","Uruguay",1988,75.927
"2838","Uruguay",1989,76.157
"2839","Uruguay",1990,76.381
"2840","Uruguay",1991,76.602
"2841","Uruguay",1992,76.821
"2842","Uruguay",1993,77.038
"2843","Uruguay",1994,77.254
"2844","Uruguay",1995,77.468
"2845","Uruguay",1996,77.681
"2846","Uruguay",1997,77.89
"2847","Uruguay",1998,78.095
"2848","Uruguay",1999,78.295
"2849","Uruguay",2000,78.488
"2850","Uruguay",2001,78.674
"2851","Uruguay",2002,78.852
"2852","Uruguay",2003,79.022
"2853","Uruguay",2004,79.185
"2854","Uruguay",2005,79.343
"2855","Uruguay",2006,79.496
"2856","Uruguay",2007,79.646
"2857","Uruguay",2008,79.794
"2858","Uruguay",2009,79.942
"2859","Uruguay",2010,80.087
"2860","Uruguay",2011,80.23
"2861","Uruguay",2012,80.369
"2862","Uruguay",2013,80.503
"2863","Uruguay",2014,80.632
"2864","Uruguay",2015,80.759
"2865","Uruguay",2016,80.882
"2866","Uzbekistan",1985,69.032
"2867","Uzbekistan",1986,69.184
"2868","Uzbekistan",1987,69.296
"2869","Uzbekistan",1988,69.367
"2870","Uzbekistan",1989,69.402
"2871","Uzbekistan",1990,69.411
"2872","Uzbekistan",1991,69.408
"2873","Uzbekistan",1992,69.408
"2874","Uzbekistan",1993,69.427
"2875","Uzbekistan",1994,69.474
"2876","Uzbekistan",1995,69.556
"2877","Uzbekistan",1996,69.675
"2878","Uzbekistan",1997,69.825
"2879","Uzbekistan",1998,69.999
"2880","Uzbekistan",1999,70.195
"2881","Uzbekistan",2000,70.407
"2882","Uzbekistan",2001,70.632
"2883","Uzbekistan",2002,70.866
"2884","Uzbekistan",2003,71.106
"2885","Uzbekistan",2004,71.347
"2886","Uzbekistan",2005,71.592
"2887","Uzbekistan",2006,71.844
"2888","Uzbekistan",2007,72.105
"2889","Uzbekistan",2008,72.373
"2890","Uzbekistan",2009,72.644
"2891","Uzbekistan",2010,72.911
"2892","Uzbekistan",2011,73.164
"2893","Uzbekistan",2012,73.397
"2894","Uzbekistan",2013,73.607
"2895","Uzbekistan",2014,73.791
"2896","Uzbekistan",2015,73.952
"2897","Uzbekistan",2016,74.096
