"","Country","Year","fertility_rate"
"1","Albania",1985,3.269
"2","Albania",1986,3.217
"3","Albania",1987,3.164
"4","Albania",1988,3.108
"5","Albania",1989,3.046
"6","Albania",1990,2.978
"7","Albania",1991,2.905
"8","Albania",1992,2.829
"9","Albania",1993,2.751
"10","Albania",1994,2.672
"11","Albania",1995,2.591
"12","Albania",1996,2.507
"13","Albania",1997,2.422
"14","Albania",1998,2.334
"15","Albania",1999,2.246
"16","Albania",2000,2.157
"17","Albania",2001,2.068
"18","Albania",2002,1.981
"19","Albania",2003,1.897
"20","Albania",2004,1.821
"21","Albania",2005,1.754
"22","Albania",2006,1.703
"23","Albania",2007,1.668
"24","Albania",2008,1.65
"25","Albania",2009,1.646
"26","Albania",2010,1.653
"27","Albania",2011,1.668
"28","Albania",2012,1.685
"29","Albania",2013,1.7
"30","Albania",2014,1.71
"31","Albania",2015,1.714
"32","Albania",2016,1.713
"33","Antigua and Barbuda",1985,2.092
"34","Antigua and Barbuda",1986,2.082
"35","Antigua and Barbuda",1987,2.07
"36","Antigua and Barbuda",1988,2.062
"37","Antigua and Barbuda",1989,2.058
"38","Antigua and Barbuda",1990,2.061
"39","Antigua and Barbuda",1991,2.073
"40","Antigua and Barbuda",1992,2.096
"41","Antigua and Barbuda",1993,2.128
"42","Antigua and Barbuda",1994,2.166
"43","Antigua and Barbuda",1995,2.208
"44","Antigua and Barbuda",1996,2.248
"45","Antigua and Barbuda",1997,2.281
"46","Antigua and Barbuda",1998,2.304
"47","Antigua and Barbuda",1999,2.316
"48","Antigua and Barbuda",2000,2.316
"49","Antigua and Barbuda",2001,2.305
"50","Antigua and Barbuda",2002,2.288
"51","Antigua and Barbuda",2003,2.268
"52","Antigua and Barbuda",2004,2.246
"53","Antigua and Barbuda",2005,2.224
"54","Antigua and Barbuda",2006,2.203
"55","Antigua and Barbuda",2007,2.183
"56","Antigua and Barbuda",2008,2.164
"57","Antigua and Barbuda",2009,2.146
"58","Antigua and Barbuda",2010,2.13
"59","Antigua and Barbuda",2011,2.115
"60","Antigua and Barbuda",2012,2.102
"61","Antigua and Barbuda",2013,2.089
"62","Antigua and Barbuda",2014,2.076
"63","Antigua and Barbuda",2015,2.063
"64","Antigua and Barbuda",2016,2.051
"65","Argentina",1985,3.093
"66","Argentina",1986,3.073
"67","Argentina",1987,3.056
"68","Argentina",1988,3.037
"69","Argentina",1989,3.016
"70","Argentina",1990,2.989
"71","Argentina",1991,2.954
"72","Argentina",1992,2.913
"73","Argentina",1993,2.866
"74","Argentina",1994,2.815
"75","Argentina",1995,2.762
"76","Argentina",1996,2.711
"77","Argentina",1997,2.664
"78","Argentina",1998,2.623
"79","Argentina",1999,2.589
"80","Argentina",2000,2.561
"81","Argentina",2001,2.537
"82","Argentina",2002,2.516
"83","Argentina",2003,2.495
"84","Argentina",2004,2.474
"85","Argentina",2005,2.452
"86","Argentina",2006,2.432
"87","Argentina",2007,2.413
"88","Argentina",2008,2.396
"89","Argentina",2009,2.382
"90","Argentina",2010,2.37
"91","Argentina",2011,2.358
"92","Argentina",2012,2.347
"93","Argentina",2013,2.335
"94","Argentina",2014,2.322
"95","Argentina",2015,2.308
"96","Argentina",2016,2.293
"97","Armenia",1985,2.559
"98","Armenia",1986,2.578
"99","Armenia",1987,2.591
"100","Armenia",1988,2.592
"101","Armenia",1989,2.578
"102","Armenia",1990,2.544
"103","Armenia",1991,2.484
"104","Armenia",1992,2.4
"105","Armenia",1993,2.297
"106","Armenia",1994,2.179
"107","Armenia",1995,2.056
"108","Armenia",1996,1.938
"109","Armenia",1997,1.832
"110","Armenia",1998,1.747
"111","Armenia",1999,1.685
"112","Armenia",2000,1.648
"113","Armenia",2001,1.635
"114","Armenia",2002,1.637
"115","Armenia",2003,1.648
"116","Armenia",2004,1.665
"117","Armenia",2005,1.681
"118","Armenia",2006,1.694
"119","Armenia",2007,1.702
"120","Armenia",2008,1.706
"121","Armenia",2009,1.703
"122","Armenia",2010,1.693
"123","Armenia",2011,1.68
"124","Armenia",2012,1.664
"125","Armenia",2013,1.648
"126","Armenia",2014,1.634
"127","Armenia",2015,1.622
"128","Armenia",2016,1.612
"129","Aruba",1985,2.332
"130","Aruba",1986,2.32
"131","Aruba",1987,2.307
"132","Aruba",1988,2.291
"133","Aruba",1989,2.272
"134","Aruba",1990,2.249
"135","Aruba",1991,2.221
"136","Aruba",1992,2.187
"137","Aruba",1993,2.149
"138","Aruba",1994,2.108
"139","Aruba",1995,2.064
"140","Aruba",1996,2.021
"141","Aruba",1997,1.978
"142","Aruba",1998,1.939
"143","Aruba",1999,1.903
"144","Aruba",2000,1.872
"145","Aruba",2001,1.846
"146","Aruba",2002,1.823
"147","Aruba",2003,1.803
"148","Aruba",2004,1.787
"149","Aruba",2005,1.774
"150","Aruba",2006,1.766
"151","Aruba",2007,1.763
"152","Aruba",2008,1.764
"153","Aruba",2009,1.769
"154","Aruba",2010,1.776
"155","Aruba",2011,1.783
"156","Aruba",2012,1.791
"157","Aruba",2013,1.796
"158","Aruba",2014,1.8
"159","Aruba",2015,1.801
"160","Aruba",2016,1.8
"161","Australia",1985,1.923
"162","Australia",1986,1.868
"163","Australia",1987,1.845
"164","Australia",1988,1.831
"165","Australia",1989,1.838
"166","Australia",1990,1.902
"167","Australia",1991,1.849
"168","Australia",1992,1.888
"169","Australia",1993,1.859
"170","Australia",1994,1.842
"171","Australia",1995,1.822
"172","Australia",1996,1.796
"173","Australia",1997,1.778
"174","Australia",1998,1.762
"175","Australia",1999,1.755
"176","Australia",2000,1.756
"177","Australia",2001,1.739
"178","Australia",2002,1.756
"179","Australia",2003,1.748
"180","Australia",2004,1.768
"181","Australia",2005,1.807
"182","Australia",2006,1.908
"183","Australia",2007,1.959
"184","Australia",2008,1.984
"185","Australia",2009,1.971
"186","Australia",2010,1.928
"187","Australia",2011,1.926
"188","Australia",2012,1.917
"189","Australia",2013,1.851
"190","Australia",2014,1.821
"191","Australia",2015,1.809
"192","Australia",2016,1.809
"193","Austria",1985,1.47
"194","Austria",1986,1.45
"195","Austria",1987,1.43
"196","Austria",1988,1.45
"197","Austria",1989,1.45
"198","Austria",1990,1.46
"199","Austria",1991,1.51
"200","Austria",1992,1.51
"201","Austria",1993,1.5
"202","Austria",1994,1.47
"203","Austria",1995,1.42
"204","Austria",1996,1.45
"205","Austria",1997,1.39
"206","Austria",1998,1.37
"207","Austria",1999,1.34
"208","Austria",2000,1.36
"209","Austria",2001,1.33
"210","Austria",2002,1.39
"211","Austria",2003,1.38
"212","Austria",2004,1.42
"213","Austria",2005,1.41
"214","Austria",2006,1.41
"215","Austria",2007,1.38
"216","Austria",2008,1.42
"217","Austria",2009,1.39
"218","Austria",2010,1.44
"219","Austria",2011,1.43
"220","Austria",2012,1.44
"221","Austria",2013,1.44
"222","Austria",2014,1.47
"223","Austria",2015,1.49
"224","Austria",2016,1.49
"225","Azerbaijan",1985,2.91
"226","Azerbaijan",1986,2.9
"227","Azerbaijan",1987,2.9026
"228","Azerbaijan",1988,2.8
"229","Azerbaijan",1989,2.8
"230","Azerbaijan",1990,2.74
"231","Azerbaijan",1991,2.87
"232","Azerbaijan",1992,2.74
"233","Azerbaijan",1993,2.7
"234","Azerbaijan",1994,2.52
"235","Azerbaijan",1995,2.29
"236","Azerbaijan",1996,2.06
"237","Azerbaijan",1997,2.07
"238","Azerbaijan",1998,2
"239","Azerbaijan",1999,2.07
"240","Azerbaijan",2000,2
"241","Azerbaijan",2001,1.8
"242","Azerbaijan",2002,1.8
"243","Azerbaijan",2003,1.9
"244","Azerbaijan",2004,2.0535
"245","Azerbaijan",2005,2
"246","Azerbaijan",2006,1.97
"247","Azerbaijan",2007,1.97
"248","Azerbaijan",2008,1.9
"249","Azerbaijan",2009,1.82
"250","Azerbaijan",2010,1.92
"251","Azerbaijan",2011,1.96
"252","Azerbaijan",2012,2
"253","Azerbaijan",2013,1.98
"254","Azerbaijan",2014,1.97
"255","Azerbaijan",2015,1.94
"256","Azerbaijan",2016,1.94
"257","Bahrain",1985,4.36
"258","Bahrain",1986,4.245
"259","Bahrain",1987,4.124
"260","Bahrain",1988,3.997
"261","Bahrain",1989,3.866
"262","Bahrain",1990,3.732
"263","Bahrain",1991,3.599
"264","Bahrain",1992,3.471
"265","Bahrain",1993,3.352
"266","Bahrain",1994,3.244
"267","Bahrain",1995,3.147
"268","Bahrain",1996,3.062
"269","Bahrain",1997,2.987
"270","Bahrain",1998,2.919
"271","Bahrain",1999,2.856
"272","Bahrain",2000,2.795
"273","Bahrain",2001,2.731
"274","Bahrain",2002,2.663
"275","Bahrain",2003,2.59
"276","Bahrain",2004,2.514
"277","Bahrain",2005,2.436
"278","Bahrain",2006,2.363
"279","Bahrain",2007,2.297
"280","Bahrain",2008,2.241
"281","Bahrain",2009,2.197
"282","Bahrain",2010,2.164
"283","Bahrain",2011,2.139
"284","Bahrain",2012,2.118
"285","Bahrain",2013,2.098
"286","Bahrain",2014,2.078
"287","Bahrain",2015,2.056
"288","Bahrain",2016,2.033
"289","Barbados",1985,1.83
"290","Barbados",1986,1.805
"291","Barbados",1987,1.782
"292","Barbados",1988,1.765
"293","Barbados",1989,1.75
"294","Barbados",1990,1.74
"295","Barbados",1991,1.733
"296","Barbados",1992,1.729
"297","Barbados",1993,1.728
"298","Barbados",1994,1.729
"299","Barbados",1995,1.73
"300","Barbados",1996,1.733
"301","Barbados",1997,1.736
"302","Barbados",1998,1.739
"303","Barbados",1999,1.742
"304","Barbados",2000,1.744
"305","Barbados",2001,1.746
"306","Barbados",2002,1.749
"307","Barbados",2003,1.752
"308","Barbados",2004,1.755
"309","Barbados",2005,1.759
"310","Barbados",2006,1.763
"311","Barbados",2007,1.768
"312","Barbados",2008,1.772
"313","Barbados",2009,1.777
"314","Barbados",2010,1.781
"315","Barbados",2011,1.785
"316","Barbados",2012,1.788
"317","Barbados",2013,1.791
"318","Barbados",2014,1.794
"319","Barbados",2015,1.796
"320","Barbados",2016,1.797
"321","Belarus",1985,2.09
"322","Belarus",1986,2.09
"323","Belarus",1987,2.03
"324","Belarus",1988,2.031
"325","Belarus",1989,2.026
"326","Belarus",1990,1.913
"327","Belarus",1991,1.805
"328","Belarus",1992,1.764
"329","Belarus",1993,1.623
"330","Belarus",1994,1.533
"331","Belarus",1995,1.406
"332","Belarus",1996,1.335
"333","Belarus",1997,1.25
"334","Belarus",1998,1.3
"335","Belarus",1999,1.31
"336","Belarus",2000,1.317
"337","Belarus",2001,1.286
"338","Belarus",2002,1.24
"339","Belarus",2003,1.232
"340","Belarus",2004,1.233
"341","Belarus",2005,1.252
"342","Belarus",2006,1.335
"343","Belarus",2007,1.429
"344","Belarus",2008,1.488
"345","Belarus",2009,1.509
"346","Belarus",2010,1.494
"347","Belarus",2011,1.515
"348","Belarus",2012,1.62
"349","Belarus",2013,1.668
"350","Belarus",2014,1.696
"351","Belarus",2015,1.724
"352","Belarus",2016,1.733
"353","Belgium",1985,1.51
"354","Belgium",1986,1.54
"355","Belgium",1987,1.54
"356","Belgium",1988,1.57
"357","Belgium",1989,1.58
"358","Belgium",1990,1.62
"359","Belgium",1991,1.66
"360","Belgium",1992,1.65
"361","Belgium",1993,1.61
"362","Belgium",1994,1.56
"363","Belgium",1995,1.56
"364","Belgium",1996,1.59
"365","Belgium",1997,1.6
"366","Belgium",1998,1.6
"367","Belgium",1999,1.62
"368","Belgium",2000,1.67
"369","Belgium",2001,1.67
"370","Belgium",2002,1.65
"371","Belgium",2003,1.67
"372","Belgium",2004,1.72
"373","Belgium",2005,1.76
"374","Belgium",2006,1.8
"375","Belgium",2007,1.82
"376","Belgium",2008,1.85
"377","Belgium",2009,1.84
"378","Belgium",2010,1.86
"379","Belgium",2011,1.81
"380","Belgium",2012,1.79
"381","Belgium",2013,1.75
"382","Belgium",2014,1.74
"383","Belgium",2015,1.7
"384","Belgium",2016,1.7
"385","Belize",1985,5.019
"386","Belize",1986,4.886
"387","Belize",1987,4.771
"388","Belize",1988,4.671
"389","Belize",1989,4.584
"390","Belize",1990,4.508
"391","Belize",1991,4.436
"392","Belize",1992,4.363
"393","Belize",1993,4.286
"394","Belize",1994,4.201
"395","Belize",1995,4.109
"396","Belize",1996,4.01
"397","Belize",1997,3.908
"398","Belize",1998,3.805
"399","Belize",1999,3.703
"400","Belize",2000,3.6
"401","Belize",2001,3.496
"402","Belize",2002,3.39
"403","Belize",2003,3.282
"404","Belize",2004,3.175
"405","Belize",2005,3.072
"406","Belize",2006,2.977
"407","Belize",2007,2.893
"408","Belize",2008,2.821
"409","Belize",2009,2.762
"410","Belize",2010,2.715
"411","Belize",2011,2.676
"412","Belize",2012,2.642
"413","Belize",2013,2.61
"414","Belize",2014,2.578
"415","Belize",2015,2.544
"416","Belize",2016,2.51
"417","Bosnia and Herzegovina",1985,1.932
"418","Bosnia and Herzegovina",1986,1.9
"419","Bosnia and Herzegovina",1987,1.868
"420","Bosnia and Herzegovina",1988,1.835
"421","Bosnia and Herzegovina",1989,1.803
"422","Bosnia and Herzegovina",1990,1.772
"423","Bosnia and Herzegovina",1991,1.748
"424","Bosnia and Herzegovina",1992,1.73
"425","Bosnia and Herzegovina",1993,1.72
"426","Bosnia and Herzegovina",1994,1.713
"427","Bosnia and Herzegovina",1995,1.706
"428","Bosnia and Herzegovina",1996,1.69
"429","Bosnia and Herzegovina",1997,1.662
"430","Bosnia and Herzegovina",1998,1.619
"431","Bosnia and Herzegovina",1999,1.562
"432","Bosnia and Herzegovina",2000,1.497
"433","Bosnia and Herzegovina",2001,1.432
"434","Bosnia and Herzegovina",2002,1.374
"435","Bosnia and Herzegovina",2003,1.33
"436","Bosnia and Herzegovina",2004,1.301
"437","Bosnia and Herzegovina",2005,1.288
"438","Bosnia and Herzegovina",2006,1.287
"439","Bosnia and Herzegovina",2007,1.291
"440","Bosnia and Herzegovina",2008,1.297
"441","Bosnia and Herzegovina",2009,1.302
"442","Bosnia and Herzegovina",2010,1.306
"443","Bosnia and Herzegovina",2011,1.309
"444","Bosnia and Herzegovina",2012,1.314
"445","Bosnia and Herzegovina",2013,1.322
"446","Bosnia and Herzegovina",2014,1.332
"447","Bosnia and Herzegovina",2015,1.345
"448","Bosnia and Herzegovina",2016,1.36
"449","Brazil",1985,3.488
"450","Brazil",1986,3.358
"451","Brazil",1987,3.232
"452","Brazil",1988,3.113
"453","Brazil",1989,3.005
"454","Brazil",1990,2.909
"455","Brazil",1991,2.827
"456","Brazil",1992,2.756
"457","Brazil",1993,2.694
"458","Brazil",1994,2.638
"459","Brazil",1995,2.586
"460","Brazil",1996,2.535
"461","Brazil",1997,2.482
"462","Brazil",1998,2.426
"463","Brazil",1999,2.365
"464","Brazil",2000,2.3
"465","Brazil",2001,2.232
"466","Brazil",2002,2.163
"467","Brazil",2003,2.096
"468","Brazil",2004,2.033
"469","Brazil",2005,1.975
"470","Brazil",2006,1.926
"471","Brazil",2007,1.884
"472","Brazil",2008,1.851
"473","Brazil",2009,1.824
"474","Brazil",2010,1.805
"475","Brazil",2011,1.79
"476","Brazil",2012,1.777
"477","Brazil",2013,1.765
"478","Brazil",2014,1.753
"479","Brazil",2015,1.74
"480","Brazil",2016,1.726
"481","Bulgaria",1985,1.97
"482","Bulgaria",1986,2.02
"483","Bulgaria",1987,1.96
"484","Bulgaria",1988,1.97
"485","Bulgaria",1989,1.9
"486","Bulgaria",1990,1.82
"487","Bulgaria",1991,1.66
"488","Bulgaria",1992,1.55
"489","Bulgaria",1993,1.46
"490","Bulgaria",1994,1.37
"491","Bulgaria",1995,1.23
"492","Bulgaria",1996,1.23
"493","Bulgaria",1997,1.09
"494","Bulgaria",1998,1.11
"495","Bulgaria",1999,1.23
"496","Bulgaria",2000,1.26
"497","Bulgaria",2001,1.21
"498","Bulgaria",2002,1.23
"499","Bulgaria",2003,1.26
"500","Bulgaria",2004,1.33
"501","Bulgaria",2005,1.37
"502","Bulgaria",2006,1.44
"503","Bulgaria",2007,1.49
"504","Bulgaria",2008,1.56
"505","Bulgaria",2009,1.66
"506","Bulgaria",2010,1.57
"507","Bulgaria",2011,1.51
"508","Bulgaria",2012,1.5
"509","Bulgaria",2013,1.48
"510","Bulgaria",2014,1.53
"511","Bulgaria",2015,1.53
"512","Bulgaria",2016,1.53
"513","Cabo Verde",1985,5.883
"514","Cabo Verde",1986,5.784
"515","Cabo Verde",1987,5.68
"516","Cabo Verde",1988,5.565
"517","Cabo Verde",1989,5.441
"518","Cabo Verde",1990,5.307
"519","Cabo Verde",1991,5.162
"520","Cabo Verde",1992,5.011
"521","Cabo Verde",1993,4.856
"522","Cabo Verde",1994,4.698
"523","Cabo Verde",1995,4.539
"524","Cabo Verde",1996,4.38
"525","Cabo Verde",1997,4.222
"526","Cabo Verde",1998,4.065
"527","Cabo Verde",1999,3.911
"528","Cabo Verde",2000,3.762
"529","Cabo Verde",2001,3.62
"530","Cabo Verde",2002,3.484
"531","Cabo Verde",2003,3.357
"532","Cabo Verde",2004,3.237
"533","Cabo Verde",2005,3.126
"534","Cabo Verde",2006,3.022
"535","Cabo Verde",2007,2.925
"536","Cabo Verde",2008,2.833
"537","Cabo Verde",2009,2.747
"538","Cabo Verde",2010,2.666
"539","Cabo Verde",2011,2.593
"540","Cabo Verde",2012,2.528
"541","Cabo Verde",2013,2.47
"542","Cabo Verde",2014,2.419
"543","Cabo Verde",2015,2.374
"544","Cabo Verde",2016,2.334
"545","Canada",1985,1.67
"546","Canada",1986,1.675
"547","Canada",1987,1.68
"548","Canada",1988,1.68
"549","Canada",1989,1.77
"550","Canada",1990,1.83
"551","Canada",1991,1.7
"552","Canada",1992,1.71
"553","Canada",1993,1.7
"554","Canada",1994,1.6695
"555","Canada",1995,1.639
"556","Canada",1996,1.592
"557","Canada",1997,1.55
"558","Canada",1998,1.53
"559","Canada",1999,1.51
"560","Canada",2000,1.49
"561","Canada",2001,1.505
"562","Canada",2002,1.52
"563","Canada",2003,1.53
"564","Canada",2004,1.53
"565","Canada",2005,1.54
"566","Canada",2006,1.5862
"567","Canada",2007,1.6589
"568","Canada",2008,1.6808
"569","Canada",2009,1.668
"570","Canada",2010,1.6269
"571","Canada",2011,1.61
"572","Canada",2012,1.6142
"573","Canada",2013,1.587
"574","Canada",2014,1.5818
"575","Canada",2015,1.6
"576","Canada",2016,1.6
"577","Chile",1985,2.667
"578","Chile",1986,2.654
"579","Chile",1987,2.637
"580","Chile",1988,2.614
"581","Chile",1989,2.584
"582","Chile",1990,2.547
"583","Chile",1991,2.503
"584","Chile",1992,2.456
"585","Chile",1993,2.408
"586","Chile",1994,2.36
"587","Chile",1995,2.313
"588","Chile",1996,2.269
"589","Chile",1997,2.225
"590","Chile",1998,2.183
"591","Chile",1999,2.144
"592","Chile",2000,2.107
"593","Chile",2001,2.074
"594","Chile",2002,2.046
"595","Chile",2003,2.022
"596","Chile",2004,2.001
"597","Chile",2005,1.982
"598","Chile",2006,1.964
"599","Chile",2007,1.945
"600","Chile",2008,1.925
"601","Chile",2009,1.903
"602","Chile",2010,1.879
"603","Chile",2011,1.856
"604","Chile",2012,1.834
"605","Chile",2013,1.815
"606","Chile",2014,1.798
"607","Chile",2015,1.785
"608","Chile",2016,1.774
"609","Colombia",1985,3.42
"610","Colombia",1986,3.32
"611","Colombia",1987,3.227
"612","Colombia",1988,3.142
"613","Colombia",1989,3.065
"614","Colombia",1990,2.994
"615","Colombia",1991,2.927
"616","Colombia",1992,2.86
"617","Colombia",1993,2.794
"618","Colombia",1994,2.727
"619","Colombia",1995,2.66
"620","Colombia",1996,2.596
"621","Colombia",1997,2.535
"622","Colombia",1998,2.481
"623","Colombia",1999,2.432
"624","Colombia",2000,2.389
"625","Colombia",2001,2.349
"626","Colombia",2002,2.311
"627","Colombia",2003,2.274
"628","Colombia",2004,2.236
"629","Colombia",2005,2.197
"630","Colombia",2006,2.157
"631","Colombia",2007,2.118
"632","Colombia",2008,2.08
"633","Colombia",2009,2.044
"634","Colombia",2010,2.01
"635","Colombia",2011,1.978
"636","Colombia",2012,1.948
"637","Colombia",2013,1.921
"638","Colombia",2014,1.897
"639","Colombia",2015,1.874
"640","Colombia",2016,1.853
"641","Costa Rica",1985,3.411
"642","Costa Rica",1986,3.371
"643","Costa Rica",1987,3.328
"644","Costa Rica",1988,3.281
"645","Costa Rica",1989,3.229
"646","Costa Rica",1990,3.172
"647","Costa Rica",1991,3.11
"648","Costa Rica",1992,3.044
"649","Costa Rica",1993,2.973
"650","Costa Rica",1994,2.899
"651","Costa Rica",1995,2.821
"652","Costa Rica",1996,2.737
"653","Costa Rica",1997,2.649
"654","Costa Rica",1998,2.557
"655","Costa Rica",1999,2.463
"656","Costa Rica",2000,2.373
"657","Costa Rica",2001,2.29
"658","Costa Rica",2002,2.216
"659","Costa Rica",2003,2.155
"660","Costa Rica",2004,2.105
"661","Costa Rica",2005,2.065
"662","Costa Rica",2006,2.034
"663","Costa Rica",2007,2.006
"664","Costa Rica",2008,1.979
"665","Costa Rica",2009,1.951
"666","Costa Rica",2010,1.922
"667","Costa Rica",2011,1.893
"668","Costa Rica",2012,1.866
"669","Costa Rica",2013,1.841
"670","Costa Rica",2014,1.819
"671","Costa Rica",2015,1.8
"672","Costa Rica",2016,1.783
"673","Croatia",1985,1.82
"674","Croatia",1986,1.76
"675","Croatia",1987,1.64
"676","Croatia",1988,1.79
"677","Croatia",1989,1.63
"678","Croatia",1990,1.63
"679","Croatia",1991,1.53
"680","Croatia",1992,1.48
"681","Croatia",1993,1.52
"682","Croatia",1994,1.47
"683","Croatia",1995,1.58
"684","Croatia",1996,1.67
"685","Croatia",1997,1.69
"686","Croatia",1998,1.45
"687","Croatia",1999,1.38
"688","Croatia",2000,1.39
"689","Croatia",2001,1.46
"690","Croatia",2002,1.42
"691","Croatia",2003,1.41
"692","Croatia",2004,1.43
"693","Croatia",2005,1.5
"694","Croatia",2006,1.47
"695","Croatia",2007,1.48
"696","Croatia",2008,1.55
"697","Croatia",2009,1.58
"698","Croatia",2010,1.55
"699","Croatia",2011,1.48
"700","Croatia",2012,1.51
"701","Croatia",2013,1.46
"702","Croatia",2014,1.46
"703","Croatia",2015,1.4
"704","Croatia",2016,1.4
"705","Cuba",1985,1.837
"706","Cuba",1986,1.836
"707","Cuba",1987,1.826
"708","Cuba",1988,1.809
"709","Cuba",1989,1.782
"710","Cuba",1990,1.75
"711","Cuba",1991,1.715
"712","Cuba",1992,1.684
"713","Cuba",1993,1.66
"714","Cuba",1994,1.645
"715","Cuba",1995,1.637
"716","Cuba",1996,1.635
"717","Cuba",1997,1.634
"718","Cuba",1998,1.631
"719","Cuba",1999,1.625
"720","Cuba",2000,1.617
"721","Cuba",2001,1.606
"722","Cuba",2002,1.594
"723","Cuba",2003,1.583
"724","Cuba",2004,1.575
"725","Cuba",2005,1.57
"726","Cuba",2006,1.572
"727","Cuba",2007,1.581
"728","Cuba",2008,1.596
"729","Cuba",2009,1.616
"730","Cuba",2010,1.639
"731","Cuba",2011,1.663
"732","Cuba",2012,1.685
"733","Cuba",2013,1.702
"734","Cuba",2014,1.713
"735","Cuba",2015,1.72
"736","Cuba",2016,1.722
"737","Cyprus",1985,2.458
"738","Cyprus",1986,2.456
"739","Cyprus",1987,2.45
"740","Cyprus",1988,2.442
"741","Cyprus",1989,2.43
"742","Cyprus",1990,2.411
"743","Cyprus",1991,2.381
"744","Cyprus",1992,2.337
"745","Cyprus",1993,2.278
"746","Cyprus",1994,2.206
"747","Cyprus",1995,2.124
"748","Cyprus",1996,2.036
"749","Cyprus",1997,1.946
"750","Cyprus",1998,1.861
"751","Cyprus",1999,1.783
"752","Cyprus",2000,1.716
"753","Cyprus",2001,1.66
"754","Cyprus",2002,1.614
"755","Cyprus",2003,1.576
"756","Cyprus",2004,1.545
"757","Cyprus",2005,1.52
"758","Cyprus",2006,1.498
"759","Cyprus",2007,1.479
"760","Cyprus",2008,1.461
"761","Cyprus",2009,1.443
"762","Cyprus",2010,1.424
"763","Cyprus",2011,1.405
"764","Cyprus",2012,1.388
"765","Cyprus",2013,1.373
"766","Cyprus",2014,1.36
"767","Cyprus",2015,1.35
"768","Cyprus",2016,1.343
"769","Czech Republic",1985,1.95
"770","Czech Republic",1986,1.92
"771","Czech Republic",1987,1.91
"772","Czech Republic",1988,1.94
"773","Czech Republic",1989,1.87
"774","Czech Republic",1990,1.9
"775","Czech Republic",1991,1.86
"776","Czech Republic",1992,1.71
"777","Czech Republic",1993,1.67
"778","Czech Republic",1994,1.44
"779","Czech Republic",1995,1.28
"780","Czech Republic",1996,1.18
"781","Czech Republic",1997,1.17
"782","Czech Republic",1998,1.16
"783","Czech Republic",1999,1.13
"784","Czech Republic",2000,1.15
"785","Czech Republic",2001,1.15
"786","Czech Republic",2002,1.17
"787","Czech Republic",2003,1.18
"788","Czech Republic",2004,1.23
"789","Czech Republic",2005,1.29
"790","Czech Republic",2006,1.34
"791","Czech Republic",2007,1.45
"792","Czech Republic",2008,1.51
"793","Czech Republic",2009,1.51
"794","Czech Republic",2010,1.51
"795","Czech Republic",2011,1.43
"796","Czech Republic",2012,1.45
"797","Czech Republic",2013,1.46
"798","Czech Republic",2014,1.53
"799","Czech Republic",2015,1.57
"800","Czech Republic",2016,1.57
"801","Denmark",1985,1.45
"802","Denmark",1986,1.48
"803","Denmark",1987,1.5
"804","Denmark",1988,1.56
"805","Denmark",1989,1.62
"806","Denmark",1990,1.67
"807","Denmark",1991,1.68
"808","Denmark",1992,1.76
"809","Denmark",1993,1.75
"810","Denmark",1994,1.81
"811","Denmark",1995,1.8
"812","Denmark",1996,1.75
"813","Denmark",1997,1.75
"814","Denmark",1998,1.72
"815","Denmark",1999,1.73
"816","Denmark",2000,1.77
"817","Denmark",2001,1.74
"818","Denmark",2002,1.72
"819","Denmark",2003,1.76
"820","Denmark",2004,1.78
"821","Denmark",2005,1.8
"822","Denmark",2006,1.85
"823","Denmark",2007,1.84
"824","Denmark",2008,1.89
"825","Denmark",2009,1.84
"826","Denmark",2010,1.87
"827","Denmark",2011,1.75
"828","Denmark",2012,1.73
"829","Denmark",2013,1.67
"830","Denmark",2014,1.69
"831","Denmark",2015,1.71
"832","Denmark",2016,1.71
"833","Dominica",1987,3
"834","Dominica",1988,2.80700218818379
"835","Dominica",1989,2.73785557986869
"836","Dominica",1990,2.6687089715536
"837","Dominica",1991,2.59956236323848
"838","Dominica",1992,2.5
"839","Dominica",1993,2.46126914660829
"840","Dominica",1994,2.39212253829319
"841","Dominica",1995,2.3229759299781
"842","Dominica",1996,2.25382932166301
"843","Dominica",1997,1.9
"844","Dominica",1998,2.11553610503279
"845","Dominica",1999,2.04638949671769
"846","Dominica",2000,1.9772428884026
"847","Dominica",2001,1.90809628008751
"848","Dominica",2002,1.9
"849","Dominica",2003,1.9
"850","Ecuador",1985,4.213
"851","Ecuador",1986,4.123
"852","Ecuador",1987,4.034
"853","Ecuador",1988,3.945
"854","Ecuador",1989,3.856
"855","Ecuador",1990,3.767
"856","Ecuador",1991,3.679
"857","Ecuador",1992,3.594
"858","Ecuador",1993,3.514
"859","Ecuador",1994,3.437
"860","Ecuador",1995,3.364
"861","Ecuador",1996,3.294
"862","Ecuador",1997,3.225
"863","Ecuador",1998,3.157
"864","Ecuador",1999,3.09
"865","Ecuador",2000,3.027
"866","Ecuador",2001,2.968
"867","Ecuador",2002,2.914
"868","Ecuador",2003,2.868
"869","Ecuador",2004,2.828
"870","Ecuador",2005,2.793
"871","Ecuador",2006,2.763
"872","Ecuador",2007,2.736
"873","Ecuador",2008,2.71
"874","Ecuador",2009,2.684
"875","Ecuador",2010,2.656
"876","Ecuador",2011,2.628
"877","Ecuador",2012,2.599
"878","Ecuador",2013,2.571
"879","Ecuador",2014,2.542
"880","Ecuador",2015,2.514
"881","Ecuador",2016,2.486
"882","El Salvador",1985,4.433
"883","El Salvador",1986,4.322
"884","El Salvador",1987,4.221
"885","El Salvador",1988,4.129
"886","El Salvador",1989,4.043
"887","El Salvador",1990,3.964
"888","El Salvador",1991,3.889
"889","El Salvador",1992,3.815
"890","El Salvador",1993,3.74
"891","El Salvador",1994,3.662
"892","El Salvador",1995,3.577
"893","El Salvador",1996,3.482
"894","El Salvador",1997,3.377
"895","El Salvador",1998,3.263
"896","El Salvador",1999,3.144
"897","El Salvador",2000,3.022
"898","El Salvador",2001,2.903
"899","El Salvador",2002,2.792
"900","El Salvador",2003,2.691
"901","El Salvador",2004,2.604
"902","El Salvador",2005,2.529
"903","El Salvador",2006,2.465
"904","El Salvador",2007,2.41
"905","El Salvador",2008,2.358
"906","El Salvador",2009,2.31
"907","El Salvador",2010,2.265
"908","El Salvador",2011,2.224
"909","El Salvador",2012,2.187
"910","El Salvador",2013,2.155
"911","El Salvador",2014,2.126
"912","El Salvador",2015,2.101
"913","El Salvador",2016,2.079
"914","Estonia",1985,2.13
"915","Estonia",1986,2.18
"916","Estonia",1987,2.27
"917","Estonia",1988,2.27
"918","Estonia",1989,2.22
"919","Estonia",1990,2.05
"920","Estonia",1991,1.8
"921","Estonia",1992,1.71
"922","Estonia",1993,1.49
"923","Estonia",1994,1.42
"924","Estonia",1995,1.38
"925","Estonia",1996,1.37
"926","Estonia",1997,1.32
"927","Estonia",1998,1.28
"928","Estonia",1999,1.3
"929","Estonia",2000,1.36
"930","Estonia",2001,1.32
"931","Estonia",2002,1.36
"932","Estonia",2003,1.37
"933","Estonia",2004,1.47
"934","Estonia",2005,1.52
"935","Estonia",2006,1.58
"936","Estonia",2007,1.69
"937","Estonia",2008,1.72
"938","Estonia",2009,1.7
"939","Estonia",2010,1.72
"940","Estonia",2011,1.61
"941","Estonia",2012,1.56
"942","Estonia",2013,1.52
"943","Estonia",2014,1.54
"944","Estonia",2015,1.58
"945","Estonia",2016,1.58
"946","Fiji",1985,3.629
"947","Fiji",1986,3.568
"948","Fiji",1987,3.512
"949","Fiji",1988,3.465
"950","Fiji",1989,3.427
"951","Fiji",1990,3.398
"952","Fiji",1991,3.374
"953","Fiji",1992,3.352
"954","Fiji",1993,3.33
"955","Fiji",1994,3.305
"956","Fiji",1995,3.276
"957","Fiji",1996,3.244
"958","Fiji",1997,3.209
"959","Fiji",1998,3.171
"960","Fiji",1999,3.132
"961","Fiji",2000,3.09
"962","Fiji",2001,3.046
"963","Fiji",2002,3.001
"964","Fiji",2003,2.954
"965","Fiji",2004,2.907
"966","Fiji",2005,2.86
"967","Fiji",2006,2.816
"968","Fiji",2007,2.774
"969","Fiji",2008,2.735
"970","Fiji",2009,2.701
"971","Fiji",2010,2.669
"972","Fiji",2011,2.641
"973","Fiji",2012,2.615
"974","Fiji",2013,2.59
"975","Fiji",2014,2.565
"976","Fiji",2015,2.541
"977","Fiji",2016,2.516
"978","Finland",1985,1.64
"979","Finland",1986,1.6
"980","Finland",1987,1.59
"981","Finland",1988,1.69
"982","Finland",1989,1.71
"983","Finland",1990,1.78
"984","Finland",1991,1.79
"985","Finland",1992,1.85
"986","Finland",1993,1.81
"987","Finland",1994,1.85
"988","Finland",1995,1.81
"989","Finland",1996,1.76
"990","Finland",1997,1.75
"991","Finland",1998,1.7
"992","Finland",1999,1.73
"993","Finland",2000,1.73
"994","Finland",2001,1.73
"995","Finland",2002,1.72
"996","Finland",2003,1.76
"997","Finland",2004,1.8
"998","Finland",2005,1.8
"999","Finland",2006,1.84
"1000","Finland",2007,1.83
"1001","Finland",2008,1.85
"1002","Finland",2009,1.86
"1003","Finland",2010,1.87
"1004","Finland",2011,1.83
"1005","Finland",2012,1.8
"1006","Finland",2013,1.75
"1007","Finland",2014,1.71
"1008","Finland",2015,1.65
"1009","Finland",2016,1.65
"1010","France",1985,1.86
"1011","France",1986,1.85
"1012","France",1987,1.83
"1013","France",1988,1.81
"1014","France",1989,1.79
"1015","France",1990,1.77
"1016","France",1991,1.75
"1017","France",1992,1.74
"1018","France",1993,1.73
"1019","France",1994,1.73
"1020","France",1995,1.74
"1021","France",1996,1.75
"1022","France",1997,1.77
"1023","France",1998,1.78
"1024","France",1999,1.81
"1025","France",2000,1.89
"1026","France",2001,1.9
"1027","France",2002,1.88
"1028","France",2003,1.89
"1029","France",2004,1.92
"1030","France",2005,1.94
"1031","France",2006,2
"1032","France",2007,1.98
"1033","France",2008,2.01
"1034","France",2009,2
"1035","France",2010,2.03
"1036","France",2011,2.01
"1037","France",2012,2.01
"1038","France",2013,1.99
"1039","France",2014,2.01
"1040","France",2015,1.96
"1041","France",2016,1.96
"1042","Georgia",1985,2.273
"1043","Georgia",1986,2.269
"1044","Georgia",1987,2.26
"1045","Georgia",1988,2.243
"1046","Georgia",1989,2.217
"1047","Georgia",1990,2.18
"1048","Georgia",1991,2.132
"1049","Georgia",1992,2.076
"1050","Georgia",1993,2.013
"1051","Georgia",1994,1.946
"1052","Georgia",1995,1.879
"1053","Georgia",1996,1.812
"1054","Georgia",1997,1.749
"1055","Georgia",1998,1.692
"1056","Georgia",1999,1.643
"1057","Georgia",2000,1.608
"1058","Georgia",2001,1.589
"1059","Georgia",2002,1.586
"1060","Georgia",2003,1.599
"1061","Georgia",2004,1.625
"1062","Georgia",2005,1.664
"1063","Georgia",2006,1.712
"1064","Georgia",2007,1.766
"1065","Georgia",2008,1.821
"1066","Georgia",2009,1.873
"1067","Georgia",2010,1.918
"1068","Georgia",2011,1.954
"1069","Georgia",2012,1.98
"1070","Georgia",2013,1.996
"1071","Georgia",2014,2.003
"1072","Georgia",2015,2.003
"1073","Georgia",2016,1.996
"1074","Germany",1985,1.37
"1075","Germany",1986,1.43
"1076","Germany",1987,1.43
"1077","Germany",1988,1.46
"1078","Germany",1989,1.42
"1079","Germany",1990,1.45
"1080","Germany",1991,1.33
"1081","Germany",1992,1.29
"1082","Germany",1993,1.28
"1083","Germany",1994,1.24
"1084","Germany",1995,1.25
"1085","Germany",1996,1.3
"1086","Germany",1997,1.35
"1087","Germany",1998,1.36
"1088","Germany",1999,1.36
"1089","Germany",2000,1.38
"1090","Germany",2001,1.35
"1091","Germany",2002,1.34
"1092","Germany",2003,1.34
"1093","Germany",2004,1.36
"1094","Germany",2005,1.34
"1095","Germany",2006,1.33
"1096","Germany",2007,1.37
"1097","Germany",2008,1.38
"1098","Germany",2009,1.36
"1099","Germany",2010,1.39
"1100","Germany",2011,1.39
"1101","Germany",2012,1.41
"1102","Germany",2013,1.42
"1103","Germany",2014,1.47
"1104","Germany",2015,1.5
"1105","Germany",2016,1.5
"1106","Greece",1985,1.67
"1107","Greece",1986,1.6
"1108","Greece",1987,1.5
"1109","Greece",1988,1.5
"1110","Greece",1989,1.4
"1111","Greece",1990,1.39
"1112","Greece",1991,1.37
"1113","Greece",1992,1.36
"1114","Greece",1993,1.32
"1115","Greece",1994,1.33
"1116","Greece",1995,1.28
"1117","Greece",1996,1.26
"1118","Greece",1997,1.27
"1119","Greece",1998,1.24
"1120","Greece",1999,1.23
"1121","Greece",2000,1.25
"1122","Greece",2001,1.25
"1123","Greece",2002,1.28
"1124","Greece",2003,1.29
"1125","Greece",2004,1.31
"1126","Greece",2005,1.34
"1127","Greece",2006,1.4
"1128","Greece",2007,1.41
"1129","Greece",2008,1.5
"1130","Greece",2009,1.5
"1131","Greece",2010,1.48
"1132","Greece",2011,1.4
"1133","Greece",2012,1.34
"1134","Greece",2013,1.29
"1135","Greece",2014,1.3
"1136","Greece",2015,1.33
"1137","Greece",2016,1.33
"1138","Grenada",1985,4.231
"1139","Grenada",1986,4.2
"1140","Grenada",1987,4.146
"1141","Grenada",1988,4.068
"1142","Grenada",1989,3.966
"1143","Grenada",1990,3.842
"1144","Grenada",1991,3.701
"1145","Grenada",1992,3.551
"1146","Grenada",1993,3.401
"1147","Grenada",1994,3.254
"1148","Grenada",1995,3.116
"1149","Grenada",1996,2.988
"1150","Grenada",1997,2.87
"1151","Grenada",1998,2.762
"1152","Grenada",1999,2.666
"1153","Grenada",2000,2.582
"1154","Grenada",2001,2.512
"1155","Grenada",2002,2.455
"1156","Grenada",2003,2.409
"1157","Grenada",2004,2.373
"1158","Grenada",2005,2.344
"1159","Grenada",2006,2.321
"1160","Grenada",2007,2.301
"1161","Grenada",2008,2.282
"1162","Grenada",2009,2.262
"1163","Grenada",2010,2.24
"1164","Grenada",2011,2.217
"1165","Grenada",2012,2.194
"1166","Grenada",2013,2.171
"1167","Grenada",2014,2.148
"1168","Grenada",2015,2.126
"1169","Grenada",2016,2.104
"1170","Guatemala",1985,5.865
"1171","Guatemala",1986,5.757
"1172","Guatemala",1987,5.658
"1173","Guatemala",1988,5.572
"1174","Guatemala",1989,5.5
"1175","Guatemala",1990,5.437
"1176","Guatemala",1991,5.38
"1177","Guatemala",1992,5.32
"1178","Guatemala",1993,5.252
"1179","Guatemala",1994,5.174
"1180","Guatemala",1995,5.087
"1181","Guatemala",1996,4.993
"1182","Guatemala",1997,4.895
"1183","Guatemala",1998,4.797
"1184","Guatemala",1999,4.699
"1185","Guatemala",2000,4.598
"1186","Guatemala",2001,4.49
"1187","Guatemala",2002,4.372
"1188","Guatemala",2003,4.245
"1189","Guatemala",2004,4.11
"1190","Guatemala",2005,3.971
"1191","Guatemala",2006,3.833
"1192","Guatemala",2007,3.701
"1193","Guatemala",2008,3.58
"1194","Guatemala",2009,3.471
"1195","Guatemala",2010,3.375
"1196","Guatemala",2011,3.292
"1197","Guatemala",2012,3.219
"1198","Guatemala",2013,3.151
"1199","Guatemala",2014,3.089
"1200","Guatemala",2015,3.029
"1201","Guatemala",2016,2.973
"1202","Guyana",1985,3.354
"1203","Guyana",1986,3.263
"1204","Guyana",1987,3.186
"1205","Guyana",1988,3.127
"1206","Guyana",1989,3.089
"1207","Guyana",1990,3.069
"1208","Guyana",1991,3.063
"1209","Guyana",1992,3.066
"1210","Guyana",1993,3.071
"1211","Guyana",1994,3.074
"1212","Guyana",1995,3.074
"1213","Guyana",1996,3.069
"1214","Guyana",1997,3.061
"1215","Guyana",1998,3.05
"1216","Guyana",1999,3.036
"1217","Guyana",2000,3.017
"1218","Guyana",2001,2.992
"1219","Guyana",2002,2.961
"1220","Guyana",2003,2.924
"1221","Guyana",2004,2.883
"1222","Guyana",2005,2.84
"1223","Guyana",2006,2.797
"1224","Guyana",2007,2.755
"1225","Guyana",2008,2.718
"1226","Guyana",2009,2.684
"1227","Guyana",2010,2.655
"1228","Guyana",2011,2.63
"1229","Guyana",2012,2.606
"1230","Guyana",2013,2.582
"1231","Guyana",2014,2.559
"1232","Guyana",2015,2.534
"1233","Guyana",2016,2.51
"1234","Hungary",1985,1.85
"1235","Hungary",1986,1.84
"1236","Hungary",1987,1.82
"1237","Hungary",1988,1.81
"1238","Hungary",1989,1.82
"1239","Hungary",1990,1.87
"1240","Hungary",1991,1.87
"1241","Hungary",1992,1.77
"1242","Hungary",1993,1.68
"1243","Hungary",1994,1.64
"1244","Hungary",1995,1.57
"1245","Hungary",1996,1.46
"1246","Hungary",1997,1.37
"1247","Hungary",1998,1.32
"1248","Hungary",1999,1.28
"1249","Hungary",2000,1.32
"1250","Hungary",2001,1.31
"1251","Hungary",2002,1.3
"1252","Hungary",2003,1.27
"1253","Hungary",2004,1.28
"1254","Hungary",2005,1.31
"1255","Hungary",2006,1.34
"1256","Hungary",2007,1.32
"1257","Hungary",2008,1.35
"1258","Hungary",2009,1.32
"1259","Hungary",2010,1.25
"1260","Hungary",2011,1.23
"1261","Hungary",2012,1.34
"1262","Hungary",2013,1.35
"1263","Hungary",2014,1.44
"1264","Hungary",2015,1.45
"1265","Hungary",2016,1.45
"1266","Iceland",1985,1.93
"1267","Iceland",1986,1.92
"1268","Iceland",1987,2.06
"1269","Iceland",1988,2.26
"1270","Iceland",1989,2.19
"1271","Iceland",1990,2.3
"1272","Iceland",1991,2.18
"1273","Iceland",1992,2.21
"1274","Iceland",1993,2.22
"1275","Iceland",1994,2.14
"1276","Iceland",1995,2.08
"1277","Iceland",1996,2.12
"1278","Iceland",1997,2.04
"1279","Iceland",1998,2.05
"1280","Iceland",1999,1.99
"1281","Iceland",2000,2.08
"1282","Iceland",2001,1.95
"1283","Iceland",2002,1.93
"1284","Iceland",2003,1.99
"1285","Iceland",2004,2.04
"1286","Iceland",2005,2.05
"1287","Iceland",2006,2.08
"1288","Iceland",2007,2.09
"1289","Iceland",2008,2.15
"1290","Iceland",2009,2.23
"1291","Iceland",2010,2.2
"1292","Iceland",2011,2.02
"1293","Iceland",2012,2.04
"1294","Iceland",2013,1.93
"1295","Iceland",2014,1.93
"1296","Iceland",2015,1.8
"1297","Iceland",2016,1.8
"1298","Ireland",1985,2.48
"1299","Ireland",1986,2.44
"1300","Ireland",1987,2.32
"1301","Ireland",1988,2.17
"1302","Ireland",1989,2.08
"1303","Ireland",1990,2.11
"1304","Ireland",1991,2.08
"1305","Ireland",1992,1.99
"1306","Ireland",1993,1.9
"1307","Ireland",1994,1.85
"1308","Ireland",1995,1.84
"1309","Ireland",1996,1.88
"1310","Ireland",1997,1.93
"1311","Ireland",1998,1.94
"1312","Ireland",1999,1.9
"1313","Ireland",2000,1.89
"1314","Ireland",2001,1.94
"1315","Ireland",2002,1.97
"1316","Ireland",2003,1.96
"1317","Ireland",2004,1.93
"1318","Ireland",2005,1.86
"1319","Ireland",2006,1.91
"1320","Ireland",2007,2.01
"1321","Ireland",2008,2.06
"1322","Ireland",2009,2.06
"1323","Ireland",2010,2.05
"1324","Ireland",2011,2.03
"1325","Ireland",2012,2
"1326","Ireland",2013,1.96
"1327","Ireland",2014,1.94
"1328","Ireland",2015,1.92
"1329","Ireland",2016,1.92
"1330","Israel",1985,3.058
"1331","Israel",1986,3.034
"1332","Israel",1987,3.01
"1333","Israel",1988,2.948
"1334","Israel",1989,2.886
"1335","Israel",1990,2.824
"1336","Israel",1991,2.762
"1337","Israel",1992,2.7
"1338","Israel",1993,2.8
"1339","Israel",1994,2.9
"1340","Israel",1995,2.9
"1341","Israel",1996,2.9
"1342","Israel",1997,2.94
"1343","Israel",1998,2.98
"1344","Israel",1999,2.965
"1345","Israel",2000,2.95
"1346","Israel",2001,2.92
"1347","Israel",2002,2.89
"1348","Israel",2003,2.95
"1349","Israel",2004,2.9
"1350","Israel",2005,2.84
"1351","Israel",2006,2.88
"1352","Israel",2007,2.9
"1353","Israel",2008,2.96
"1354","Israel",2009,2.96
"1355","Israel",2010,3.03
"1356","Israel",2011,2.98
"1357","Israel",2012,3.05
"1358","Israel",2013,3.03
"1359","Israel",2014,3.08
"1360","Israel",2015,3.09
"1361","Israel",2016,3.11
"1362","Italy",1985,1.42
"1363","Italy",1986,1.35
"1364","Italy",1987,1.33
"1365","Italy",1988,1.36
"1366","Italy",1989,1.33
"1367","Italy",1990,1.33
"1368","Italy",1991,1.3
"1369","Italy",1992,1.3
"1370","Italy",1993,1.25
"1371","Italy",1994,1.21
"1372","Italy",1995,1.19
"1373","Italy",1996,1.2
"1374","Italy",1997,1.21
"1375","Italy",1998,1.21
"1376","Italy",1999,1.23
"1377","Italy",2000,1.26
"1378","Italy",2001,1.25
"1379","Italy",2002,1.27
"1380","Italy",2003,1.29
"1381","Italy",2004,1.34
"1382","Italy",2005,1.34
"1383","Italy",2006,1.37
"1384","Italy",2007,1.4
"1385","Italy",2008,1.45
"1386","Italy",2009,1.45
"1387","Italy",2010,1.46
"1388","Italy",2011,1.44
"1389","Italy",2012,1.43
"1390","Italy",2013,1.39
"1391","Italy",2014,1.37
"1392","Italy",2015,1.35
"1393","Italy",2016,1.35
"1394","Jamaica",1985,3.308
"1395","Jamaica",1986,3.223
"1396","Jamaica",1987,3.142
"1397","Jamaica",1988,3.069
"1398","Jamaica",1989,3.003
"1399","Jamaica",1990,2.947
"1400","Jamaica",1991,2.899
"1401","Jamaica",1992,2.86
"1402","Jamaica",1993,2.826
"1403","Jamaica",1994,2.797
"1404","Jamaica",1995,2.768
"1405","Jamaica",1996,2.738
"1406","Jamaica",1997,2.704
"1407","Jamaica",1998,2.666
"1408","Jamaica",1999,2.623
"1409","Jamaica",2000,2.577
"1410","Jamaica",2001,2.529
"1411","Jamaica",2002,2.482
"1412","Jamaica",2003,2.439
"1413","Jamaica",2004,2.398
"1414","Jamaica",2005,2.361
"1415","Jamaica",2006,2.325
"1416","Jamaica",2007,2.289
"1417","Jamaica",2008,2.251
"1418","Jamaica",2009,2.212
"1419","Jamaica",2010,2.173
"1420","Jamaica",2011,2.136
"1421","Jamaica",2012,2.102
"1422","Jamaica",2013,2.072
"1423","Jamaica",2014,2.047
"1424","Jamaica",2015,2.026
"1425","Jamaica",2016,2.009
"1426","Japan",1985,1.76
"1427","Japan",1986,1.72
"1428","Japan",1987,1.69
"1429","Japan",1988,1.66
"1430","Japan",1989,1.57
"1431","Japan",1990,1.54
"1432","Japan",1991,1.53
"1433","Japan",1992,1.502
"1434","Japan",1993,1.458
"1435","Japan",1994,1.5
"1436","Japan",1995,1.422
"1437","Japan",1996,1.425
"1438","Japan",1997,1.388
"1439","Japan",1998,1.384
"1440","Japan",1999,1.342
"1441","Japan",2000,1.359
"1442","Japan",2001,1.33
"1443","Japan",2002,1.32
"1444","Japan",2003,1.29
"1445","Japan",2004,1.29
"1446","Japan",2005,1.26
"1447","Japan",2006,1.32
"1448","Japan",2007,1.34
"1449","Japan",2008,1.37
"1450","Japan",2009,1.37
"1451","Japan",2010,1.39
"1452","Japan",2011,1.39
"1453","Japan",2012,1.41
"1454","Japan",2013,1.43
"1455","Japan",2014,1.42
"1456","Japan",2015,1.45
"1457","Japan",2016,1.44
"1458","Kazakhstan",1985,3.08
"1459","Kazakhstan",1986,3.135
"1460","Kazakhstan",1987,3.19
"1461","Kazakhstan",1988,3.13
"1462","Kazakhstan",1989,2.82
"1463","Kazakhstan",1990,2.72
"1464","Kazakhstan",1991,2.61
"1465","Kazakhstan",1992,2.5
"1466","Kazakhstan",1993,2.3
"1467","Kazakhstan",1994,2.28
"1468","Kazakhstan",1995,2.26
"1469","Kazakhstan",1996,2.13
"1470","Kazakhstan",1997,2
"1471","Kazakhstan",1998,1.8
"1472","Kazakhstan",1999,1.7
"1473","Kazakhstan",2000,1.8
"1474","Kazakhstan",2001,1.9
"1475","Kazakhstan",2002,2
"1476","Kazakhstan",2003,2.03
"1477","Kazakhstan",2004,2.21
"1478","Kazakhstan",2005,2.22
"1479","Kazakhstan",2006,2.36
"1480","Kazakhstan",2007,2.5
"1481","Kazakhstan",2008,2.7
"1482","Kazakhstan",2009,2.55
"1483","Kazakhstan",2010,2.6
"1484","Kazakhstan",2011,2.59
"1485","Kazakhstan",2012,2.62
"1486","Kazakhstan",2013,2.64
"1487","Kazakhstan",2014,2.74
"1488","Kazakhstan",2015,2.73
"1489","Kazakhstan",2016,2.73
"1490","Kiribati",1985,4.912
"1491","Kiribati",1986,4.871
"1492","Kiribati",1987,4.829
"1493","Kiribati",1988,4.784
"1494","Kiribati",1989,4.738
"1495","Kiribati",1990,4.688
"1496","Kiribati",1991,4.635
"1497","Kiribati",1992,4.576
"1498","Kiribati",1993,4.512
"1499","Kiribati",1994,4.445
"1500","Kiribati",1995,4.374
"1501","Kiribati",1996,4.304
"1502","Kiribati",1997,4.235
"1503","Kiribati",1998,4.17
"1504","Kiribati",1999,4.11
"1505","Kiribati",2000,4.058
"1506","Kiribati",2001,4.015
"1507","Kiribati",2002,3.979
"1508","Kiribati",2003,3.95
"1509","Kiribati",2004,3.927
"1510","Kiribati",2005,3.909
"1511","Kiribati",2006,3.895
"1512","Kiribati",2007,3.883
"1513","Kiribati",2008,3.872
"1514","Kiribati",2009,3.859
"1515","Kiribati",2010,3.843
"1516","Kiribati",2011,3.822
"1517","Kiribati",2012,3.796
"1518","Kiribati",2013,3.766
"1519","Kiribati",2014,3.731
"1520","Kiribati",2015,3.693
"1521","Kiribati",2016,3.651
"1522","Kuwait",1985,4.357
"1523","Kuwait",1986,4.074
"1524","Kuwait",1987,3.777
"1525","Kuwait",1988,3.482
"1526","Kuwait",1989,3.205
"1527","Kuwait",1990,2.967
"1528","Kuwait",1991,2.791
"1529","Kuwait",1992,2.682
"1530","Kuwait",1993,2.641
"1531","Kuwait",1994,2.66
"1532","Kuwait",1995,2.72
"1533","Kuwait",1996,2.796
"1534","Kuwait",1997,2.861
"1535","Kuwait",1998,2.895
"1536","Kuwait",1999,2.89
"1537","Kuwait",2000,2.845
"1538","Kuwait",2001,2.773
"1539","Kuwait",2002,2.691
"1540","Kuwait",2003,2.616
"1541","Kuwait",2004,2.552
"1542","Kuwait",2005,2.498
"1543","Kuwait",2006,2.45
"1544","Kuwait",2007,2.4
"1545","Kuwait",2008,2.344
"1546","Kuwait",2009,2.281
"1547","Kuwait",2010,2.215
"1548","Kuwait",2011,2.151
"1549","Kuwait",2012,2.094
"1550","Kuwait",2013,2.046
"1551","Kuwait",2014,2.011
"1552","Kuwait",2015,1.986
"1553","Kuwait",2016,1.97
"1554","Latvia",1985,2.08
"1555","Latvia",1986,2.12
"1556","Latvia",1987,2.15
"1557","Latvia",1988,2.11
"1558","Latvia",1989,2.05
"1559","Latvia",1990,2.02
"1560","Latvia",1991,1.86
"1561","Latvia",1992,1.73
"1562","Latvia",1993,1.51
"1563","Latvia",1994,1.39
"1564","Latvia",1995,1.25
"1565","Latvia",1996,1.16
"1566","Latvia",1997,1.11
"1567","Latvia",1998,1.09
"1568","Latvia",1999,1.16
"1569","Latvia",2000,1.25
"1570","Latvia",2001,1.22
"1571","Latvia",2002,1.26
"1572","Latvia",2003,1.32
"1573","Latvia",2004,1.29
"1574","Latvia",2005,1.39
"1575","Latvia",2006,1.46
"1576","Latvia",2007,1.54
"1577","Latvia",2008,1.58
"1578","Latvia",2009,1.46
"1579","Latvia",2010,1.36
"1580","Latvia",2011,1.33
"1581","Latvia",2012,1.44
"1582","Latvia",2013,1.52
"1583","Latvia",2014,1.65
"1584","Latvia",2015,1.7
"1585","Latvia",2016,1.7
"1586","Lithuania",1985,2.08
"1587","Lithuania",1986,2.12
"1588","Lithuania",1987,2.11
"1589","Lithuania",1988,2.02
"1590","Lithuania",1989,1.98
"1591","Lithuania",1990,2.03
"1592","Lithuania",1991,2.01
"1593","Lithuania",1992,1.97
"1594","Lithuania",1993,1.74
"1595","Lithuania",1994,1.57
"1596","Lithuania",1995,1.55
"1597","Lithuania",1996,1.49
"1598","Lithuania",1997,1.47
"1599","Lithuania",1998,1.46
"1600","Lithuania",1999,1.46
"1601","Lithuania",2000,1.39
"1602","Lithuania",2001,1.29
"1603","Lithuania",2002,1.23
"1604","Lithuania",2003,1.26
"1605","Lithuania",2004,1.27
"1606","Lithuania",2005,1.29
"1607","Lithuania",2006,1.33
"1608","Lithuania",2007,1.36
"1609","Lithuania",2008,1.45
"1610","Lithuania",2009,1.5
"1611","Lithuania",2010,1.5
"1612","Lithuania",2011,1.55
"1613","Lithuania",2012,1.6
"1614","Lithuania",2013,1.59
"1615","Lithuania",2014,1.63
"1616","Lithuania",2015,1.7
"1617","Lithuania",2016,1.7
"1618","Luxembourg",1985,1.38
"1619","Luxembourg",1986,1.43
"1620","Luxembourg",1987,1.4
"1621","Luxembourg",1988,1.51
"1622","Luxembourg",1989,1.52
"1623","Luxembourg",1990,1.6
"1624","Luxembourg",1991,1.6
"1625","Luxembourg",1992,1.64
"1626","Luxembourg",1993,1.7
"1627","Luxembourg",1994,1.72
"1628","Luxembourg",1995,1.7
"1629","Luxembourg",1996,1.77
"1630","Luxembourg",1997,1.71
"1631","Luxembourg",1998,1.68
"1632","Luxembourg",1999,1.74
"1633","Luxembourg",2000,1.76
"1634","Luxembourg",2001,1.66
"1635","Luxembourg",2002,1.63
"1636","Luxembourg",2003,1.62
"1637","Luxembourg",2004,1.66
"1638","Luxembourg",2005,1.63
"1639","Luxembourg",2006,1.65
"1640","Luxembourg",2007,1.61
"1641","Luxembourg",2008,1.61
"1642","Luxembourg",2009,1.59
"1643","Luxembourg",2010,1.63
"1644","Luxembourg",2011,1.52
"1645","Luxembourg",2012,1.57
"1646","Luxembourg",2013,1.55
"1647","Luxembourg",2014,1.5
"1648","Luxembourg",2015,1.47
"1649","Luxembourg",2016,1.47
"1650","Maldives",1985,7.106
"1651","Maldives",1986,6.965
"1652","Maldives",1987,6.776
"1653","Maldives",1988,6.548
"1654","Maldives",1989,6.286
"1655","Maldives",1990,5.993
"1656","Maldives",1991,5.674
"1657","Maldives",1992,5.336
"1658","Maldives",1993,4.987
"1659","Maldives",1994,4.637
"1660","Maldives",1995,4.298
"1661","Maldives",1996,3.975
"1662","Maldives",1997,3.674
"1663","Maldives",1998,3.399
"1664","Maldives",1999,3.155
"1665","Maldives",2000,2.944
"1666","Maldives",2001,2.769
"1667","Maldives",2002,2.625
"1668","Maldives",2003,2.508
"1669","Maldives",2004,2.415
"1670","Maldives",2005,2.344
"1671","Maldives",2006,2.294
"1672","Maldives",2007,2.262
"1673","Maldives",2008,2.244
"1674","Maldives",2009,2.235
"1675","Maldives",2010,2.229
"1676","Maldives",2011,2.221
"1677","Maldives",2012,2.209
"1678","Maldives",2013,2.191
"1679","Maldives",2014,2.165
"1680","Maldives",2015,2.132
"1681","Maldives",2016,2.093
"1682","Malta",1985,1.95
"1683","Malta",1986,1.93
"1684","Malta",1987,1.97
"1685","Malta",1988,2.06
"1686","Malta",1989,2.1
"1687","Malta",1990,2.04
"1688","Malta",1991,2.04
"1689","Malta",1992,2.11
"1690","Malta",1993,2
"1691","Malta",1994,1.88
"1692","Malta",1995,1.81
"1693","Malta",1996,2.03
"1694","Malta",1997,1.98
"1695","Malta",1998,1.88
"1696","Malta",1999,1.77
"1697","Malta",2000,1.7
"1698","Malta",2001,1.48
"1699","Malta",2002,1.45
"1700","Malta",2003,1.48
"1701","Malta",2004,1.4
"1702","Malta",2005,1.38
"1703","Malta",2006,1.36
"1704","Malta",2007,1.35
"1705","Malta",2008,1.43
"1706","Malta",2009,1.42
"1707","Malta",2010,1.36
"1708","Malta",2011,1.45
"1709","Malta",2012,1.43
"1710","Malta",2013,1.38
"1711","Malta",2014,1.42
"1712","Malta",2015,1.45
"1713","Malta",2016,1.45
"1714","Mauritius",1985,2.02
"1715","Mauritius",1986,1.99
"1716","Mauritius",1987,2.05
"1717","Mauritius",1988,2.14
"1718","Mauritius",1989,2.23
"1719","Mauritius",1990,2.32
"1720","Mauritius",1991,2.3
"1721","Mauritius",1992,2.37
"1722","Mauritius",1993,2.21
"1723","Mauritius",1994,2.25
"1724","Mauritius",1995,2.14
"1725","Mauritius",1996,2.12
"1726","Mauritius",1997,2.04
"1727","Mauritius",1998,1.97
"1728","Mauritius",1999,2.05
"1729","Mauritius",2000,1.99
"1730","Mauritius",2001,1.91
"1731","Mauritius",2002,1.94
"1732","Mauritius",2003,1.87
"1733","Mauritius",2004,1.92
"1734","Mauritius",2005,1.88
"1735","Mauritius",2006,1.77
"1736","Mauritius",2007,1.74
"1737","Mauritius",2008,1.67
"1738","Mauritius",2009,1.59
"1739","Mauritius",2010,1.57
"1740","Mauritius",2011,1.55
"1741","Mauritius",2012,1.54
"1742","Mauritius",2013,1.44
"1743","Mauritius",2014,1.43
"1744","Mauritius",2015,1.36
"1745","Mauritius",2016,1.4
"1746","Mexico",1985,4.019
"1747","Mexico",1986,3.899
"1748","Mexico",1987,3.786
"1749","Mexico",1988,3.678
"1750","Mexico",1989,3.573
"1751","Mexico",1990,3.47
"1752","Mexico",1991,3.369
"1753","Mexico",1992,3.273
"1754","Mexico",1993,3.182
"1755","Mexico",1994,3.097
"1756","Mexico",1995,3.018
"1757","Mexico",1996,2.946
"1758","Mexico",1997,2.88
"1759","Mexico",1998,2.821
"1760","Mexico",1999,2.766
"1761","Mexico",2000,2.716
"1762","Mexico",2001,2.669
"1763","Mexico",2002,2.623
"1764","Mexico",2003,2.579
"1765","Mexico",2004,2.536
"1766","Mexico",2005,2.495
"1767","Mexico",2006,2.456
"1768","Mexico",2007,2.421
"1769","Mexico",2008,2.391
"1770","Mexico",2009,2.364
"1771","Mexico",2010,2.341
"1772","Mexico",2011,2.318
"1773","Mexico",2012,2.295
"1774","Mexico",2013,2.27
"1775","Mexico",2014,2.243
"1776","Mexico",2015,2.215
"1777","Mexico",2016,2.184
"1778","Mongolia",1985,5.345
"1779","Mongolia",1986,5.14
"1780","Mongolia",1987,4.906
"1781","Mongolia",1988,4.644
"1782","Mongolia",1989,4.356
"1783","Mongolia",1990,4.052
"1784","Mongolia",1991,3.746
"1785","Mongolia",1992,3.451
"1786","Mongolia",1993,3.18
"1787","Mongolia",1994,2.941
"1788","Mongolia",1995,2.738
"1789","Mongolia",1996,2.57
"1790","Mongolia",1997,2.43
"1791","Mongolia",1998,2.312
"1792","Mongolia",1999,2.216
"1793","Mongolia",2000,2.143
"1794","Mongolia",2001,2.096
"1795","Mongolia",2002,2.076
"1796","Mongolia",2003,2.083
"1797","Mongolia",2004,2.112
"1798","Mongolia",2005,2.165
"1799","Mongolia",2006,2.239
"1800","Mongolia",2007,2.331
"1801","Mongolia",2008,2.434
"1802","Mongolia",2009,2.539
"1803","Mongolia",2010,2.637
"1804","Mongolia",2011,2.716
"1805","Mongolia",2012,2.774
"1806","Mongolia",2013,2.805
"1807","Mongolia",2014,2.811
"1808","Mongolia",2015,2.793
"1809","Mongolia",2016,2.757
"1810","Montenegro",1985,2.156
"1811","Montenegro",1986,2.137
"1812","Montenegro",1987,2.12
"1813","Montenegro",1988,2.104
"1814","Montenegro",1989,2.091
"1815","Montenegro",1990,2.078
"1816","Montenegro",1991,2.063
"1817","Montenegro",1992,2.046
"1818","Montenegro",1993,2.025
"1819","Montenegro",1994,2.002
"1820","Montenegro",1995,1.977
"1821","Montenegro",1996,1.951
"1822","Montenegro",1997,1.927
"1823","Montenegro",1998,1.906
"1824","Montenegro",1999,1.888
"1825","Montenegro",2000,1.875
"1826","Montenegro",2001,1.865
"1827","Montenegro",2002,1.858
"1828","Montenegro",2003,1.852
"1829","Montenegro",2004,1.847
"1830","Montenegro",2005,1.84
"1831","Montenegro",2006,1.832
"1832","Montenegro",2007,1.82
"1833","Montenegro",2008,1.805
"1834","Montenegro",2009,1.787
"1835","Montenegro",2010,1.767
"1836","Montenegro",2011,1.745
"1837","Montenegro",2012,1.725
"1838","Montenegro",2013,1.706
"1839","Montenegro",2014,1.69
"1840","Montenegro",2015,1.677
"1841","Montenegro",2016,1.667
"1842","Netherlands",1985,1.51
"1843","Netherlands",1986,1.55
"1844","Netherlands",1987,1.56
"1845","Netherlands",1988,1.55
"1846","Netherlands",1989,1.55
"1847","Netherlands",1990,1.62
"1848","Netherlands",1991,1.61
"1849","Netherlands",1992,1.59
"1850","Netherlands",1993,1.57
"1851","Netherlands",1994,1.57
"1852","Netherlands",1995,1.53
"1853","Netherlands",1996,1.53
"1854","Netherlands",1997,1.56
"1855","Netherlands",1998,1.63
"1856","Netherlands",1999,1.65
"1857","Netherlands",2000,1.72
"1858","Netherlands",2001,1.71
"1859","Netherlands",2002,1.73
"1860","Netherlands",2003,1.75
"1861","Netherlands",2004,1.72
"1862","Netherlands",2005,1.71
"1863","Netherlands",2006,1.72
"1864","Netherlands",2007,1.72
"1865","Netherlands",2008,1.77
"1866","Netherlands",2009,1.79
"1867","Netherlands",2010,1.79
"1868","Netherlands",2011,1.76
"1869","Netherlands",2012,1.72
"1870","Netherlands",2013,1.68
"1871","Netherlands",2014,1.71
"1872","Netherlands",2015,1.66
"1873","Netherlands",2016,1.66
"1874","New Zealand",1985,1.93
"1875","New Zealand",1986,1.96
"1876","New Zealand",1987,2.03
"1877","New Zealand",1988,2.1
"1878","New Zealand",1989,2.12
"1879","New Zealand",1990,2.18
"1880","New Zealand",1991,2.16
"1881","New Zealand",1992,2.12
"1882","New Zealand",1993,2.05
"1883","New Zealand",1994,2
"1884","New Zealand",1995,1.99
"1885","New Zealand",1996,1.96
"1886","New Zealand",1997,1.96
"1887","New Zealand",1998,1.89
"1888","New Zealand",1999,1.97
"1889","New Zealand",2000,1.98
"1890","New Zealand",2001,1.97
"1891","New Zealand",2002,1.89
"1892","New Zealand",2003,1.93
"1893","New Zealand",2004,1.98
"1894","New Zealand",2005,1.97
"1895","New Zealand",2006,2.01
"1896","New Zealand",2007,2.18
"1897","New Zealand",2008,2.19
"1898","New Zealand",2009,2.13
"1899","New Zealand",2010,2.17
"1900","New Zealand",2011,2.09
"1901","New Zealand",2012,2.1
"1902","New Zealand",2013,2.01
"1903","New Zealand",2014,1.92
"1904","New Zealand",2015,1.99
"1905","New Zealand",2016,1.87
"1906","Nicaragua",1985,5.448
"1907","Nicaragua",1986,5.278
"1908","Nicaragua",1987,5.104
"1909","Nicaragua",1988,4.931
"1910","Nicaragua",1989,4.762
"1911","Nicaragua",1990,4.597
"1912","Nicaragua",1991,4.433
"1913","Nicaragua",1992,4.27
"1914","Nicaragua",1993,4.105
"1915","Nicaragua",1994,3.942
"1916","Nicaragua",1995,3.78
"1917","Nicaragua",1996,3.623
"1918","Nicaragua",1997,3.473
"1919","Nicaragua",1998,3.331
"1920","Nicaragua",1999,3.201
"1921","Nicaragua",2000,3.083
"1922","Nicaragua",2001,2.978
"1923","Nicaragua",2002,2.887
"1924","Nicaragua",2003,2.807
"1925","Nicaragua",2004,2.738
"1926","Nicaragua",2005,2.677
"1927","Nicaragua",2006,2.622
"1928","Nicaragua",2007,2.571
"1929","Nicaragua",2008,2.522
"1930","Nicaragua",2009,2.475
"1931","Nicaragua",2010,2.428
"1932","Nicaragua",2011,2.383
"1933","Nicaragua",2012,2.34
"1934","Nicaragua",2013,2.3
"1935","Nicaragua",2014,2.264
"1936","Nicaragua",2015,2.231
"1937","Nicaragua",2016,2.2
"1938","Norway",1985,1.68
"1939","Norway",1986,1.71
"1940","Norway",1987,1.74
"1941","Norway",1988,1.84
"1942","Norway",1989,1.89
"1943","Norway",1990,1.93
"1944","Norway",1991,1.92
"1945","Norway",1992,1.88
"1946","Norway",1993,1.86
"1947","Norway",1994,1.87
"1948","Norway",1995,1.87
"1949","Norway",1996,1.89
"1950","Norway",1997,1.86
"1951","Norway",1998,1.81
"1952","Norway",1999,1.85
"1953","Norway",2000,1.85
"1954","Norway",2001,1.78
"1955","Norway",2002,1.75
"1956","Norway",2003,1.8
"1957","Norway",2004,1.83
"1958","Norway",2005,1.84
"1959","Norway",2006,1.9
"1960","Norway",2007,1.9
"1961","Norway",2008,1.96
"1962","Norway",2009,1.98
"1963","Norway",2010,1.95
"1964","Norway",2011,1.88
"1965","Norway",2012,1.85
"1966","Norway",2013,1.78
"1967","Norway",2014,1.75
"1968","Norway",2015,1.72
"1969","Norway",2016,1.72
"1970","Oman",1985,8.222
"1971","Oman",1986,8.101
"1972","Oman",1987,7.933
"1973","Oman",1988,7.719
"1974","Oman",1989,7.462
"1975","Oman",1990,7.165
"1976","Oman",1991,6.831
"1977","Oman",1992,6.472
"1978","Oman",1993,6.098
"1979","Oman",1994,5.72
"1980","Oman",1995,5.346
"1981","Oman",1996,4.981
"1982","Oman",1997,4.63
"1983","Oman",1998,4.297
"1984","Oman",1999,3.989
"1985","Oman",2000,3.716
"1986","Oman",2001,3.484
"1987","Oman",2002,3.293
"1988","Oman",2003,3.142
"1989","Oman",2004,3.029
"1990","Oman",2005,2.952
"1991","Oman",2006,2.909
"1992","Oman",2007,2.892
"1993","Oman",2008,2.89
"1994","Oman",2009,2.897
"1995","Oman",2010,2.901
"1996","Oman",2011,2.896
"1997","Oman",2012,2.878
"1998","Oman",2013,2.846
"1999","Oman",2014,2.799
"2000","Oman",2015,2.737
"2001","Oman",2016,2.666
"2002","Panama",1985,3.413
"2003","Panama",1986,3.336
"2004","Panama",1987,3.262
"2005","Panama",1988,3.19
"2006","Panama",1989,3.121
"2007","Panama",1990,3.057
"2008","Panama",1991,2.999
"2009","Panama",1992,2.95
"2010","Panama",1993,2.909
"2011","Panama",1994,2.877
"2012","Panama",1995,2.852
"2013","Panama",1996,2.83
"2014","Panama",1997,2.81
"2015","Panama",1998,2.789
"2016","Panama",1999,2.767
"2017","Panama",2000,2.744
"2018","Panama",2001,2.72
"2019","Panama",2002,2.698
"2020","Panama",2003,2.679
"2021","Panama",2004,2.663
"2022","Panama",2005,2.651
"2023","Panama",2006,2.643
"2024","Panama",2007,2.637
"2025","Panama",2008,2.632
"2026","Panama",2009,2.628
"2027","Panama",2010,2.622
"2028","Panama",2011,2.613
"2029","Panama",2012,2.601
"2030","Panama",2013,2.585
"2031","Panama",2014,2.565
"2032","Panama",2015,2.541
"2033","Panama",2016,2.514
"2034","Paraguay",1985,4.974
"2035","Paraguay",1986,4.9
"2036","Paraguay",1987,4.818
"2037","Paraguay",1988,4.73
"2038","Paraguay",1989,4.639
"2039","Paraguay",1990,4.547
"2040","Paraguay",1991,4.457
"2041","Paraguay",1992,4.368
"2042","Paraguay",1993,4.282
"2043","Paraguay",1994,4.196
"2044","Paraguay",1995,4.108
"2045","Paraguay",1996,4.014
"2046","Paraguay",1997,3.911
"2047","Paraguay",1998,3.798
"2048","Paraguay",1999,3.678
"2049","Paraguay",2000,3.553
"2050","Paraguay",2001,3.431
"2051","Paraguay",2002,3.315
"2052","Paraguay",2003,3.21
"2053","Paraguay",2004,3.119
"2054","Paraguay",2005,3.04
"2055","Paraguay",2006,2.97
"2056","Paraguay",2007,2.907
"2057","Paraguay",2008,2.846
"2058","Paraguay",2009,2.787
"2059","Paraguay",2010,2.73
"2060","Paraguay",2011,2.675
"2061","Paraguay",2012,2.625
"2062","Paraguay",2013,2.581
"2063","Paraguay",2014,2.542
"2064","Paraguay",2015,2.509
"2065","Paraguay",2016,2.48
"2066","Philippines",1985,4.712
"2067","Philippines",1986,4.632
"2068","Philippines",1987,4.554
"2069","Philippines",1988,4.476
"2070","Philippines",1989,4.397
"2071","Philippines",1990,4.32
"2072","Philippines",1991,4.246
"2073","Philippines",1992,4.177
"2074","Philippines",1993,4.113
"2075","Philippines",1994,4.056
"2076","Philippines",1995,4.005
"2077","Philippines",1996,3.961
"2078","Philippines",1997,3.922
"2079","Philippines",1998,3.886
"2080","Philippines",1999,3.85
"2081","Philippines",2000,3.811
"2082","Philippines",2001,3.766
"2083","Philippines",2002,3.712
"2084","Philippines",2003,3.65
"2085","Philippines",2004,3.579
"2086","Philippines",2005,3.503
"2087","Philippines",2006,3.425
"2088","Philippines",2007,3.349
"2089","Philippines",2008,3.278
"2090","Philippines",2009,3.214
"2091","Philippines",2010,3.158
"2092","Philippines",2011,3.109
"2093","Philippines",2012,3.067
"2094","Philippines",2013,3.028
"2095","Philippines",2014,2.992
"2096","Philippines",2015,2.958
"2097","Philippines",2016,2.925
"2098","Poland",1985,2.33
"2099","Poland",1986,2.22
"2100","Poland",1987,2.15
"2101","Poland",1988,2.13
"2102","Poland",1989,2.08
"2103","Poland",1990,2.06
"2104","Poland",1991,2.07
"2105","Poland",1992,1.95
"2106","Poland",1993,1.87
"2107","Poland",1994,1.81
"2108","Poland",1995,1.62
"2109","Poland",1996,1.59
"2110","Poland",1997,1.51
"2111","Poland",1998,1.44
"2112","Poland",1999,1.38
"2113","Poland",2000,1.37
"2114","Poland",2001,1.31
"2115","Poland",2002,1.25
"2116","Poland",2003,1.22
"2117","Poland",2004,1.23
"2118","Poland",2005,1.24
"2119","Poland",2006,1.27
"2120","Poland",2007,1.31
"2121","Poland",2008,1.39
"2122","Poland",2009,1.4
"2123","Poland",2010,1.41
"2124","Poland",2011,1.33
"2125","Poland",2012,1.33
"2126","Poland",2013,1.29
"2127","Poland",2014,1.32
"2128","Poland",2015,1.32
"2129","Poland",2016,1.32
"2130","Portugal",1985,1.72
"2131","Portugal",1986,1.66
"2132","Portugal",1987,1.62
"2133","Portugal",1988,1.61
"2134","Portugal",1989,1.57
"2135","Portugal",1990,1.56
"2136","Portugal",1991,1.56
"2137","Portugal",1992,1.54
"2138","Portugal",1993,1.52
"2139","Portugal",1994,1.45
"2140","Portugal",1995,1.41
"2141","Portugal",1996,1.44
"2142","Portugal",1997,1.47
"2143","Portugal",1998,1.47
"2144","Portugal",1999,1.5
"2145","Portugal",2000,1.55
"2146","Portugal",2001,1.45
"2147","Portugal",2002,1.46
"2148","Portugal",2003,1.44
"2149","Portugal",2004,1.4
"2150","Portugal",2005,1.41
"2151","Portugal",2006,1.37
"2152","Portugal",2007,1.35
"2153","Portugal",2008,1.39
"2154","Portugal",2009,1.34
"2155","Portugal",2010,1.39
"2156","Portugal",2011,1.35
"2157","Portugal",2012,1.28
"2158","Portugal",2013,1.21
"2159","Portugal",2014,1.23
"2160","Portugal",2015,1.31
"2161","Portugal",2016,1.31
"2162","Puerto Rico",1985,2.344
"2163","Puerto Rico",1986,2.308
"2164","Puerto Rico",1987,2.279
"2165","Puerto Rico",1988,2.256
"2166","Puerto Rico",1989,2.236
"2167","Puerto Rico",1990,2.219
"2168","Puerto Rico",1991,2.201
"2169","Puerto Rico",1992,2.179
"2170","Puerto Rico",1993,2.153
"2171","Puerto Rico",1994,2.122
"2172","Puerto Rico",1995,2.086
"2173","Puerto Rico",1996,1.94
"2174","Puerto Rico",1997,1.9
"2175","Puerto Rico",1998,1.9
"2176","Puerto Rico",1999,1.97425
"2177","Puerto Rico",2000,2.0485
"2178","Puerto Rico",2001,1.9346
"2179","Puerto Rico",2002,1.8317
"2180","Puerto Rico",2003,1.7624
"2181","Puerto Rico",2004,1.7822
"2182","Puerto Rico",2005,1.7702
"2183","Puerto Rico",2006,1.7123
"2184","Puerto Rico",2007,1.6505
"2185","Puerto Rico",2008,1.6516
"2186","Puerto Rico",2009,1.6528
"2187","Puerto Rico",2010,1.6235
"2188","Puerto Rico",2011,1.5965
"2189","Puerto Rico",2012,1.5425
"2190","Puerto Rico",2013,1.47
"2191","Puerto Rico",2014,1.432
"2192","Puerto Rico",2015,1.3365
"2193","Puerto Rico",2016,1.3
"2194","Qatar",1985,4.925
"2195","Qatar",1986,4.718
"2196","Qatar",1987,4.516
"2197","Qatar",1988,4.329
"2198","Qatar",1989,4.159
"2199","Qatar",1990,4.013
"2200","Qatar",1991,3.893
"2201","Qatar",1992,3.795
"2202","Qatar",1993,3.714
"2203","Qatar",1994,3.647
"2204","Qatar",1995,3.588
"2205","Qatar",1996,3.532
"2206","Qatar",1997,3.473
"2207","Qatar",1998,3.407
"2208","Qatar",1999,3.329
"2209","Qatar",2000,3.236
"2210","Qatar",2001,3.124
"2211","Qatar",2002,2.996
"2212","Qatar",2003,2.858
"2213","Qatar",2004,2.713
"2214","Qatar",2005,2.569
"2215","Qatar",2006,2.433
"2216","Qatar",2007,2.312
"2217","Qatar",2008,2.211
"2218","Qatar",2009,2.13
"2219","Qatar",2010,2.07
"2220","Qatar",2011,2.027
"2221","Qatar",2012,1.997
"2222","Qatar",2013,1.972
"2223","Qatar",2014,1.95
"2224","Qatar",2015,1.929
"2225","Qatar",2016,1.907
"2226","Romania",1985,2.31
"2227","Romania",1986,2.39
"2228","Romania",1987,2.38
"2229","Romania",1988,2.3
"2230","Romania",1989,2.22
"2231","Romania",1990,1.83
"2232","Romania",1991,1.59
"2233","Romania",1992,1.51
"2234","Romania",1993,1.43
"2235","Romania",1994,1.4
"2236","Romania",1995,1.33
"2237","Romania",1996,1.3
"2238","Romania",1997,1.32
"2239","Romania",1998,1.32
"2240","Romania",1999,1.3
"2241","Romania",2000,1.31
"2242","Romania",2001,1.27
"2243","Romania",2002,1.27
"2244","Romania",2003,1.3
"2245","Romania",2004,1.33
"2246","Romania",2005,1.4
"2247","Romania",2006,1.42
"2248","Romania",2007,1.45
"2249","Romania",2008,1.6
"2250","Romania",2009,1.66
"2251","Romania",2010,1.59
"2252","Romania",2011,1.47
"2253","Romania",2012,1.52
"2254","Romania",2013,1.46
"2255","Romania",2014,1.52
"2256","Romania",2015,1.58
"2257","Romania",2016,1.58
"2258","Russian Federation",1985,2.05
"2259","Russian Federation",1986,2.15
"2260","Russian Federation",1987,2.22
"2261","Russian Federation",1988,2.12
"2262","Russian Federation",1989,2.01
"2263","Russian Federation",1990,1.892
"2264","Russian Federation",1991,1.732
"2265","Russian Federation",1992,1.552
"2266","Russian Federation",1993,1.385
"2267","Russian Federation",1994,1.4
"2268","Russian Federation",1995,1.337
"2269","Russian Federation",1996,1.27
"2270","Russian Federation",1997,1.218
"2271","Russian Federation",1998,1.232
"2272","Russian Federation",1999,1.157
"2273","Russian Federation",2000,1.195
"2274","Russian Federation",2001,1.223
"2275","Russian Federation",2002,1.286
"2276","Russian Federation",2003,1.32
"2277","Russian Federation",2004,1.344
"2278","Russian Federation",2005,1.294
"2279","Russian Federation",2006,1.305
"2280","Russian Federation",2007,1.416
"2281","Russian Federation",2008,1.502
"2282","Russian Federation",2009,1.542
"2283","Russian Federation",2010,1.567
"2284","Russian Federation",2011,1.582
"2285","Russian Federation",2012,1.691
"2286","Russian Federation",2013,1.707
"2287","Russian Federation",2014,1.75
"2288","Russian Federation",2015,1.75
"2289","Russian Federation",2016,1.75
"2290","San Marino",2012,1.26
"2291","Seychelles",1987,3
"2292","Seychelles",1988,2.2918231626677
"2293","Seychelles",1989,2.29116871339508
"2294","Seychelles",1990,2.29051426412245
"2295","Seychelles",1991,2.28985981484983
"2296","Seychelles",1992,2.696
"2297","Seychelles",1993,2.28855091630457
"2298","Seychelles",1994,2.28789646703195
"2299","Seychelles",1995,2.28724201775932
"2300","Seychelles",1996,2.2865875684867
"2301","Seychelles",1997,2.1
"2302","Seychelles",1998,2.04
"2303","Seychelles",1999,2.04
"2304","Seychelles",2000,2.08
"2305","Seychelles",2001,1.98
"2306","Seychelles",2002,2.04
"2307","Seychelles",2003,2.06
"2308","Seychelles",2004,2.01
"2309","Seychelles",2005,2.2
"2310","Seychelles",2006,2.11
"2311","Seychelles",2007,2.24
"2312","Seychelles",2008,2.33
"2313","Seychelles",2009,2.38
"2314","Seychelles",2010,2.17
"2315","Seychelles",2011,2.38
"2316","Seychelles",2012,2.42
"2317","Seychelles",2013,2.37
"2318","Seychelles",2014,2.34
"2319","Seychelles",2015,2.41
"2320","Seychelles",2016,2.78
"2321","Singapore",1985,1.61
"2322","Singapore",1986,1.43
"2323","Singapore",1987,1.62
"2324","Singapore",1988,1.96
"2325","Singapore",1989,1.75
"2326","Singapore",1990,1.83
"2327","Singapore",1991,1.73
"2328","Singapore",1992,1.72
"2329","Singapore",1993,1.74
"2330","Singapore",1994,1.71
"2331","Singapore",1995,1.67
"2332","Singapore",1996,1.66
"2333","Singapore",1997,1.61
"2334","Singapore",1998,1.48
"2335","Singapore",1999,1.47
"2336","Singapore",2000,1.6
"2337","Singapore",2001,1.41
"2338","Singapore",2002,1.37
"2339","Singapore",2003,1.27
"2340","Singapore",2004,1.26
"2341","Singapore",2005,1.26
"2342","Singapore",2006,1.28
"2343","Singapore",2007,1.29
"2344","Singapore",2008,1.28
"2345","Singapore",2009,1.22
"2346","Singapore",2010,1.15
"2347","Singapore",2011,1.2
"2348","Singapore",2012,1.29
"2349","Singapore",2013,1.19
"2350","Singapore",2014,1.25
"2351","Singapore",2015,1.24
"2352","Singapore",2016,1.2
"2353","Slovenia",1985,1.71
"2354","Slovenia",1986,1.67
"2355","Slovenia",1987,1.65
"2356","Slovenia",1988,1.63
"2357","Slovenia",1989,1.52
"2358","Slovenia",1990,1.46
"2359","Slovenia",1991,1.42
"2360","Slovenia",1992,1.33
"2361","Slovenia",1993,1.33
"2362","Slovenia",1994,1.32
"2363","Slovenia",1995,1.29
"2364","Slovenia",1996,1.28
"2365","Slovenia",1997,1.25
"2366","Slovenia",1998,1.23
"2367","Slovenia",1999,1.21
"2368","Slovenia",2000,1.26
"2369","Slovenia",2001,1.21
"2370","Slovenia",2002,1.21
"2371","Slovenia",2003,1.2
"2372","Slovenia",2004,1.25
"2373","Slovenia",2005,1.26
"2374","Slovenia",2006,1.31
"2375","Slovenia",2007,1.38
"2376","Slovenia",2008,1.53
"2377","Slovenia",2009,1.53
"2378","Slovenia",2010,1.57
"2379","Slovenia",2011,1.56
"2380","Slovenia",2012,1.58
"2381","Slovenia",2013,1.55
"2382","Slovenia",2014,1.58
"2383","Slovenia",2015,1.57
"2384","Slovenia",2016,1.57
"2385","South Africa",1985,4.315
"2386","South Africa",1986,4.19
"2387","South Africa",1987,4.059
"2388","South Africa",1988,3.924
"2389","South Africa",1989,3.788
"2390","South Africa",1990,3.654
"2391","South Africa",1991,3.525
"2392","South Africa",1992,3.405
"2393","South Africa",1993,3.294
"2394","South Africa",1994,3.196
"2395","South Africa",1995,3.11
"2396","South Africa",1996,3.036
"2397","South Africa",1997,2.973
"2398","South Africa",1998,2.918
"2399","South Africa",1999,2.871
"2400","South Africa",2000,2.829
"2401","South Africa",2001,2.792
"2402","South Africa",2002,2.759
"2403","South Africa",2003,2.729
"2404","South Africa",2004,2.702
"2405","South Africa",2005,2.677
"2406","South Africa",2006,2.655
"2407","South Africa",2007,2.636
"2408","South Africa",2008,2.619
"2409","South Africa",2009,2.603
"2410","South Africa",2010,2.588
"2411","South Africa",2011,2.572
"2412","South Africa",2012,2.554
"2413","South Africa",2013,2.533
"2414","South Africa",2014,2.51
"2415","South Africa",2015,2.485
"2416","South Africa",2016,2.458
"2417","Spain",1985,1.64
"2418","Spain",1986,1.56
"2419","Spain",1987,1.49
"2420","Spain",1988,1.45
"2421","Spain",1989,1.4
"2422","Spain",1990,1.36
"2423","Spain",1991,1.33
"2424","Spain",1992,1.31
"2425","Spain",1993,1.26
"2426","Spain",1994,1.19
"2427","Spain",1995,1.16
"2428","Spain",1996,1.14
"2429","Spain",1997,1.15
"2430","Spain",1998,1.13
"2431","Spain",1999,1.17
"2432","Spain",2000,1.22
"2433","Spain",2001,1.23
"2434","Spain",2002,1.25
"2435","Spain",2003,1.3
"2436","Spain",2004,1.31
"2437","Spain",2005,1.33
"2438","Spain",2006,1.36
"2439","Spain",2007,1.38
"2440","Spain",2008,1.45
"2441","Spain",2009,1.38
"2442","Spain",2010,1.37
"2443","Spain",2011,1.34
"2444","Spain",2012,1.32
"2445","Spain",2013,1.27
"2446","Spain",2014,1.32
"2447","Spain",2015,1.33
"2448","Spain",2016,1.33
"2449","Sri Lanka",1985,2.904
"2450","Sri Lanka",1986,2.8
"2451","Sri Lanka",1987,2.703
"2452","Sri Lanka",1988,2.617
"2453","Sri Lanka",1989,2.544
"2454","Sri Lanka",1990,2.483
"2455","Sri Lanka",1991,2.433
"2456","Sri Lanka",1992,2.39
"2457","Sri Lanka",1993,2.353
"2458","Sri Lanka",1994,2.32
"2459","Sri Lanka",1995,2.291
"2460","Sri Lanka",1996,2.268
"2461","Sri Lanka",1997,2.252
"2462","Sri Lanka",1998,2.242
"2463","Sri Lanka",1999,2.239
"2464","Sri Lanka",2000,2.241
"2465","Sri Lanka",2001,2.247
"2466","Sri Lanka",2002,2.257
"2467","Sri Lanka",2003,2.268
"2468","Sri Lanka",2004,2.278
"2469","Sri Lanka",2005,2.284
"2470","Sri Lanka",2006,2.283
"2471","Sri Lanka",2007,2.274
"2472","Sri Lanka",2008,2.257
"2473","Sri Lanka",2009,2.232
"2474","Sri Lanka",2010,2.203
"2475","Sri Lanka",2011,2.17
"2476","Sri Lanka",2012,2.138
"2477","Sri Lanka",2013,2.109
"2478","Sri Lanka",2014,2.083
"2479","Sri Lanka",2015,2.063
"2480","Sri Lanka",2016,2.046
"2481","Suriname",1985,3.505
"2482","Suriname",1986,3.445
"2483","Suriname",1987,3.391
"2484","Suriname",1988,3.345
"2485","Suriname",1989,3.304
"2486","Suriname",1990,3.267
"2487","Suriname",1991,3.232
"2488","Suriname",1992,3.197
"2489","Suriname",1993,3.16
"2490","Suriname",1994,3.12
"2491","Suriname",1995,3.077
"2492","Suriname",1996,3.033
"2493","Suriname",1997,2.988
"2494","Suriname",1998,2.944
"2495","Suriname",1999,2.902
"2496","Suriname",2000,2.861
"2497","Suriname",2001,2.821
"2498","Suriname",2002,2.783
"2499","Suriname",2003,2.745
"2500","Suriname",2004,2.708
"2501","Suriname",2005,2.672
"2502","Suriname",2006,2.638
"2503","Suriname",2007,2.606
"2504","Suriname",2008,2.575
"2505","Suriname",2009,2.547
"2506","Suriname",2010,2.52
"2507","Suriname",2011,2.495
"2508","Suriname",2012,2.47
"2509","Suriname",2013,2.445
"2510","Suriname",2014,2.421
"2511","Suriname",2015,2.396
"2512","Suriname",2016,2.372
"2513","Sweden",1985,1.74
"2514","Sweden",1986,1.8
"2515","Sweden",1987,1.84
"2516","Sweden",1988,1.96
"2517","Sweden",1989,2.01
"2518","Sweden",1990,2.13
"2519","Sweden",1991,2.11
"2520","Sweden",1992,2.09
"2521","Sweden",1993,1.99
"2522","Sweden",1994,1.88
"2523","Sweden",1995,1.73
"2524","Sweden",1996,1.6
"2525","Sweden",1997,1.52
"2526","Sweden",1998,1.5
"2527","Sweden",1999,1.5
"2528","Sweden",2000,1.54
"2529","Sweden",2001,1.57
"2530","Sweden",2002,1.65
"2531","Sweden",2003,1.71
"2532","Sweden",2004,1.75
"2533","Sweden",2005,1.77
"2534","Sweden",2006,1.85
"2535","Sweden",2007,1.88
"2536","Sweden",2008,1.91
"2537","Sweden",2009,1.94
"2538","Sweden",2010,1.98
"2539","Sweden",2011,1.9
"2540","Sweden",2012,1.91
"2541","Sweden",2013,1.89
"2542","Sweden",2014,1.88
"2543","Sweden",2015,1.85
"2544","Sweden",2016,1.85
"2545","Switzerland",1985,1.52
"2546","Switzerland",1986,1.53
"2547","Switzerland",1987,1.52
"2548","Switzerland",1988,1.57
"2549","Switzerland",1989,1.56
"2550","Switzerland",1990,1.58
"2551","Switzerland",1991,1.58
"2552","Switzerland",1992,1.58
"2553","Switzerland",1993,1.51
"2554","Switzerland",1994,1.49
"2555","Switzerland",1995,1.48
"2556","Switzerland",1996,1.5
"2557","Switzerland",1997,1.48
"2558","Switzerland",1998,1.47
"2559","Switzerland",1999,1.48
"2560","Switzerland",2000,1.5
"2561","Switzerland",2001,1.38
"2562","Switzerland",2002,1.39
"2563","Switzerland",2003,1.39
"2564","Switzerland",2004,1.42
"2565","Switzerland",2005,1.42
"2566","Switzerland",2006,1.44
"2567","Switzerland",2007,1.46
"2568","Switzerland",2008,1.48
"2569","Switzerland",2009,1.5
"2570","Switzerland",2010,1.52
"2571","Switzerland",2011,1.52
"2572","Switzerland",2012,1.52
"2573","Switzerland",2013,1.52
"2574","Switzerland",2014,1.54
"2575","Switzerland",2015,1.54
"2576","Switzerland",2016,1.54
"2577","Thailand",1985,2.571
"2578","Thailand",1986,2.451
"2579","Thailand",1987,2.346
"2580","Thailand",1988,2.256
"2581","Thailand",1989,2.179
"2582","Thailand",1990,2.113
"2583","Thailand",1991,2.055
"2584","Thailand",1992,2.003
"2585","Thailand",1993,1.956
"2586","Thailand",1994,1.911
"2587","Thailand",1995,1.867
"2588","Thailand",1996,1.823
"2589","Thailand",1997,1.781
"2590","Thailand",1998,1.742
"2591","Thailand",1999,1.705
"2592","Thailand",2000,1.671
"2593","Thailand",2001,1.641
"2594","Thailand",2002,1.616
"2595","Thailand",2003,1.595
"2596","Thailand",2004,1.58
"2597","Thailand",2005,1.568
"2598","Thailand",2006,1.561
"2599","Thailand",2007,1.557
"2600","Thailand",2008,1.553
"2601","Thailand",2009,1.551
"2602","Thailand",2010,1.547
"2603","Thailand",2011,1.542
"2604","Thailand",2012,1.534
"2605","Thailand",2013,1.524
"2606","Thailand",2014,1.512
"2607","Thailand",2015,1.498
"2608","Thailand",2016,1.482
"2609","Trinidad and Tobago",1985,3.06
"2610","Trinidad and Tobago",1986,2.949
"2611","Trinidad and Tobago",1987,2.827
"2612","Trinidad and Tobago",1988,2.7
"2613","Trinidad and Tobago",1989,2.574
"2614","Trinidad and Tobago",1990,2.453
"2615","Trinidad and Tobago",1991,2.339
"2616","Trinidad and Tobago",1992,2.231
"2617","Trinidad and Tobago",1993,2.131
"2618","Trinidad and Tobago",1994,2.04
"2619","Trinidad and Tobago",1995,1.961
"2620","Trinidad and Tobago",1996,1.896
"2621","Trinidad and Tobago",1997,1.843
"2622","Trinidad and Tobago",1998,1.801
"2623","Trinidad and Tobago",1999,1.772
"2624","Trinidad and Tobago",2000,1.753
"2625","Trinidad and Tobago",2001,1.744
"2626","Trinidad and Tobago",2002,1.744
"2627","Trinidad and Tobago",2003,1.749
"2628","Trinidad and Tobago",2004,1.758
"2629","Trinidad and Tobago",2005,1.769
"2630","Trinidad and Tobago",2006,1.78
"2631","Trinidad and Tobago",2007,1.79
"2632","Trinidad and Tobago",2008,1.799
"2633","Trinidad and Tobago",2009,1.804
"2634","Trinidad and Tobago",2010,1.806
"2635","Trinidad and Tobago",2011,1.804
"2636","Trinidad and Tobago",2012,1.798
"2637","Trinidad and Tobago",2013,1.789
"2638","Trinidad and Tobago",2014,1.778
"2639","Trinidad and Tobago",2015,1.766
"2640","Trinidad and Tobago",2016,1.752
"2641","Turkey",1985,3.741
"2642","Turkey",1986,3.598
"2643","Turkey",1987,3.461
"2644","Turkey",1988,3.331
"2645","Turkey",1989,3.213
"2646","Turkey",1990,3.107
"2647","Turkey",1991,3.016
"2648","Turkey",1992,2.937
"2649","Turkey",1993,2.868
"2650","Turkey",1994,2.809
"2651","Turkey",1995,2.755
"2652","Turkey",1996,2.705
"2653","Turkey",1997,2.657
"2654","Turkey",1998,2.607
"2655","Turkey",1999,2.556
"2656","Turkey",2000,2.503
"2657","Turkey",2001,2.451
"2658","Turkey",2002,2.4
"2659","Turkey",2003,2.353
"2660","Turkey",2004,2.31
"2661","Turkey",2005,2.273
"2662","Turkey",2006,2.241
"2663","Turkey",2007,2.214
"2664","Turkey",2008,2.192
"2665","Turkey",2009,2.172
"2666","Turkey",2010,2.155
"2667","Turkey",2011,2.139
"2668","Turkey",2012,2.124
"2669","Turkey",2013,2.108
"2670","Turkey",2014,2.09
"2671","Turkey",2015,2.072
"2672","Turkey",2016,2.053
"2673","Turkmenistan",1985,4.65
"2674","Turkmenistan",1986,4.603
"2675","Turkmenistan",1987,4.557
"2676","Turkmenistan",1988,4.504
"2677","Turkmenistan",1989,4.436
"2678","Turkmenistan",1990,4.344
"2679","Turkmenistan",1991,4.222
"2680","Turkmenistan",1992,4.071
"2681","Turkmenistan",1993,3.898
"2682","Turkmenistan",1994,3.707
"2683","Turkmenistan",1995,3.512
"2684","Turkmenistan",1996,3.323
"2685","Turkmenistan",1997,3.154
"2686","Turkmenistan",1998,3.013
"2687","Turkmenistan",1999,2.903
"2688","Turkmenistan",2000,2.824
"2689","Turkmenistan",2001,2.77
"2690","Turkmenistan",2002,2.73
"2691","Turkmenistan",2003,2.698
"2692","Turkmenistan",2004,2.671
"2693","Turkmenistan",2005,2.654
"2694","Turkmenistan",2006,2.653
"2695","Turkmenistan",2007,2.672
"2696","Turkmenistan",2008,2.712
"2697","Turkmenistan",2009,2.769
"2698","Turkmenistan",2010,2.833
"2699","Turkmenistan",2011,2.892
"2700","Turkmenistan",2012,2.936
"2701","Turkmenistan",2013,2.958
"2702","Turkmenistan",2014,2.956
"2703","Turkmenistan",2015,2.931
"2704","Turkmenistan",2016,2.888
"2705","Ukraine",1985,2.06
"2706","Ukraine",1986,2.08
"2707","Ukraine",1987,2.05
"2708","Ukraine",1988,2.02
"2709","Ukraine",1989,1.92
"2710","Ukraine",1990,1.844
"2711","Ukraine",1991,1.773
"2712","Ukraine",1992,1.674
"2713","Ukraine",1993,1.563
"2714","Ukraine",1994,1.47
"2715","Ukraine",1995,1.397
"2716","Ukraine",1996,1.332
"2717","Ukraine",1997,1.27
"2718","Ukraine",1998,1.207
"2719","Ukraine",1999,1.121
"2720","Ukraine",2000,1.11
"2721","Ukraine",2001,1.085
"2722","Ukraine",2002,1.126
"2723","Ukraine",2003,1.172
"2724","Ukraine",2004,1.218
"2725","Ukraine",2005,1.213
"2726","Ukraine",2006,1.31
"2727","Ukraine",2007,1.345
"2728","Ukraine",2008,1.458
"2729","Ukraine",2009,1.473
"2730","Ukraine",2010,1.443
"2731","Ukraine",2011,1.459
"2732","Ukraine",2012,1.531
"2733","Ukraine",2013,1.506
"2734","Ukraine",2014,1.498
"2735","Ukraine",2015,1.506
"2736","Ukraine",2016,1.466
"2737","United Arab Emirates",1985,5.139
"2738","United Arab Emirates",1986,5.047
"2739","United Arab Emirates",1987,4.934
"2740","United Arab Emirates",1988,4.797
"2741","United Arab Emirates",1989,4.636
"2742","United Arab Emirates",1990,4.454
"2743","United Arab Emirates",1991,4.253
"2744","United Arab Emirates",1992,4.041
"2745","United Arab Emirates",1993,3.827
"2746","United Arab Emirates",1994,3.618
"2747","United Arab Emirates",1995,3.418
"2748","United Arab Emirates",1996,3.232
"2749","United Arab Emirates",1997,3.062
"2750","United Arab Emirates",1998,2.907
"2751","United Arab Emirates",1999,2.768
"2752","United Arab Emirates",2000,2.644
"2753","United Arab Emirates",2001,2.532
"2754","United Arab Emirates",2002,2.428
"2755","United Arab Emirates",2003,2.33
"2756","United Arab Emirates",2004,2.238
"2757","United Arab Emirates",2005,2.151
"2758","United Arab Emirates",2006,2.073
"2759","United Arab Emirates",2007,2.005
"2760","United Arab Emirates",2008,1.949
"2761","United Arab Emirates",2009,1.904
"2762","United Arab Emirates",2010,1.869
"2763","United Arab Emirates",2011,1.841
"2764","United Arab Emirates",2012,1.82
"2765","United Arab Emirates",2013,1.801
"2766","United Arab Emirates",2014,1.783
"2767","United Arab Emirates",2015,1.765
"2768","United Arab Emirates",2016,1.748
"2769","United Kingdom",1985,1.79
"2770","United Kingdom",1986,1.78
"2771","United Kingdom",1987,1.81
"2772","United Kingdom",1988,1.82
"2773","United Kingdom",1989,1.79
"2774","United Kingdom",1990,1.83
"2775","United Kingdom",1991,1.82
"2776","United Kingdom",1992,1.79
"2777","United Kingdom",1993,1.76
"2778","United Kingdom",1994,1.74
"2779","United Kingdom",1995,1.71
"2780","United Kingdom",1996,1.73
"2781","United Kingdom",1997,1.72
"2782","United Kingdom",1998,1.71
"2783","United Kingdom",1999,1.68
"2784","United Kingdom",2000,1.64
"2785","United Kingdom",2001,1.63
"2786","United Kingdom",2002,1.63
"2787","United Kingdom",2003,1.7
"2788","United Kingdom",2004,1.75
"2789","United Kingdom",2005,1.76
"2790","United Kingdom",2006,1.82
"2791","United Kingdom",2007,1.86
"2792","United Kingdom",2008,1.91
"2793","United Kingdom",2009,1.89
"2794","United Kingdom",2010,1.92
"2795","United Kingdom",2011,1.91
"2796","United Kingdom",2012,1.92
"2797","United Kingdom",2013,1.83
"2798","United Kingdom",2014,1.81
"2799","United Kingdom",2015,1.8
"2800","United Kingdom",2016,1.8
"2801","United States",1985,1.844
"2802","United States",1986,1.8375
"2803","United States",1987,1.872
"2804","United States",1988,1.934
"2805","United States",1989,2.014
"2806","United States",1990,2.081
"2807","United States",1991,2.0625
"2808","United States",1992,2.046
"2809","United States",1993,2.0195
"2810","United States",1994,2.0015
"2811","United States",1995,1.978
"2812","United States",1996,1.976
"2813","United States",1997,1.971
"2814","United States",1998,1.999
"2815","United States",1999,2.0075
"2816","United States",2000,2.056
"2817","United States",2001,2.0305
"2818","United States",2002,2.0205
"2819","United States",2003,2.0475
"2820","United States",2004,2.0515
"2821","United States",2005,2.057
"2822","United States",2006,2.108
"2823","United States",2007,2.12
"2824","United States",2008,2.072
"2825","United States",2009,2.002
"2826","United States",2010,1.931
"2827","United States",2011,1.8945
"2828","United States",2012,1.8805
"2829","United States",2013,1.8575
"2830","United States",2014,1.8625
"2831","United States",2015,1.8435
"2832","United States",2016,1.8
"2833","Uruguay",1985,2.53
"2834","Uruguay",1986,2.524
"2835","Uruguay",1987,2.524
"2836","Uruguay",1988,2.525
"2837","Uruguay",1989,2.525
"2838","Uruguay",1990,2.52
"2839","Uruguay",1991,2.509
"2840","Uruguay",1992,2.49
"2841","Uruguay",1993,2.465
"2842","Uruguay",1994,2.435
"2843","Uruguay",1995,2.4
"2844","Uruguay",1996,2.363
"2845","Uruguay",1997,2.327
"2846","Uruguay",1998,2.294
"2847","Uruguay",1999,2.266
"2848","Uruguay",2000,2.242
"2849","Uruguay",2001,2.222
"2850","Uruguay",2002,2.205
"2851","Uruguay",2003,2.189
"2852","Uruguay",2004,2.174
"2853","Uruguay",2005,2.158
"2854","Uruguay",2006,2.142
"2855","Uruguay",2007,2.126
"2856","Uruguay",2008,2.11
"2857","Uruguay",2009,2.094
"2858","Uruguay",2010,2.078
"2859","Uruguay",2011,2.063
"2860","Uruguay",2012,2.048
"2861","Uruguay",2013,2.033
"2862","Uruguay",2014,2.019
"2863","Uruguay",2015,2.007
"2864","Uruguay",2016,1.995
"2865","Uzbekistan",1985,4.585
"2866","Uzbekistan",1986,4.509
"2867","Uzbekistan",1987,4.5
"2868","Uzbekistan",1988,4.28
"2869","Uzbekistan",1989,4.179
"2870","Uzbekistan",1990,4.072
"2871","Uzbekistan",1991,4.199
"2872","Uzbekistan",1992,4.004
"2873","Uzbekistan",1993,3.8
"2874","Uzbekistan",1994,3.537
"2875","Uzbekistan",1995,3.596
"2876","Uzbekistan",1996,3.32
"2877","Uzbekistan",1997,3.082
"2878","Uzbekistan",1998,2.815
"2879","Uzbekistan",1999,2.72
"2880","Uzbekistan",2000,2.58
"2881","Uzbekistan",2001,2.46
"2882","Uzbekistan",2002,2.52
"2883","Uzbekistan",2003,2.36
"2884","Uzbekistan",2004,2.46
"2885","Uzbekistan",2005,2.36
"2886","Uzbekistan",2006,2.39
"2887","Uzbekistan",2007,2.554
"2888","Uzbekistan",2008,2.637
"2889","Uzbekistan",2009,2.53
"2890","Uzbekistan",2010,2.342
"2891","Uzbekistan",2011,2.236
"2892","Uzbekistan",2012,2.193
"2893","Uzbekistan",2013,2.35
"2894","Uzbekistan",2014,2.457
"2895","Uzbekistan",2015,2.491
"2896","Uzbekistan",2016,2.455
