"","Country","Year","infant_mortality_rate"
"1","Albania",1985,54
"2","Albania",1986,50.4
"3","Albania",1987,47.2
"4","Albania",1988,44.5
"5","Albania",1989,42.2
"6","Albania",1990,40.1
"7","Albania",1991,38.4
"8","Albania",1992,36.8
"9","Albania",1993,35.4
"10","Albania",1994,33.9
"11","Albania",1995,32.4
"12","Albania",1996,30.9
"13","Albania",1997,29.3
"14","Albania",1998,27.7
"15","Albania",1999,26.1
"16","Albania",2000,24.5
"17","Albania",2001,22.9
"18","Albania",2002,21.4
"19","Albania",2003,19.9
"20","Albania",2004,18.5
"21","Albania",2005,17.2
"22","Albania",2006,16
"23","Albania",2007,14.8
"24","Albania",2008,13.8
"25","Albania",2009,12.8
"26","Albania",2010,12
"27","Albania",2011,11.3
"28","Albania",2012,10.7
"29","Albania",2013,10.1
"30","Albania",2014,9.7
"31","Albania",2015,9.4
"32","Albania",2016,9.1
"33","Antigua and Barbuda",1985,35.5
"34","Antigua and Barbuda",1986,33.4
"35","Antigua and Barbuda",1987,31.5
"36","Antigua and Barbuda",1988,29.6
"37","Antigua and Barbuda",1989,27.9
"38","Antigua and Barbuda",1990,26.3
"39","Antigua and Barbuda",1991,24.7
"40","Antigua and Barbuda",1992,23.3
"41","Antigua and Barbuda",1993,22
"42","Antigua and Barbuda",1994,20.7
"43","Antigua and Barbuda",1995,19.5
"44","Antigua and Barbuda",1996,18.4
"45","Antigua and Barbuda",1997,17.4
"46","Antigua and Barbuda",1998,16.5
"47","Antigua and Barbuda",1999,15.6
"48","Antigua and Barbuda",2000,14.9
"49","Antigua and Barbuda",2001,14.2
"50","Antigua and Barbuda",2002,13.6
"51","Antigua and Barbuda",2003,13
"52","Antigua and Barbuda",2004,12.5
"53","Antigua and Barbuda",2005,12
"54","Antigua and Barbuda",2006,11.5
"55","Antigua and Barbuda",2007,11.1
"56","Antigua and Barbuda",2008,10.7
"57","Antigua and Barbuda",2009,10.3
"58","Antigua and Barbuda",2010,9.8
"59","Antigua and Barbuda",2011,9.5
"60","Antigua and Barbuda",2012,9.1
"61","Antigua and Barbuda",2013,8.7
"62","Antigua and Barbuda",2014,8.3
"63","Antigua and Barbuda",2015,8
"64","Antigua and Barbuda",2016,7.7
"65","Argentina",1985,31.1
"66","Argentina",1986,29.9
"67","Argentina",1987,29.3
"68","Argentina",1988,29.1
"69","Argentina",1989,29
"70","Argentina",1990,28.8
"71","Argentina",1991,28.3
"72","Argentina",1992,27.6
"73","Argentina",1993,26.5
"74","Argentina",1994,25.5
"75","Argentina",1995,24.4
"76","Argentina",1996,23.4
"77","Argentina",1997,22.4
"78","Argentina",1998,21.5
"79","Argentina",1999,20.6
"80","Argentina",2000,19.8
"81","Argentina",2001,19
"82","Argentina",2002,18.3
"83","Argentina",2003,17.6
"84","Argentina",2004,17
"85","Argentina",2005,16.5
"86","Argentina",2006,16.1
"87","Argentina",2007,15.7
"88","Argentina",2008,15.4
"89","Argentina",2009,15
"90","Argentina",2010,14.5
"91","Argentina",2011,13.9
"92","Argentina",2012,13.3
"93","Argentina",2013,12.7
"94","Argentina",2014,12
"95","Argentina",2015,11.4
"96","Argentina",2016,10.9
"97","Armenia",1985,61.4
"98","Armenia",1986,59
"99","Armenia",1987,56.6
"100","Armenia",1988,81.9
"101","Armenia",1989,51.9
"102","Armenia",1990,49.6
"103","Armenia",1991,47.3
"104","Armenia",1992,45
"105","Armenia",1993,42.8
"106","Armenia",1994,40.6
"107","Armenia",1995,38.6
"108","Armenia",1996,36.7
"109","Armenia",1997,34.9
"110","Armenia",1998,33.2
"111","Armenia",1999,31.6
"112","Armenia",2000,30
"113","Armenia",2001,28.5
"114","Armenia",2002,27.1
"115","Armenia",2003,25.8
"116","Armenia",2004,24.5
"117","Armenia",2005,23.3
"118","Armenia",2006,22.1
"119","Armenia",2007,21
"120","Armenia",2008,20
"121","Armenia",2009,19
"122","Armenia",2010,18
"123","Armenia",2011,17.1
"124","Armenia",2012,16.3
"125","Armenia",2013,15.5
"126","Armenia",2014,14.7
"127","Armenia",2015,14
"128","Armenia",2016,13.3
"129","Australia",1985,11.3
"130","Australia",1986,11
"131","Australia",1987,10.6
"132","Australia",1988,10.2
"133","Australia",1989,9.7
"134","Australia",1990,9.2
"135","Australia",1991,8.7
"136","Australia",1992,8.2
"137","Australia",1993,7.7
"138","Australia",1994,7.3
"139","Australia",1995,7
"140","Australia",1996,6.8
"141","Australia",1997,6.6
"142","Australia",1998,6.4
"143","Australia",1999,6.3
"144","Australia",2000,6.2
"145","Australia",2001,6.1
"146","Australia",2002,6
"147","Australia",2003,5.9
"148","Australia",2004,5.8
"149","Australia",2005,5.7
"150","Australia",2006,5.6
"151","Australia",2007,5.4
"152","Australia",2008,5.2
"153","Australia",2009,5
"154","Australia",2010,4.8
"155","Australia",2011,4.6
"156","Australia",2012,4.3
"157","Australia",2013,4.2
"158","Australia",2014,4
"159","Australia",2015,3.8
"160","Australia",2016,3.7
"161","Austria",1985,12.6
"162","Austria",1986,11.9
"163","Austria",1987,11.2
"164","Austria",1988,10.5
"165","Austria",1989,10
"166","Austria",1990,9.5
"167","Austria",1991,9
"168","Austria",1992,8.5
"169","Austria",1993,7.9
"170","Austria",1994,7.4
"171","Austria",1995,6.8
"172","Austria",1996,6.4
"173","Austria",1997,6
"174","Austria",1998,5.8
"175","Austria",1999,5.6
"176","Austria",2000,5.5
"177","Austria",2001,5.4
"178","Austria",2002,5.3
"179","Austria",2003,5.2
"180","Austria",2004,5.1
"181","Austria",2005,4.9
"182","Austria",2006,4.8
"183","Austria",2007,4.6
"184","Austria",2008,4.5
"185","Austria",2009,4.4
"186","Austria",2010,4.3
"187","Austria",2011,4.2
"188","Austria",2012,4.1
"189","Austria",2013,3.9
"190","Austria",2014,3.8
"191","Austria",2015,3.7
"192","Austria",2016,3.6
"193","Azerbaijan",1985,101.8
"194","Azerbaijan",1986,99.7
"195","Azerbaijan",1987,98
"196","Azerbaijan",1988,96.6
"197","Azerbaijan",1989,95.6
"198","Azerbaijan",1990,95.3
"199","Azerbaijan",1991,95.5
"200","Azerbaijan",1992,95.9
"201","Azerbaijan",1993,96.1
"202","Azerbaijan",1994,95.7
"203","Azerbaijan",1995,94.3
"204","Azerbaijan",1996,92.1
"205","Azerbaijan",1997,88.9
"206","Azerbaijan",1998,84.6
"207","Azerbaijan",1999,79.8
"208","Azerbaijan",2000,74.7
"209","Azerbaijan",2001,69.5
"210","Azerbaijan",2002,64.5
"211","Azerbaijan",2003,59.9
"212","Azerbaijan",2004,55.7
"213","Azerbaijan",2005,52
"214","Azerbaijan",2006,48.7
"215","Azerbaijan",2007,45.6
"216","Azerbaijan",2008,42.7
"217","Azerbaijan",2009,40
"218","Azerbaijan",2010,37.4
"219","Azerbaijan",2011,35
"220","Azerbaijan",2012,32.6
"221","Azerbaijan",2013,30.4
"222","Azerbaijan",2014,28.4
"223","Azerbaijan",2015,26.4
"224","Azerbaijan",2016,24.6
"225","Bahrain",1985,25
"226","Bahrain",1986,24.2
"227","Bahrain",1987,23.7
"228","Bahrain",1988,23.4
"229","Bahrain",1989,23.2
"230","Bahrain",1990,23
"231","Bahrain",1991,22.7
"232","Bahrain",1992,22.1
"233","Bahrain",1993,21
"234","Bahrain",1994,19.7
"235","Bahrain",1995,18.1
"236","Bahrain",1996,16.6
"237","Bahrain",1997,15.2
"238","Bahrain",1998,14
"239","Bahrain",1999,13.1
"240","Bahrain",2000,12.5
"241","Bahrain",2001,12
"242","Bahrain",2002,11.6
"243","Bahrain",2003,11.3
"244","Bahrain",2004,11
"245","Bahrain",2005,10.7
"246","Bahrain",2006,10.3
"247","Bahrain",2007,9.8
"248","Bahrain",2008,9.3
"249","Bahrain",2009,8.9
"250","Bahrain",2010,8.5
"251","Bahrain",2011,8.2
"252","Bahrain",2012,8
"253","Bahrain",2013,7.8
"254","Bahrain",2014,7.7
"255","Bahrain",2015,7.6
"256","Bahrain",2016,7.5
"257","Barbados",1985,22
"258","Barbados",1986,21.2
"259","Barbados",1987,20.4
"260","Barbados",1988,19.6
"261","Barbados",1989,18.7
"262","Barbados",1990,17.9
"263","Barbados",1991,17.1
"264","Barbados",1992,16.4
"265","Barbados",1993,15.7
"266","Barbados",1994,15.3
"267","Barbados",1995,14.9
"268","Barbados",1996,14.7
"269","Barbados",1997,14.7
"270","Barbados",1998,14.8
"271","Barbados",1999,14.9
"272","Barbados",2000,15.2
"273","Barbados",2001,15.4
"274","Barbados",2002,15.6
"275","Barbados",2003,15.8
"276","Barbados",2004,15.8
"277","Barbados",2005,15.7
"278","Barbados",2006,15.5
"279","Barbados",2007,15.3
"280","Barbados",2008,15
"281","Barbados",2009,14.8
"282","Barbados",2010,14.5
"283","Barbados",2011,14.2
"284","Barbados",2012,14
"285","Barbados",2013,13.7
"286","Barbados",2014,13.4
"287","Barbados",2015,13.1
"288","Barbados",2016,12.8
"289","Belarus",1985,17.6
"290","Belarus",1986,17
"291","Belarus",1987,16.4
"292","Belarus",1988,15.9
"293","Belarus",1989,15.5
"294","Belarus",1990,15.2
"295","Belarus",1991,15.2
"296","Belarus",1992,15.3
"297","Belarus",1993,15.5
"298","Belarus",1994,15.7
"299","Belarus",1995,15.7
"300","Belarus",1996,15.5
"301","Belarus",1997,15.1
"302","Belarus",1998,14.5
"303","Belarus",1999,13.7
"304","Belarus",2000,12.8
"305","Belarus",2001,11.8
"306","Belarus",2002,10.9
"307","Belarus",2003,10
"308","Belarus",2004,9.3
"309","Belarus",2005,8.5
"310","Belarus",2006,7.9
"311","Belarus",2007,7.2
"312","Belarus",2008,6.6
"313","Belarus",2009,6
"314","Belarus",2010,5.5
"315","Belarus",2011,5.1
"316","Belarus",2012,4.8
"317","Belarus",2013,4.5
"318","Belarus",2014,4.3
"319","Belarus",2015,4.1
"320","Belarus",2016,3.9
"321","Belgium",1985,11.8
"322","Belgium",1986,11.4
"323","Belgium",1987,11
"324","Belgium",1988,10.7
"325","Belgium",1989,10.3
"326","Belgium",1990,10
"327","Belgium",1991,9.6
"328","Belgium",1992,9.2
"329","Belgium",1993,8.7
"330","Belgium",1994,8.2
"331","Belgium",1995,7.6
"332","Belgium",1996,7.1
"333","Belgium",1997,6.7
"334","Belgium",1998,6.4
"335","Belgium",1999,6.1
"336","Belgium",2000,5.9
"337","Belgium",2001,5.7
"338","Belgium",2002,5.5
"339","Belgium",2003,5.3
"340","Belgium",2004,5.2
"341","Belgium",2005,5
"342","Belgium",2006,4.9
"343","Belgium",2007,4.8
"344","Belgium",2008,4.7
"345","Belgium",2009,4.6
"346","Belgium",2010,4.5
"347","Belgium",2011,4.4
"348","Belgium",2012,4.3
"349","Belgium",2013,4.2
"350","Belgium",2014,4.1
"351","Belgium",2015,4
"352","Belgium",2016,3.9
"353","Belize",1985,51.9
"354","Belize",1986,49.1
"355","Belize",1987,46.4
"356","Belize",1988,43.7
"357","Belize",1989,41
"358","Belize",1990,38.5
"359","Belize",1991,36.2
"360","Belize",1992,34.1
"361","Belize",1993,32.2
"362","Belize",1994,30.6
"363","Belize",1995,29.1
"364","Belize",1996,27.8
"365","Belize",1997,26.6
"366","Belize",1998,25.5
"367","Belize",1999,24.6
"368","Belize",2000,23.7
"369","Belize",2001,22.9
"370","Belize",2002,22.2
"371","Belize",2003,21.7
"372","Belize",2004,21.3
"373","Belize",2005,20.9
"374","Belize",2006,20.6
"375","Belize",2007,20.3
"376","Belize",2008,19.9
"377","Belize",2009,19.5
"378","Belize",2010,19
"379","Belize",2011,18.4
"380","Belize",2012,17.8
"381","Belize",2013,17.1
"382","Belize",2014,16.4
"383","Belize",2015,15.6
"384","Belize",2016,14.9
"385","Bosnia and Herzegovina",1985,27.1
"386","Bosnia and Herzegovina",1986,24.9
"387","Bosnia and Herzegovina",1987,23
"388","Bosnia and Herzegovina",1988,21.3
"389","Bosnia and Herzegovina",1989,19.7
"390","Bosnia and Herzegovina",1990,18.2
"391","Bosnia and Herzegovina",1991,16.8
"392","Bosnia and Herzegovina",1992,18
"393","Bosnia and Herzegovina",1993,17.5
"394","Bosnia and Herzegovina",1994,14.7
"395","Bosnia and Herzegovina",1995,14.1
"396","Bosnia and Herzegovina",1996,12.2
"397","Bosnia and Herzegovina",1997,11.5
"398","Bosnia and Herzegovina",1998,10.9
"399","Bosnia and Herzegovina",1999,10.3
"400","Bosnia and Herzegovina",2000,9.9
"401","Bosnia and Herzegovina",2001,9.5
"402","Bosnia and Herzegovina",2002,9.3
"403","Bosnia and Herzegovina",2003,9.2
"404","Bosnia and Herzegovina",2004,9
"405","Bosnia and Herzegovina",2005,8.9
"406","Bosnia and Herzegovina",2006,8.6
"407","Bosnia and Herzegovina",2007,8.3
"408","Bosnia and Herzegovina",2008,7.9
"409","Bosnia and Herzegovina",2009,7.5
"410","Bosnia and Herzegovina",2010,7.2
"411","Bosnia and Herzegovina",2011,6.8
"412","Bosnia and Herzegovina",2012,6.6
"413","Bosnia and Herzegovina",2013,6.4
"414","Bosnia and Herzegovina",2014,6.2
"415","Bosnia and Herzegovina",2015,6
"416","Bosnia and Herzegovina",2016,5.9
"417","Brazil",1985,77.1
"418","Brazil",1986,74.1
"419","Brazil",1987,71.3
"420","Brazil",1988,68.6
"421","Brazil",1989,65.8
"422","Brazil",1990,63.1
"423","Brazil",1991,60.2
"424","Brazil",1992,57.2
"425","Brazil",1993,54.1
"426","Brazil",1994,51
"427","Brazil",1995,47.9
"428","Brazil",1996,44.9
"429","Brazil",1997,42.1
"430","Brazil",1998,39.5
"431","Brazil",1999,37
"432","Brazil",2000,34.7
"433","Brazil",2001,32.5
"434","Brazil",2002,30.5
"435","Brazil",2003,28.5
"436","Brazil",2004,26.6
"437","Brazil",2005,24.9
"438","Brazil",2006,23.3
"439","Brazil",2007,21.9
"440","Brazil",2008,20.7
"441","Brazil",2009,19.6
"442","Brazil",2010,18.7
"443","Brazil",2011,17.9
"444","Brazil",2012,17.3
"445","Brazil",2013,16.7
"446","Brazil",2014,16.2
"447","Brazil",2015,15.7
"448","Brazil",2016,16.3
"449","Bulgaria",1985,19.6
"450","Bulgaria",1986,18.8
"451","Bulgaria",1987,18.2
"452","Bulgaria",1988,17.9
"453","Bulgaria",1989,18
"454","Bulgaria",1990,18.4
"455","Bulgaria",1991,18.8
"456","Bulgaria",1992,19
"457","Bulgaria",1993,19.2
"458","Bulgaria",1994,19.3
"459","Bulgaria",1995,19.3
"460","Bulgaria",1996,19.3
"461","Bulgaria",1997,19.2
"462","Bulgaria",1998,18.9
"463","Bulgaria",1999,18.3
"464","Bulgaria",2000,17.6
"465","Bulgaria",2001,16.8
"466","Bulgaria",2002,15.9
"467","Bulgaria",2003,15.1
"468","Bulgaria",2004,14.2
"469","Bulgaria",2005,13.3
"470","Bulgaria",2006,12.5
"471","Bulgaria",2007,11.9
"472","Bulgaria",2008,11.5
"473","Bulgaria",2009,11.1
"474","Bulgaria",2010,10.7
"475","Bulgaria",2011,10.3
"476","Bulgaria",2012,9.8
"477","Bulgaria",2013,9.3
"478","Bulgaria",2014,8.8
"479","Bulgaria",2015,8.3
"480","Bulgaria",2016,7.9
"481","Cabo Verde",1985,79.4
"482","Cabo Verde",1986,76
"483","Cabo Verde",1987,72.2
"484","Cabo Verde",1988,68.4
"485","Cabo Verde",1989,65.1
"486","Cabo Verde",1990,62.7
"487","Cabo Verde",1991,61.3
"488","Cabo Verde",1992,60.5
"489","Cabo Verde",1993,60
"490","Cabo Verde",1994,59.2
"491","Cabo Verde",1995,57.4
"492","Cabo Verde",1996,54.2
"493","Cabo Verde",1997,50
"494","Cabo Verde",1998,45
"495","Cabo Verde",1999,39.9
"496","Cabo Verde",2000,35.5
"497","Cabo Verde",2001,31.9
"498","Cabo Verde",2002,29.3
"499","Cabo Verde",2003,27.7
"500","Cabo Verde",2004,26.7
"501","Cabo Verde",2005,26.3
"502","Cabo Verde",2006,26.2
"503","Cabo Verde",2007,26.2
"504","Cabo Verde",2008,26
"505","Cabo Verde",2009,25.7
"506","Cabo Verde",2010,25.1
"507","Cabo Verde",2011,24.3
"508","Cabo Verde",2012,23.3
"509","Cabo Verde",2013,22.2
"510","Cabo Verde",2014,21
"511","Cabo Verde",2015,19.7
"512","Cabo Verde",2016,18.5
"513","Canada",1985,9.8
"514","Canada",1986,9.4
"515","Canada",1987,9.1
"516","Canada",1988,8.8
"517","Canada",1989,8.6
"518","Canada",1990,8.3
"519","Canada",1991,8
"520","Canada",1992,7.7
"521","Canada",1993,7.4
"522","Canada",1994,7.2
"523","Canada",1995,6.9
"524","Canada",1996,6.7
"525","Canada",1997,6.5
"526","Canada",1998,6.4
"527","Canada",1999,6.3
"528","Canada",2000,6.2
"529","Canada",2001,6.2
"530","Canada",2002,6.1
"531","Canada",2003,6.1
"532","Canada",2004,6.1
"533","Canada",2005,6.1
"534","Canada",2006,6
"535","Canada",2007,5.9
"536","Canada",2008,5.8
"537","Canada",2009,5.7
"538","Canada",2010,5.6
"539","Canada",2011,5.6
"540","Canada",2012,5.5
"541","Canada",2013,5.5
"542","Canada",2014,5.4
"543","Canada",2015,5.3
"544","Canada",2016,5.2
"545","Chile",1985,22.4
"546","Chile",1986,22.2
"547","Chile",1987,21.9
"548","Chile",1988,21.3
"549","Chile",1989,20.4
"550","Chile",1990,19.1
"551","Chile",1991,17.8
"552","Chile",1992,16.4
"553","Chile",1993,15.1
"554","Chile",1994,14
"555","Chile",1995,13.1
"556","Chile",1996,12.5
"557","Chile",1997,12.2
"558","Chile",1998,11.9
"559","Chile",1999,11.5
"560","Chile",2000,10.9
"561","Chile",2001,10.3
"562","Chile",2002,9.8
"563","Chile",2003,9.5
"564","Chile",2004,9.3
"565","Chile",2005,9.2
"566","Chile",2006,9.1
"567","Chile",2007,9.1
"568","Chile",2008,9.1
"569","Chile",2009,9
"570","Chile",2010,8.8
"571","Chile",2011,8.5
"572","Chile",2012,8.4
"573","Chile",2013,8.3
"574","Chile",2014,8.1
"575","Chile",2015,7.9
"576","Chile",2016,7.7
"577","Colombia",1985,42.7
"578","Colombia",1986,40.7
"579","Colombia",1987,39
"580","Colombia",1988,37.6
"581","Colombia",1989,36.3
"582","Colombia",1990,35.1
"583","Colombia",1991,34.1
"584","Colombia",1992,33
"585","Colombia",1993,31.9
"586","Colombia",1994,30.8
"587","Colombia",1995,29.7
"588","Colombia",1996,28.7
"589","Colombia",1997,27.7
"590","Colombia",1998,26.7
"591","Colombia",1999,25.8
"592","Colombia",2000,25
"593","Colombia",2001,24.3
"594","Colombia",2002,23.6
"595","Colombia",2003,22.9
"596","Colombia",2004,22.3
"597","Colombia",2005,21.6
"598","Colombia",2006,21
"599","Colombia",2007,20.4
"600","Colombia",2008,19.8
"601","Colombia",2009,19.1
"602","Colombia",2010,18.5
"603","Colombia",2011,18
"604","Colombia",2012,17.4
"605","Colombia",2013,16.8
"606","Colombia",2014,16.2
"607","Colombia",2015,15.7
"608","Colombia",2016,15.2
"609","Costa Rica",1985,22.8
"610","Costa Rica",1986,21.7
"611","Costa Rica",1987,20.1
"612","Costa Rica",1988,18.6
"613","Costa Rica",1989,17.6
"614","Costa Rica",1990,16.8
"615","Costa Rica",1991,16.2
"616","Costa Rica",1992,15.7
"617","Costa Rica",1993,15.3
"618","Costa Rica",1994,14.9
"619","Costa Rica",1995,14.7
"620","Costa Rica",1996,14.8
"621","Costa Rica",1997,14.8
"622","Costa Rica",1998,14.5
"623","Costa Rica",1999,13.8
"624","Costa Rica",2000,12.9
"625","Costa Rica",2001,12.2
"626","Costa Rica",2002,11.7
"627","Costa Rica",2003,11.2
"628","Costa Rica",2004,10.8
"629","Costa Rica",2005,10.5
"630","Costa Rica",2006,10.4
"631","Costa Rica",2007,10.4
"632","Costa Rica",2008,10.4
"633","Costa Rica",2009,10.2
"634","Costa Rica",2010,10
"635","Costa Rica",2011,9.9
"636","Costa Rica",2012,9.8
"637","Costa Rica",2013,9.7
"638","Costa Rica",2014,9.5
"639","Costa Rica",2015,9.4
"640","Costa Rica",2016,9.2
"641","Croatia",1985,18.2
"642","Croatia",1986,17
"643","Croatia",1987,15.8
"644","Croatia",1988,14.7
"645","Croatia",1989,13.7
"646","Croatia",1990,12.8
"647","Croatia",1991,12.1
"648","Croatia",1992,11.4
"649","Croatia",1993,10.9
"650","Croatia",1994,10.4
"651","Croatia",1995,10
"652","Croatia",1996,9.6
"653","Croatia",1997,9.3
"654","Croatia",1998,8.9
"655","Croatia",1999,8.6
"656","Croatia",2000,8.3
"657","Croatia",2001,8
"658","Croatia",2002,7.7
"659","Croatia",2003,7.4
"660","Croatia",2004,7
"661","Croatia",2005,6.7
"662","Croatia",2006,6.4
"663","Croatia",2007,6.2
"664","Croatia",2008,5.9
"665","Croatia",2009,5.7
"666","Croatia",2010,5.5
"667","Croatia",2011,5.3
"668","Croatia",2012,5.2
"669","Croatia",2013,5
"670","Croatia",2014,4.9
"671","Croatia",2015,4.8
"672","Croatia",2016,4.7
"673","Cuba",1985,18.4
"674","Cuba",1986,17.4
"675","Cuba",1987,16.4
"676","Cuba",1988,15.2
"677","Cuba",1989,14.2
"678","Cuba",1990,13.2
"679","Cuba",1991,12.4
"680","Cuba",1992,11.7
"681","Cuba",1993,11.2
"682","Cuba",1994,10.9
"683","Cuba",1995,10.7
"684","Cuba",1996,10.4
"685","Cuba",1997,9.8
"686","Cuba",1998,9.1
"687","Cuba",1999,8.5
"688","Cuba",2000,8.1
"689","Cuba",2001,7.8
"690","Cuba",2002,7.7
"691","Cuba",2003,7.7
"692","Cuba",2004,7.5
"693","Cuba",2005,7.2
"694","Cuba",2006,6.9
"695","Cuba",2007,6.6
"696","Cuba",2008,6.4
"697","Cuba",2009,6.2
"698","Cuba",2010,6
"699","Cuba",2011,5.9
"700","Cuba",2012,5.8
"701","Cuba",2013,5.7
"702","Cuba",2014,5.7
"703","Cuba",2015,5.6
"704","Cuba",2016,5.5
"705","Cyprus",1985,13.5
"706","Cyprus",1986,12.5
"707","Cyprus",1987,11.9
"708","Cyprus",1988,11.5
"709","Cyprus",1989,11.3
"710","Cyprus",1990,11.1
"711","Cyprus",1991,10.8
"712","Cyprus",1992,10.5
"713","Cyprus",1993,10
"714","Cyprus",1994,9.6
"715","Cyprus",1995,9
"716","Cyprus",1996,8.5
"717","Cyprus",1997,8
"718","Cyprus",1998,7.5
"719","Cyprus",1999,7.1
"720","Cyprus",2000,6.6
"721","Cyprus",2001,6.2
"722","Cyprus",2002,5.8
"723","Cyprus",2003,5.5
"724","Cyprus",2004,5.1
"725","Cyprus",2005,4.8
"726","Cyprus",2006,4.6
"727","Cyprus",2007,4.3
"728","Cyprus",2008,4.1
"729","Cyprus",2009,3.8
"730","Cyprus",2010,3.6
"731","Cyprus",2011,3.5
"732","Cyprus",2012,3.3
"733","Cyprus",2013,3.1
"734","Cyprus",2014,3
"735","Cyprus",2015,2.9
"736","Cyprus",2016,2.8
"737","Czech Republic",1985,14.2
"738","Czech Republic",1986,13.9
"739","Czech Republic",1987,13.4
"740","Czech Republic",1988,12.9
"741","Czech Republic",1989,12.5
"742","Czech Republic",1990,12.2
"743","Czech Republic",1991,11.7
"744","Czech Republic",1992,11
"745","Czech Republic",1993,10.2
"746","Czech Republic",1994,9.4
"747","Czech Republic",1995,8.5
"748","Czech Republic",1996,7.7
"749","Czech Republic",1997,7
"750","Czech Republic",1998,6.3
"751","Czech Republic",1999,5.8
"752","Czech Republic",2000,5.5
"753","Czech Republic",2001,5.2
"754","Czech Republic",2002,5
"755","Czech Republic",2003,4.8
"756","Czech Republic",2004,4.6
"757","Czech Republic",2005,4.4
"758","Czech Republic",2006,4.1
"759","Czech Republic",2007,3.9
"760","Czech Republic",2008,3.7
"761","Czech Republic",2009,3.5
"762","Czech Republic",2010,3.4
"763","Czech Republic",2011,3.3
"764","Czech Republic",2012,3.2
"765","Czech Republic",2013,3.1
"766","Czech Republic",2014,3.1
"767","Czech Republic",2015,3.1
"768","Czech Republic",2016,3.2
"769","Denmark",1985,9.7
"770","Denmark",1986,9.7
"771","Denmark",1987,9.7
"772","Denmark",1988,9.6
"773","Denmark",1989,9.3
"774","Denmark",1990,8.9
"775","Denmark",1991,8.4
"776","Denmark",1992,7.9
"777","Denmark",1993,7.4
"778","Denmark",1994,6.9
"779","Denmark",1995,6.5
"780","Denmark",1996,6.2
"781","Denmark",1997,6
"782","Denmark",1998,5.8
"783","Denmark",1999,5.6
"784","Denmark",2000,5.5
"785","Denmark",2001,5.4
"786","Denmark",2002,5.3
"787","Denmark",2003,5.2
"788","Denmark",2004,5
"789","Denmark",2005,4.8
"790","Denmark",2006,4.6
"791","Denmark",2007,4.5
"792","Denmark",2008,4.3
"793","Denmark",2009,4.2
"794","Denmark",2010,4.1
"795","Denmark",2011,4.1
"796","Denmark",2012,4.1
"797","Denmark",2013,4.1
"798","Denmark",2014,4.2
"799","Denmark",2015,4.2
"800","Denmark",2016,4.3
"801","Dominica",1985,17
"802","Dominica",1986,17
"803","Dominica",1987,17
"804","Dominica",1988,17.1
"805","Dominica",1989,17.1
"806","Dominica",1990,17.1
"807","Dominica",1991,17.1
"808","Dominica",1992,17.1
"809","Dominica",1993,17
"810","Dominica",1994,16.8
"811","Dominica",1995,16.6
"812","Dominica",1996,16.3
"813","Dominica",1997,16.1
"814","Dominica",1998,15.8
"815","Dominica",1999,15.6
"816","Dominica",2000,15.4
"817","Dominica",2001,15.3
"818","Dominica",2002,15.2
"819","Dominica",2003,15.3
"820","Dominica",2004,15.6
"821","Dominica",2005,16
"822","Dominica",2006,16.5
"823","Dominica",2007,17.3
"824","Dominica",2008,18.3
"825","Dominica",2009,19.4
"826","Dominica",2010,20.8
"827","Dominica",2011,22.5
"828","Dominica",2012,24.4
"829","Dominica",2013,26.6
"830","Dominica",2014,28.9
"831","Dominica",2015,31.2
"832","Dominica",2016,32.9
"833","Ecuador",1985,69.9
"834","Ecuador",1986,66.1
"835","Ecuador",1987,62.8
"836","Ecuador",1988,59.7
"837","Ecuador",1989,56.9
"838","Ecuador",1990,54.2
"839","Ecuador",1991,51.6
"840","Ecuador",1992,48.9
"841","Ecuador",1993,46.2
"842","Ecuador",1994,43.5
"843","Ecuador",1995,40.8
"844","Ecuador",1996,38.1
"845","Ecuador",1997,35.5
"846","Ecuador",1998,33.1
"847","Ecuador",1999,31
"848","Ecuador",2000,29.1
"849","Ecuador",2001,27.5
"850","Ecuador",2002,26.1
"851","Ecuador",2003,24.9
"852","Ecuador",2004,23.8
"853","Ecuador",2005,22.8
"854","Ecuador",2006,21.9
"855","Ecuador",2007,21
"856","Ecuador",2008,20.1
"857","Ecuador",2009,19.2
"858","Ecuador",2010,18.3
"859","Ecuador",2011,17.5
"860","Ecuador",2012,16.7
"861","Ecuador",2013,16.1
"862","Ecuador",2014,15.5
"863","Ecuador",2015,15.1
"864","Ecuador",2016,14.8
"865","El Salvador",1985,80.4
"866","El Salvador",1986,75.4
"867","El Salvador",1987,70.9
"868","El Salvador",1988,66.8
"869","El Salvador",1989,63.1
"870","El Salvador",1990,59.7
"871","El Salvador",1991,56.5
"872","El Salvador",1992,53.4
"873","El Salvador",1993,50.4
"874","El Salvador",1994,47.4
"875","El Salvador",1995,44.6
"876","El Salvador",1996,41.9
"877","El Salvador",1997,39.4
"878","El Salvador",1998,37
"879","El Salvador",1999,34.8
"880","El Salvador",2000,32.9
"881","El Salvador",2001,31.1
"882","El Salvador",2002,29.4
"883","El Salvador",2003,27.9
"884","El Salvador",2004,26.4
"885","El Salvador",2005,25
"886","El Salvador",2006,23.7
"887","El Salvador",2007,22.5
"888","El Salvador",2008,21.4
"889","El Salvador",2009,20.3
"890","El Salvador",2010,19.4
"891","El Salvador",2011,18.4
"892","El Salvador",2012,17.6
"893","El Salvador",2013,16.9
"894","El Salvador",2014,16.2
"895","El Salvador",2015,15.5
"896","El Salvador",2016,15
"897","Estonia",1985,19
"898","Estonia",1986,18.6
"899","Estonia",1987,18.3
"900","Estonia",1988,18
"901","Estonia",1989,17.9
"902","Estonia",1990,17.7
"903","Estonia",1991,17.6
"904","Estonia",1992,17.4
"905","Estonia",1993,17
"906","Estonia",1994,16.5
"907","Estonia",1995,15.7
"908","Estonia",1996,14.9
"909","Estonia",1997,13.9
"910","Estonia",1998,12.9
"911","Estonia",1999,12
"912","Estonia",2000,11
"913","Estonia",2001,10.1
"914","Estonia",2002,9.3
"915","Estonia",2003,8.5
"916","Estonia",2004,7.8
"917","Estonia",2005,7.1
"918","Estonia",2006,6.5
"919","Estonia",2007,5.9
"920","Estonia",2008,5.4
"921","Estonia",2009,5
"922","Estonia",2010,4.5
"923","Estonia",2011,4.2
"924","Estonia",2012,3.9
"925","Estonia",2013,3.6
"926","Estonia",2014,3.3
"927","Estonia",2015,3.1
"928","Estonia",2016,2.9
"929","Fiji",1985,35.2
"930","Fiji",1986,33.8
"931","Fiji",1987,32.6
"932","Fiji",1988,31.4
"933","Fiji",1989,30.2
"934","Fiji",1990,29.1
"935","Fiji",1991,28.1
"936","Fiji",1992,27.1
"937","Fiji",1993,26.2
"938","Fiji",1994,25.5
"939","Fiji",1995,24.9
"940","Fiji",1996,24.4
"941","Fiji",1997,23.9
"942","Fiji",1998,23.6
"943","Fiji",1999,23.2
"944","Fiji",2000,22.9
"945","Fiji",2001,22.7
"946","Fiji",2002,22.5
"947","Fiji",2003,22.6
"948","Fiji",2004,22.8
"949","Fiji",2005,23.1
"950","Fiji",2006,23.4
"951","Fiji",2007,23.7
"952","Fiji",2008,23.9
"953","Fiji",2009,24
"954","Fiji",2010,24
"955","Fiji",2011,24
"956","Fiji",2012,24
"957","Fiji",2013,24.1
"958","Fiji",2014,24.3
"959","Fiji",2015,24.6
"960","Fiji",2016,25
"961","Finland",1985,7.3
"962","Finland",1986,7.3
"963","Finland",1987,7.2
"964","Finland",1988,7.1
"965","Finland",1989,6.9
"966","Finland",1990,6.7
"967","Finland",1991,6.4
"968","Finland",1992,6.1
"969","Finland",1993,5.8
"970","Finland",1994,5.5
"971","Finland",1995,5.2
"972","Finland",1996,4.9
"973","Finland",1997,4.7
"974","Finland",1998,4.6
"975","Finland",1999,4.4
"976","Finland",2000,4.3
"977","Finland",2001,4.2
"978","Finland",2002,4.1
"979","Finland",2003,4
"980","Finland",2004,3.9
"981","Finland",2005,3.7
"982","Finland",2006,3.6
"983","Finland",2007,3.5
"984","Finland",2008,3.3
"985","Finland",2009,3.2
"986","Finland",2010,3
"987","Finland",2011,2.9
"988","Finland",2012,2.8
"989","Finland",2013,2.6
"990","Finland",2014,2.5
"991","Finland",2015,2.4
"992","Finland",2016,2.3
"993","France",1985,10.4
"994","France",1986,10.1
"995","France",1987,9.8
"996","France",1988,9.6
"997","France",1989,9.3
"998","France",1990,9
"999","France",1991,8.6
"1000","France",1992,8.1
"1001","France",1993,7.5
"1002","France",1994,7
"1003","France",1995,6.5
"1004","France",1996,6.1
"1005","France",1997,5.8
"1006","France",1998,5.6
"1007","France",1999,5.5
"1008","France",2000,5.4
"1009","France",2001,5.2
"1010","France",2002,5.1
"1011","France",2003,4.9
"1012","France",2004,4.7
"1013","France",2005,4.6
"1014","France",2006,4.5
"1015","France",2007,4.4
"1016","France",2008,4.3
"1017","France",2009,4.3
"1018","France",2010,4.2
"1019","France",2011,4.2
"1020","France",2012,4.1
"1021","France",2013,4.1
"1022","France",2014,4.1
"1023","France",2015,4.2
"1024","France",2016,4.2
"1025","Georgia",1985,51
"1026","Georgia",1986,50
"1027","Georgia",1987,49.3
"1028","Georgia",1988,48.7
"1029","Georgia",1989,48.2
"1030","Georgia",1990,47.7
"1031","Georgia",1991,47.1
"1032","Georgia",1992,46.6
"1033","Georgia",1993,45.9
"1034","Georgia",1994,45
"1035","Georgia",1995,44
"1036","Georgia",1996,42.7
"1037","Georgia",1997,41.2
"1038","Georgia",1998,39.5
"1039","Georgia",1999,37.5
"1040","Georgia",2000,35.4
"1041","Georgia",2001,33.1
"1042","Georgia",2002,30.9
"1043","Georgia",2003,28.7
"1044","Georgia",2004,26.5
"1045","Georgia",2005,24.4
"1046","Georgia",2006,22.5
"1047","Georgia",2007,20.8
"1048","Georgia",2008,19.2
"1049","Georgia",2009,17.8
"1050","Georgia",2010,16.6
"1051","Georgia",2011,15.5
"1052","Georgia",2012,14.5
"1053","Georgia",2013,13.6
"1054","Georgia",2014,12.8
"1055","Georgia",2015,12.1
"1056","Georgia",2016,11.4
"1057","Germany",1985,11.1
"1058","Germany",1986,10.6
"1059","Germany",1987,10
"1060","Germany",1988,9.5
"1061","Germany",1989,9
"1062","Germany",1990,8.5
"1063","Germany",1991,8
"1064","Germany",1992,7.6
"1065","Germany",1993,7.2
"1066","Germany",1994,6.8
"1067","Germany",1995,6.5
"1068","Germany",1996,6.2
"1069","Germany",1997,5.9
"1070","Germany",1998,5.7
"1071","Germany",1999,5.5
"1072","Germany",2000,5.4
"1073","Germany",2001,5.2
"1074","Germany",2002,5.1
"1075","Germany",2003,5
"1076","Germany",2004,4.9
"1077","Germany",2005,4.7
"1078","Germany",2006,4.6
"1079","Germany",2007,4.5
"1080","Germany",2008,4.4
"1081","Germany",2009,4.3
"1082","Germany",2010,4.2
"1083","Germany",2011,4.1
"1084","Germany",2012,4
"1085","Germany",2013,4
"1086","Germany",2014,3.9
"1087","Germany",2015,3.9
"1088","Germany",2016,3.8
"1089","Greece",1985,14.6
"1090","Greece",1986,13.7
"1091","Greece",1987,12.8
"1092","Greece",1988,11.9
"1093","Greece",1989,11.1
"1094","Greece",1990,10.4
"1095","Greece",1991,9.9
"1096","Greece",1992,9.5
"1097","Greece",1993,9.1
"1098","Greece",1994,8.8
"1099","Greece",1995,8.5
"1100","Greece",1996,8.1
"1101","Greece",1997,7.7
"1102","Greece",1998,7.3
"1103","Greece",1999,6.9
"1104","Greece",2000,6.4
"1105","Greece",2001,6
"1106","Greece",2002,5.6
"1107","Greece",2003,5.2
"1108","Greece",2004,4.9
"1109","Greece",2005,4.6
"1110","Greece",2006,4.3
"1111","Greece",2007,4.1
"1112","Greece",2008,4
"1113","Greece",2009,3.9
"1114","Greece",2010,3.9
"1115","Greece",2011,3.9
"1116","Greece",2012,4
"1117","Greece",2013,4.2
"1118","Greece",2014,4.4
"1119","Greece",2015,4.8
"1120","Greece",2016,5.1
"1121","Grenada",1985,27
"1122","Grenada",1986,26.5
"1123","Grenada",1987,25.9
"1124","Grenada",1988,25.2
"1125","Grenada",1989,24.4
"1126","Grenada",1990,23.4
"1127","Grenada",1991,22.3
"1128","Grenada",1992,21.2
"1129","Grenada",1993,20.2
"1130","Grenada",1994,19.2
"1131","Grenada",1995,18.4
"1132","Grenada",1996,17.8
"1133","Grenada",1997,17.2
"1134","Grenada",1998,16.7
"1135","Grenada",1999,16.2
"1136","Grenada",2000,15.7
"1137","Grenada",2001,15.3
"1138","Grenada",2002,14.9
"1139","Grenada",2003,14.6
"1140","Grenada",2004,14.4
"1141","Grenada",2005,14.1
"1142","Grenada",2006,14
"1143","Grenada",2007,13.9
"1144","Grenada",2008,14
"1145","Grenada",2009,14.1
"1146","Grenada",2010,14.3
"1147","Grenada",2011,14.6
"1148","Grenada",2012,15
"1149","Grenada",2013,15.4
"1150","Grenada",2014,15.9
"1151","Grenada",2015,16.3
"1152","Grenada",2016,16.6
"1153","Guatemala",1985,101.8
"1154","Guatemala",1986,97.6
"1155","Guatemala",1987,93.4
"1156","Guatemala",1988,89.2
"1157","Guatemala",1989,85.3
"1158","Guatemala",1990,81.4
"1159","Guatemala",1991,77.6
"1160","Guatemala",1992,74
"1161","Guatemala",1993,70.6
"1162","Guatemala",1994,67.3
"1163","Guatemala",1995,64.3
"1164","Guatemala",1996,61.4
"1165","Guatemala",1997,58.8
"1166","Guatemala",1998,56.3
"1167","Guatemala",1999,54
"1168","Guatemala",2000,51.9
"1169","Guatemala",2001,49.8
"1170","Guatemala",2002,47.9
"1171","Guatemala",2003,46.1
"1172","Guatemala",2004,44.3
"1173","Guatemala",2005,42.6
"1174","Guatemala",2006,41.1
"1175","Guatemala",2007,39.6
"1176","Guatemala",2008,38.1
"1177","Guatemala",2009,36.7
"1178","Guatemala",2010,35.4
"1179","Guatemala",2011,34.1
"1180","Guatemala",2012,32.9
"1181","Guatemala",2013,31.7
"1182","Guatemala",2014,30.6
"1183","Guatemala",2015,29.6
"1184","Guatemala",2016,28.6
"1185","Guyana",1985,66.6
"1186","Guyana",1986,65.6
"1187","Guyana",1987,64.6
"1188","Guyana",1988,63.3
"1189","Guyana",1989,61.9
"1190","Guyana",1990,60.5
"1191","Guyana",1991,59
"1192","Guyana",1992,57.4
"1193","Guyana",1993,55.8
"1194","Guyana",1994,54.3
"1195","Guyana",1995,52.9
"1196","Guyana",1996,51.6
"1197","Guyana",1997,50.3
"1198","Guyana",1998,49.1
"1199","Guyana",1999,47.9
"1200","Guyana",2000,46.7
"1201","Guyana",2001,45.5
"1202","Guyana",2002,44.5
"1203","Guyana",2003,43.4
"1204","Guyana",2004,42.5
"1205","Guyana",2005,41.6
"1206","Guyana",2006,40.8
"1207","Guyana",2007,39.9
"1208","Guyana",2008,39.1
"1209","Guyana",2009,38.3
"1210","Guyana",2010,37.6
"1211","Guyana",2011,36.8
"1212","Guyana",2012,36
"1213","Guyana",2013,35.1
"1214","Guyana",2014,34.3
"1215","Guyana",2015,33.3
"1216","Guyana",2016,32.3
"1217","Hungary",1985,21.8
"1218","Hungary",1986,20.8
"1219","Hungary",1987,19.5
"1220","Hungary",1988,18.5
"1221","Hungary",1989,17.8
"1222","Hungary",1990,17.3
"1223","Hungary",1991,16.6
"1224","Hungary",1992,15.7
"1225","Hungary",1993,14.5
"1226","Hungary",1994,13.4
"1227","Hungary",1995,12.5
"1228","Hungary",1996,11.9
"1229","Hungary",1997,11.5
"1230","Hungary",1998,11.1
"1231","Hungary",1999,10.7
"1232","Hungary",2000,10.1
"1233","Hungary",2001,9.5
"1234","Hungary",2002,8.9
"1235","Hungary",2003,8.4
"1236","Hungary",2004,7.9
"1237","Hungary",2005,7.5
"1238","Hungary",2006,7.2
"1239","Hungary",2007,6.9
"1240","Hungary",2008,6.5
"1241","Hungary",2009,6.2
"1242","Hungary",2010,6
"1243","Hungary",2011,5.9
"1244","Hungary",2012,5.7
"1245","Hungary",2013,5.6
"1246","Hungary",2014,5.4
"1247","Hungary",2015,5.1
"1248","Hungary",2016,4.8
"1249","Iceland",1985,7.5
"1250","Iceland",1986,7.2
"1251","Iceland",1987,7
"1252","Iceland",1988,6.7
"1253","Iceland",1989,6.5
"1254","Iceland",1990,6.3
"1255","Iceland",1991,6.1
"1256","Iceland",1992,5.9
"1257","Iceland",1993,5.7
"1258","Iceland",1994,5.5
"1259","Iceland",1995,5.3
"1260","Iceland",1996,5
"1261","Iceland",1997,4.8
"1262","Iceland",1998,4.6
"1263","Iceland",1999,4.4
"1264","Iceland",2000,4.1
"1265","Iceland",2001,3.9
"1266","Iceland",2002,3.7
"1267","Iceland",2003,3.5
"1268","Iceland",2004,3.4
"1269","Iceland",2005,3.2
"1270","Iceland",2006,3.1
"1271","Iceland",2007,3
"1272","Iceland",2008,2.9
"1273","Iceland",2009,2.8
"1274","Iceland",2010,2.7
"1275","Iceland",2011,2.6
"1276","Iceland",2012,2.5
"1277","Iceland",2013,2.4
"1278","Iceland",2014,2.3
"1279","Iceland",2015,2.3
"1280","Iceland",2016,2.2
"1281","Ireland",1985,10.7
"1282","Ireland",1986,10.4
"1283","Ireland",1987,10.2
"1284","Ireland",1988,9.9
"1285","Ireland",1989,9.6
"1286","Ireland",1990,9.2
"1287","Ireland",1991,8.6
"1288","Ireland",1992,8.1
"1289","Ireland",1993,7.7
"1290","Ireland",1994,7.4
"1291","Ireland",1995,7.3
"1292","Ireland",1996,7.3
"1293","Ireland",1997,7.3
"1294","Ireland",1998,7.3
"1295","Ireland",1999,7.3
"1296","Ireland",2000,7.2
"1297","Ireland",2001,6.9
"1298","Ireland",2002,6.5
"1299","Ireland",2003,6
"1300","Ireland",2004,5.6
"1301","Ireland",2005,5.2
"1302","Ireland",2006,4.8
"1303","Ireland",2007,4.6
"1304","Ireland",2008,4.4
"1305","Ireland",2009,4.3
"1306","Ireland",2010,4.2
"1307","Ireland",2011,4.1
"1308","Ireland",2012,4
"1309","Ireland",2013,3.9
"1310","Ireland",2014,3.8
"1311","Ireland",2015,3.7
"1312","Ireland",2016,3.6
"1313","Israel",1985,14.4
"1314","Israel",1986,13.7
"1315","Israel",1987,13.1
"1316","Israel",1988,12.5
"1317","Israel",1989,12.1
"1318","Israel",1990,11.6
"1319","Israel",1991,11.1
"1320","Israel",1992,10.5
"1321","Israel",1993,9.8
"1322","Israel",1994,9.2
"1323","Israel",1995,8.7
"1324","Israel",1996,8.2
"1325","Israel",1997,7.8
"1326","Israel",1998,7.5
"1327","Israel",1999,7.2
"1328","Israel",2000,6.9
"1329","Israel",2001,6.6
"1330","Israel",2002,6.4
"1331","Israel",2003,6.1
"1332","Israel",2004,5.8
"1333","Israel",2005,5.6
"1334","Israel",2006,5.3
"1335","Israel",2007,5.1
"1336","Israel",2008,4.9
"1337","Israel",2009,4.7
"1338","Israel",2010,4.6
"1339","Israel",2011,4.4
"1340","Israel",2012,4.2
"1341","Israel",2013,4.1
"1342","Israel",2014,4
"1343","Israel",2015,3.8
"1344","Israel",2016,3.7
"1345","Italy",1985,12
"1346","Italy",1986,11.4
"1347","Italy",1987,10.8
"1348","Italy",1988,10.4
"1349","Italy",1989,10
"1350","Italy",1990,9.7
"1351","Italy",1991,9.3
"1352","Italy",1992,8.9
"1353","Italy",1993,8.4
"1354","Italy",1994,8
"1355","Italy",1995,7.5
"1356","Italy",1996,7
"1357","Italy",1997,6.6
"1358","Italy",1998,6.2
"1359","Italy",1999,5.9
"1360","Italy",2000,5.6
"1361","Italy",2001,5.3
"1362","Italy",2002,5.1
"1363","Italy",2003,4.8
"1364","Italy",2004,4.6
"1365","Italy",2005,4.5
"1366","Italy",2006,4.3
"1367","Italy",2007,4.2
"1368","Italy",2008,4.1
"1369","Italy",2009,4.1
"1370","Italy",2010,4
"1371","Italy",2011,3.9
"1372","Italy",2012,3.8
"1373","Italy",2013,3.7
"1374","Italy",2014,3.6
"1375","Italy",2015,3.5
"1376","Italy",2016,3.4
"1377","Jamaica",1985,35.4
"1378","Jamaica",1986,34.4
"1379","Jamaica",1987,33.4
"1380","Jamaica",1988,32.5
"1381","Jamaica",1989,31.5
"1382","Jamaica",1990,30.6
"1383","Jamaica",1991,29.7
"1384","Jamaica",1992,28.7
"1385","Jamaica",1993,27.9
"1386","Jamaica",1994,27
"1387","Jamaica",1995,26.1
"1388","Jamaica",1996,25.3
"1389","Jamaica",1997,24.5
"1390","Jamaica",1998,23.7
"1391","Jamaica",1999,23
"1392","Jamaica",2000,22.3
"1393","Jamaica",2001,21.8
"1394","Jamaica",2002,21.3
"1395","Jamaica",2003,20.8
"1396","Jamaica",2004,20.5
"1397","Jamaica",2005,20.2
"1398","Jamaica",2006,20
"1399","Jamaica",2007,19.8
"1400","Jamaica",2008,19.4
"1401","Jamaica",2009,19.1
"1402","Jamaica",2010,18.7
"1403","Jamaica",2011,18.2
"1404","Jamaica",2012,17.7
"1405","Jamaica",2013,17.2
"1406","Jamaica",2014,16.7
"1407","Jamaica",2015,16.2
"1408","Jamaica",2016,15.7
"1409","Japan",1985,7.5
"1410","Japan",1986,7.1
"1411","Japan",1987,6.8
"1412","Japan",1988,6.6
"1413","Japan",1989,6.5
"1414","Japan",1990,6.3
"1415","Japan",1991,6.2
"1416","Japan",1992,6.1
"1417","Japan",1993,6
"1418","Japan",1994,5.9
"1419","Japan",1995,5.7
"1420","Japan",1996,5.5
"1421","Japan",1997,5.2
"1422","Japan",1998,5
"1423","Japan",1999,4.7
"1424","Japan",2000,4.5
"1425","Japan",2001,4.3
"1426","Japan",2002,4.1
"1427","Japan",2003,4
"1428","Japan",2004,3.9
"1429","Japan",2005,3.7
"1430","Japan",2006,3.6
"1431","Japan",2007,3.5
"1432","Japan",2008,3.4
"1433","Japan",2009,3.3
"1434","Japan",2010,3.2
"1435","Japan",2011,3.4
"1436","Japan",2012,3
"1437","Japan",2013,2.9
"1438","Japan",2014,2.8
"1439","Japan",2015,3
"1440","Japan",2016,2.7
"1441","Kazakhstan",1985,59.4
"1442","Kazakhstan",1986,57.5
"1443","Kazakhstan",1987,55.7
"1444","Kazakhstan",1988,54.3
"1445","Kazakhstan",1989,53.2
"1446","Kazakhstan",1990,52.5
"1447","Kazakhstan",1991,52.4
"1448","Kazakhstan",1992,52.6
"1449","Kazakhstan",1993,52.9
"1450","Kazakhstan",1994,53
"1451","Kazakhstan",1995,52.8
"1452","Kazakhstan",1996,51.8
"1453","Kazakhstan",1997,50.1
"1454","Kazakhstan",1998,47.9
"1455","Kazakhstan",1999,45.5
"1456","Kazakhstan",2000,43
"1457","Kazakhstan",2001,40.6
"1458","Kazakhstan",2002,38.2
"1459","Kazakhstan",2003,35.9
"1460","Kazakhstan",2004,33.7
"1461","Kazakhstan",2005,31.5
"1462","Kazakhstan",2006,29.3
"1463","Kazakhstan",2007,27.1
"1464","Kazakhstan",2008,24.8
"1465","Kazakhstan",2009,22.6
"1466","Kazakhstan",2010,20.4
"1467","Kazakhstan",2011,18.3
"1468","Kazakhstan",2012,16.4
"1469","Kazakhstan",2013,14.7
"1470","Kazakhstan",2014,13.2
"1471","Kazakhstan",2015,12
"1472","Kazakhstan",2016,10.9
"1473","Kiribati",1985,114.8
"1474","Kiribati",1986,111.7
"1475","Kiribati",1987,108.1
"1476","Kiribati",1988,104.1
"1477","Kiribati",1989,99.8
"1478","Kiribati",1990,95.7
"1479","Kiribati",1991,91.9
"1480","Kiribati",1992,88.7
"1481","Kiribati",1993,85.9
"1482","Kiribati",1994,83.6
"1483","Kiribati",1995,81.4
"1484","Kiribati",1996,79.4
"1485","Kiribati",1997,77.5
"1486","Kiribati",1998,75.4
"1487","Kiribati",1999,73.2
"1488","Kiribati",2000,71.2
"1489","Kiribati",2001,69.4
"1490","Kiribati",2002,67.9
"1491","Kiribati",2003,66.8
"1492","Kiribati",2004,66.3
"1493","Kiribati",2005,66.2
"1494","Kiribati",2006,66.3
"1495","Kiribati",2007,66.4
"1496","Kiribati",2008,66.3
"1497","Kiribati",2009,65.8
"1498","Kiribati",2010,64.9
"1499","Kiribati",2011,63.7
"1500","Kiribati",2012,62.3
"1501","Kiribati",2013,60.9
"1502","Kiribati",2014,59.3
"1503","Kiribati",2015,57.8
"1504","Kiribati",2016,56.2
"1505","Kuwait",1985,23.1
"1506","Kuwait",1986,21.7
"1507","Kuwait",1987,20.6
"1508","Kuwait",1988,19.7
"1509","Kuwait",1989,18.6
"1510","Kuwait",1990,17.6
"1511","Kuwait",1991,19.4
"1512","Kuwait",1992,16
"1513","Kuwait",1993,15.4
"1514","Kuwait",1994,15
"1515","Kuwait",1995,14.6
"1516","Kuwait",1996,14.2
"1517","Kuwait",1997,13.8
"1518","Kuwait",1998,13.4
"1519","Kuwait",1999,13
"1520","Kuwait",2000,12.7
"1521","Kuwait",2001,12.5
"1522","Kuwait",2002,12.3
"1523","Kuwait",2003,12.2
"1524","Kuwait",2004,12
"1525","Kuwait",2005,11.8
"1526","Kuwait",2006,11.6
"1527","Kuwait",2007,11.5
"1528","Kuwait",2008,11.3
"1529","Kuwait",2009,11.1
"1530","Kuwait",2010,10.8
"1531","Kuwait",2011,10.4
"1532","Kuwait",2012,10
"1533","Kuwait",2013,9.5
"1534","Kuwait",2014,9.1
"1535","Kuwait",2015,8.8
"1536","Kuwait",2016,8.4
"1537","Latvia",1985,17.4
"1538","Latvia",1986,16.3
"1539","Latvia",1987,15.6
"1540","Latvia",1988,15.4
"1541","Latvia",1989,15.8
"1542","Latvia",1990,16.9
"1543","Latvia",1991,18.3
"1544","Latvia",1992,19.4
"1545","Latvia",1993,20
"1546","Latvia",1994,20
"1547","Latvia",1995,19.7
"1548","Latvia",1996,19.1
"1549","Latvia",1997,18
"1550","Latvia",1998,16.7
"1551","Latvia",1999,15.4
"1552","Latvia",2000,14.3
"1553","Latvia",2001,13.4
"1554","Latvia",2002,12.6
"1555","Latvia",2003,11.9
"1556","Latvia",2004,11.1
"1557","Latvia",2005,10.5
"1558","Latvia",2006,9.9
"1559","Latvia",2007,9.3
"1560","Latvia",2008,8.8
"1561","Latvia",2009,8.3
"1562","Latvia",2010,7.8
"1563","Latvia",2011,7.3
"1564","Latvia",2012,6.7
"1565","Latvia",2013,6.1
"1566","Latvia",2014,5.5
"1567","Latvia",2015,5
"1568","Latvia",2016,4.6
"1569","Lithuania",1985,17.5
"1570","Lithuania",1986,16.4
"1571","Lithuania",1987,15.1
"1572","Lithuania",1988,14.2
"1573","Lithuania",1989,14.3
"1574","Lithuania",1990,15.2
"1575","Lithuania",1991,16.5
"1576","Lithuania",1992,17.8
"1577","Lithuania",1993,18.2
"1578","Lithuania",1994,17
"1579","Lithuania",1995,15
"1580","Lithuania",1996,13.3
"1581","Lithuania",1997,12.3
"1582","Lithuania",1998,11.7
"1583","Lithuania",1999,11.2
"1584","Lithuania",2000,10.7
"1585","Lithuania",2001,10.3
"1586","Lithuania",2002,9.9
"1587","Lithuania",2003,9.5
"1588","Lithuania",2004,9.3
"1589","Lithuania",2005,9
"1590","Lithuania",2006,8.7
"1591","Lithuania",2007,8.1
"1592","Lithuania",2008,7.4
"1593","Lithuania",2009,6.7
"1594","Lithuania",2010,6
"1595","Lithuania",2011,5.5
"1596","Lithuania",2012,5.2
"1597","Lithuania",2013,5
"1598","Lithuania",2014,5
"1599","Lithuania",2015,5
"1600","Lithuania",2016,4.7
"1601","Luxembourg",1985,11.2
"1602","Luxembourg",1986,10.7
"1603","Luxembourg",1987,10.2
"1604","Luxembourg",1988,9.7
"1605","Luxembourg",1989,9.2
"1606","Luxembourg",1990,8.7
"1607","Luxembourg",1991,8.2
"1608","Luxembourg",1992,7.7
"1609","Luxembourg",1993,7.2
"1610","Luxembourg",1994,6.8
"1611","Luxembourg",1995,6.4
"1612","Luxembourg",1996,6
"1613","Luxembourg",1997,5.6
"1614","Luxembourg",1998,5.3
"1615","Luxembourg",1999,5
"1616","Luxembourg",2000,4.8
"1617","Luxembourg",2001,4.5
"1618","Luxembourg",2002,4.2
"1619","Luxembourg",2003,4
"1620","Luxembourg",2004,3.8
"1621","Luxembourg",2005,3.6
"1622","Luxembourg",2006,3.4
"1623","Luxembourg",2007,3.3
"1624","Luxembourg",2008,3.1
"1625","Luxembourg",2009,3
"1626","Luxembourg",2010,3
"1627","Luxembourg",2011,2.9
"1628","Luxembourg",2012,2.8
"1629","Luxembourg",2013,2.8
"1630","Luxembourg",2014,2.7
"1631","Luxembourg",2015,2.7
"1632","Luxembourg",2016,2.6
"1633","Maldives",1985,120.3
"1634","Maldives",1986,114.4
"1635","Maldives",1987,108.9
"1636","Maldives",1988,103.6
"1637","Maldives",1989,98.5
"1638","Maldives",1990,93.8
"1639","Maldives",1991,89.2
"1640","Maldives",1992,84.6
"1641","Maldives",1993,79.9
"1642","Maldives",1994,75.1
"1643","Maldives",1995,70.2
"1644","Maldives",1996,65.1
"1645","Maldives",1997,59.8
"1646","Maldives",1998,54.5
"1647","Maldives",1999,49.1
"1648","Maldives",2000,43.8
"1649","Maldives",2001,38.6
"1650","Maldives",2002,33.8
"1651","Maldives",2003,29.6
"1652","Maldives",2004,28.7
"1653","Maldives",2005,22.6
"1654","Maldives",2006,20
"1655","Maldives",2007,17.8
"1656","Maldives",2008,16
"1657","Maldives",2009,14.4
"1658","Maldives",2010,13.1
"1659","Maldives",2011,11.9
"1660","Maldives",2012,10.8
"1661","Maldives",2013,10
"1662","Maldives",2014,9.3
"1663","Maldives",2015,8.8
"1664","Maldives",2016,8.3
"1665","Malta",1985,13.8
"1666","Malta",1986,13.2
"1667","Malta",1987,12.7
"1668","Malta",1988,12.2
"1669","Malta",1989,11.7
"1670","Malta",1990,11.3
"1671","Malta",1991,11
"1672","Malta",1992,10.6
"1673","Malta",1993,10.2
"1674","Malta",1994,9.8
"1675","Malta",1995,9.5
"1676","Malta",1996,9.1
"1677","Malta",1997,8.7
"1678","Malta",1998,8.3
"1679","Malta",1999,8
"1680","Malta",2000,7.7
"1681","Malta",2001,7.5
"1682","Malta",2002,7.3
"1683","Malta",2003,7.1
"1684","Malta",2004,7
"1685","Malta",2005,6.9
"1686","Malta",2006,6.8
"1687","Malta",2007,6.8
"1688","Malta",2008,6.7
"1689","Malta",2009,6.7
"1690","Malta",2010,6.7
"1691","Malta",2011,6.6
"1692","Malta",2012,6.6
"1693","Malta",2013,6.6
"1694","Malta",2014,6.6
"1695","Malta",2015,6.6
"1696","Malta",2016,6.5
"1697","Mauritius",1985,28.4
"1698","Mauritius",1986,28.7
"1699","Mauritius",1987,28.7
"1700","Mauritius",1988,27.4
"1701","Mauritius",1989,25
"1702","Mauritius",1990,23
"1703","Mauritius",1991,21.7
"1704","Mauritius",1992,21.2
"1705","Mauritius",1993,21.2
"1706","Mauritius",1994,21.6
"1707","Mauritius",1995,22.2
"1708","Mauritius",1996,22.7
"1709","Mauritius",1997,22.6
"1710","Mauritius",1998,21.7
"1711","Mauritius",1999,20.2
"1712","Mauritius",2000,18.5
"1713","Mauritius",2001,17.1
"1714","Mauritius",2002,16.1
"1715","Mauritius",2003,15.6
"1716","Mauritius",2004,15.5
"1717","Mauritius",2005,15.7
"1718","Mauritius",2006,16
"1719","Mauritius",2007,16.1
"1720","Mauritius",2008,15.8
"1721","Mauritius",2009,15.4
"1722","Mauritius",2010,15
"1723","Mauritius",2011,14.9
"1724","Mauritius",2012,14.8
"1725","Mauritius",2013,14.8
"1726","Mauritius",2014,14.7
"1727","Mauritius",2015,14.4
"1728","Mauritius",2016,13.8
"1729","Mexico",1985,57
"1730","Mexico",1986,54.6
"1731","Mexico",1987,52.2
"1732","Mexico",1988,50
"1733","Mexico",1989,47.7
"1734","Mexico",1990,45.4
"1735","Mexico",1991,43.3
"1736","Mexico",1992,41.1
"1737","Mexico",1993,39.1
"1738","Mexico",1994,37.2
"1739","Mexico",1995,35.3
"1740","Mexico",1996,33.5
"1741","Mexico",1997,31.8
"1742","Mexico",1998,30
"1743","Mexico",1999,28.3
"1744","Mexico",2000,26.8
"1745","Mexico",2001,25.3
"1746","Mexico",2002,23.9
"1747","Mexico",2003,22.7
"1748","Mexico",2004,21.6
"1749","Mexico",2005,20.6
"1750","Mexico",2006,19.8
"1751","Mexico",2007,19
"1752","Mexico",2008,18.4
"1753","Mexico",2009,17.8
"1754","Mexico",2010,17.3
"1755","Mexico",2011,16.8
"1756","Mexico",2012,16.4
"1757","Mexico",2013,15.9
"1758","Mexico",2014,15.4
"1759","Mexico",2015,14.8
"1760","Mexico",2016,14.1
"1761","Mongolia",1985,134.7
"1762","Mongolia",1986,129.1
"1763","Mongolia",1987,123.5
"1764","Mongolia",1988,118
"1765","Mongolia",1989,112.7
"1766","Mongolia",1990,107.8
"1767","Mongolia",1991,103.2
"1768","Mongolia",1992,99
"1769","Mongolia",1993,95
"1770","Mongolia",1994,90.9
"1771","Mongolia",1995,86.8
"1772","Mongolia",1996,82.6
"1773","Mongolia",1997,78.2
"1774","Mongolia",1998,73.5
"1775","Mongolia",1999,68.7
"1776","Mongolia",2000,63.9
"1777","Mongolia",2001,59
"1778","Mongolia",2002,54.3
"1779","Mongolia",2003,49.8
"1780","Mongolia",2004,45.6
"1781","Mongolia",2005,41.7
"1782","Mongolia",2006,38
"1783","Mongolia",2007,34.7
"1784","Mongolia",2008,31.6
"1785","Mongolia",2009,28.8
"1786","Mongolia",2010,26.3
"1787","Mongolia",2011,24.2
"1788","Mongolia",2012,22.4
"1789","Mongolia",2013,21
"1790","Mongolia",2014,19.8
"1791","Mongolia",2015,18.8
"1792","Mongolia",2016,18
"1793","Montenegro",1985,24.7
"1794","Montenegro",1986,22.5
"1795","Montenegro",1987,20.6
"1796","Montenegro",1988,18.9
"1797","Montenegro",1989,17.6
"1798","Montenegro",1990,16.6
"1799","Montenegro",1991,15.9
"1800","Montenegro",1992,15.5
"1801","Montenegro",1993,15.3
"1802","Montenegro",1994,15.2
"1803","Montenegro",1995,15.1
"1804","Montenegro",1996,15.1
"1805","Montenegro",1997,15
"1806","Montenegro",1998,14.9
"1807","Montenegro",1999,14.6
"1808","Montenegro",2000,14.1
"1809","Montenegro",2001,13.6
"1810","Montenegro",2002,12.9
"1811","Montenegro",2003,12.2
"1812","Montenegro",2004,11.4
"1813","Montenegro",2005,10.6
"1814","Montenegro",2006,9.8
"1815","Montenegro",2007,9
"1816","Montenegro",2008,8.2
"1817","Montenegro",2009,7.4
"1818","Montenegro",2010,6.8
"1819","Montenegro",2011,6.1
"1820","Montenegro",2012,5.6
"1821","Montenegro",2013,5
"1822","Montenegro",2014,4.6
"1823","Montenegro",2015,4.1
"1824","Montenegro",2016,3.8
"1825","Netherlands",1985,9.8
"1826","Netherlands",1986,9.5
"1827","Netherlands",1987,9.3
"1828","Netherlands",1988,9
"1829","Netherlands",1989,8.7
"1830","Netherlands",1990,8.4
"1831","Netherlands",1991,8.1
"1832","Netherlands",1992,7.7
"1833","Netherlands",1993,7.4
"1834","Netherlands",1994,7.1
"1835","Netherlands",1995,6.9
"1836","Netherlands",1996,6.7
"1837","Netherlands",1997,6.6
"1838","Netherlands",1998,6.4
"1839","Netherlands",1999,6.3
"1840","Netherlands",2000,6.2
"1841","Netherlands",2001,6.1
"1842","Netherlands",2002,5.9
"1843","Netherlands",2003,5.7
"1844","Netherlands",2004,5.5
"1845","Netherlands",2005,5.3
"1846","Netherlands",2006,5.1
"1847","Netherlands",2007,4.9
"1848","Netherlands",2008,4.7
"1849","Netherlands",2009,4.6
"1850","Netherlands",2010,4.4
"1851","Netherlands",2011,4.3
"1852","Netherlands",2012,4.2
"1853","Netherlands",2013,4.1
"1854","Netherlands",2014,4.1
"1855","Netherlands",2015,4
"1856","Netherlands",2016,4
"1857","New Zealand",1985,13.8
"1858","New Zealand",1986,13.4
"1859","New Zealand",1987,12.9
"1860","New Zealand",1988,12.4
"1861","New Zealand",1989,11.8
"1862","New Zealand",1990,11.2
"1863","New Zealand",1991,10.6
"1864","New Zealand",1992,10
"1865","New Zealand",1993,9.5
"1866","New Zealand",1994,9.1
"1867","New Zealand",1995,8.7
"1868","New Zealand",1996,8.4
"1869","New Zealand",1997,8.1
"1870","New Zealand",1998,7.8
"1871","New Zealand",1999,7.6
"1872","New Zealand",2000,7.4
"1873","New Zealand",2001,7.2
"1874","New Zealand",2002,7
"1875","New Zealand",2003,6.9
"1876","New Zealand",2004,6.7
"1877","New Zealand",2005,6.6
"1878","New Zealand",2006,6.5
"1879","New Zealand",2007,6.4
"1880","New Zealand",2008,6.4
"1881","New Zealand",2009,6.3
"1882","New Zealand",2010,6.2
"1883","New Zealand",2011,6.1
"1884","New Zealand",2012,6
"1885","New Zealand",2013,5.9
"1886","New Zealand",2014,5.7
"1887","New Zealand",2015,5.6
"1888","New Zealand",2016,5.4
"1889","Nicaragua",1985,82.4
"1890","Nicaragua",1986,78.9
"1891","Nicaragua",1987,75.8
"1892","Nicaragua",1988,72.8
"1893","Nicaragua",1989,69.9
"1894","Nicaragua",1990,66.9
"1895","Nicaragua",1991,63.8
"1896","Nicaragua",1992,60.7
"1897","Nicaragua",1993,57.6
"1898","Nicaragua",1994,54.6
"1899","Nicaragua",1995,51.7
"1900","Nicaragua",1996,48.9
"1901","Nicaragua",1997,46.1
"1902","Nicaragua",1998,49.4
"1903","Nicaragua",1999,41
"1904","Nicaragua",2000,38.7
"1905","Nicaragua",2001,36.5
"1906","Nicaragua",2002,34.5
"1907","Nicaragua",2003,32.7
"1908","Nicaragua",2004,31
"1909","Nicaragua",2005,29.3
"1910","Nicaragua",2006,27.8
"1911","Nicaragua",2007,26.3
"1912","Nicaragua",2008,25
"1913","Nicaragua",2009,23.7
"1914","Nicaragua",2010,22.6
"1915","Nicaragua",2011,21.6
"1916","Nicaragua",2012,20.7
"1917","Nicaragua",2013,19.9
"1918","Nicaragua",2014,19.2
"1919","Nicaragua",2015,18.5
"1920","Nicaragua",2016,17.9
"1921","Norway",1985,10.2
"1922","Norway",1986,10.2
"1923","Norway",1987,10.1
"1924","Norway",1988,9.8
"1925","Norway",1989,9.3
"1926","Norway",1990,8.7
"1927","Norway",1991,7.9
"1928","Norway",1992,7.2
"1929","Norway",1993,6.6
"1930","Norway",1994,6.1
"1931","Norway",1995,5.7
"1932","Norway",1996,5.4
"1933","Norway",1997,5.2
"1934","Norway",1998,5.1
"1935","Norway",1999,5
"1936","Norway",2000,4.9
"1937","Norway",2001,4.7
"1938","Norway",2002,4.5
"1939","Norway",2003,4.4
"1940","Norway",2004,4.2
"1941","Norway",2005,4
"1942","Norway",2006,3.9
"1943","Norway",2007,3.7
"1944","Norway",2008,3.5
"1945","Norway",2009,3.4
"1946","Norway",2010,3.2
"1947","Norway",2011,3.1
"1948","Norway",2012,3
"1949","Norway",2013,2.9
"1950","Norway",2014,2.8
"1951","Norway",2015,2.7
"1952","Norway",2016,2.6
"1953","Oman",1985,65.5
"1954","Oman",1986,58.8
"1955","Oman",1987,52.9
"1956","Oman",1988,47.8
"1957","Oman",1989,43.2
"1958","Oman",1990,39.2
"1959","Oman",1991,35.5
"1960","Oman",1992,32.2
"1961","Oman",1993,29.2
"1962","Oman",1994,26.6
"1963","Oman",1995,24.3
"1964","Oman",1996,22.4
"1965","Oman",1997,20.6
"1966","Oman",1998,19.1
"1967","Oman",1999,17.7
"1968","Oman",2000,16.5
"1969","Oman",2001,15.4
"1970","Oman",2002,14.5
"1971","Oman",2003,13.8
"1972","Oman",2004,13.2
"1973","Oman",2005,12.8
"1974","Oman",2006,12.4
"1975","Oman",2007,12.1
"1976","Oman",2008,11.9
"1977","Oman",2009,11.7
"1978","Oman",2010,11.6
"1979","Oman",2011,11.5
"1980","Oman",2012,11.4
"1981","Oman",2013,11.3
"1982","Oman",2014,11.2
"1983","Oman",2015,11.2
"1984","Oman",2016,11.3
"1985","Panama",1985,36.2
"1986","Panama",1986,34.9
"1987","Panama",1987,33.7
"1988","Panama",1988,32.6
"1989","Panama",1989,31.6
"1990","Panama",1990,30.7
"1991","Panama",1991,30
"1992","Panama",1992,29.3
"1993","Panama",1993,28.8
"1994","Panama",1994,28.4
"1995","Panama",1995,28.1
"1996","Panama",1996,27.8
"1997","Panama",1997,27.4
"1998","Panama",1998,27.1
"1999","Panama",1999,26.6
"2000","Panama",2000,26.1
"2001","Panama",2001,25.6
"2002","Panama",2002,24.9
"2003","Panama",2003,24.3
"2004","Panama",2004,23.7
"2005","Panama",2005,23.1
"2006","Panama",2006,22.5
"2007","Panama",2007,22
"2008","Panama",2008,21.3
"2009","Panama",2009,20.7
"2010","Panama",2010,20.1
"2011","Panama",2011,19.5
"2012","Panama",2012,18.9
"2013","Panama",2013,18.4
"2014","Panama",2014,17.8
"2015","Panama",2015,17.2
"2016","Panama",2016,16.7
"2017","Paraguay",1985,54.8
"2018","Paraguay",1986,52.8
"2019","Paraguay",1987,50.9
"2020","Paraguay",1988,49
"2021","Paraguay",1989,47.2
"2022","Paraguay",1990,45.5
"2023","Paraguay",1991,43.8
"2024","Paraguay",1992,42.3
"2025","Paraguay",1993,40.8
"2026","Paraguay",1994,39.5
"2027","Paraguay",1995,38.3
"2028","Paraguay",1996,37.3
"2029","Paraguay",1997,36.3
"2030","Paraguay",1998,35.5
"2031","Paraguay",1999,34.7
"2032","Paraguay",2000,33.9
"2033","Paraguay",2001,33.1
"2034","Paraguay",2002,32.4
"2035","Paraguay",2003,31.6
"2036","Paraguay",2004,30.9
"2037","Paraguay",2005,30.2
"2038","Paraguay",2006,29.4
"2039","Paraguay",2007,28.6
"2040","Paraguay",2008,27.7
"2041","Paraguay",2009,26.9
"2042","Paraguay",2010,26.1
"2043","Paraguay",2011,25.4
"2044","Paraguay",2012,24.6
"2045","Paraguay",2013,23.8
"2046","Paraguay",2014,23.1
"2047","Paraguay",2015,22.4
"2048","Paraguay",2016,21.6
"2049","Philippines",1985,73.3
"2050","Philippines",1986,70.9
"2051","Philippines",1987,67.9
"2052","Philippines",1988,64.5
"2053","Philippines",1989,61
"2054","Philippines",1990,57.6
"2055","Philippines",1991,54.4
"2056","Philippines",1992,51.5
"2057","Philippines",1993,49
"2058","Philippines",1994,46.9
"2059","Philippines",1995,45
"2060","Philippines",1996,43.4
"2061","Philippines",1997,42
"2062","Philippines",1998,40.8
"2063","Philippines",1999,39.7
"2064","Philippines",2000,38.7
"2065","Philippines",2001,37.8
"2066","Philippines",2002,36.9
"2067","Philippines",2003,36
"2068","Philippines",2004,35.1
"2069","Philippines",2005,34.4
"2070","Philippines",2006,33.6
"2071","Philippines",2007,33
"2072","Philippines",2008,32.4
"2073","Philippines",2009,31.9
"2074","Philippines",2010,31.3
"2075","Philippines",2011,30.9
"2076","Philippines",2012,30.4
"2077","Philippines",2013,30
"2078","Philippines",2014,29.6
"2079","Philippines",2015,29.1
"2080","Philippines",2016,28.6
"2081","Poland",1985,20.3
"2082","Poland",1986,19.6
"2083","Poland",1987,18.9
"2084","Poland",1988,18.3
"2085","Poland",1989,17.8
"2086","Poland",1990,17.3
"2087","Poland",1991,16.9
"2088","Poland",1992,16.5
"2089","Poland",1993,16
"2090","Poland",1994,15.3
"2091","Poland",1995,14.4
"2092","Poland",1996,13.3
"2093","Poland",1997,12
"2094","Poland",1998,10.8
"2095","Poland",1999,9.9
"2096","Poland",2000,9.3
"2097","Poland",2001,8.8
"2098","Poland",2002,8.4
"2099","Poland",2003,8.1
"2100","Poland",2004,7.8
"2101","Poland",2005,7.6
"2102","Poland",2006,7.3
"2103","Poland",2007,7
"2104","Poland",2008,6.7
"2105","Poland",2009,6.3
"2106","Poland",2010,6
"2107","Poland",2011,5.6
"2108","Poland",2012,5.4
"2109","Poland",2013,5.2
"2110","Poland",2014,5
"2111","Poland",2015,4.9
"2112","Poland",2016,4.8
"2113","Portugal",1985,20.4
"2114","Portugal",1986,19.3
"2115","Portugal",1987,18.2
"2116","Portugal",1988,17
"2117","Portugal",1989,15.9
"2118","Portugal",1990,14.7
"2119","Portugal",1991,13.6
"2120","Portugal",1992,12.5
"2121","Portugal",1993,11.4
"2122","Portugal",1994,10.5
"2123","Portugal",1995,9.7
"2124","Portugal",1996,9.1
"2125","Portugal",1997,8.6
"2126","Portugal",1998,8.2
"2127","Portugal",1999,7.7
"2128","Portugal",2000,7.2
"2129","Portugal",2001,6.7
"2130","Portugal",2002,6.1
"2131","Portugal",2003,5.6
"2132","Portugal",2004,5.1
"2133","Portugal",2005,4.7
"2134","Portugal",2006,4.4
"2135","Portugal",2007,4.2
"2136","Portugal",2008,4.1
"2137","Portugal",2009,4
"2138","Portugal",2010,3.9
"2139","Portugal",2011,3.8
"2140","Portugal",2012,3.7
"2141","Portugal",2013,3.7
"2142","Portugal",2014,3.7
"2143","Portugal",2015,3.7
"2144","Portugal",2016,3.7
"2145","Qatar",1985,28.3
"2146","Qatar",1986,26.8
"2147","Qatar",1987,25.3
"2148","Qatar",1988,23.7
"2149","Qatar",1989,22.3
"2150","Qatar",1990,20.8
"2151","Qatar",1991,19.5
"2152","Qatar",1992,18.2
"2153","Qatar",1993,17.1
"2154","Qatar",1994,16.1
"2155","Qatar",1995,15.3
"2156","Qatar",1996,14.6
"2157","Qatar",1997,14
"2158","Qatar",1998,13.5
"2159","Qatar",1999,13
"2160","Qatar",2000,12.5
"2161","Qatar",2001,12
"2162","Qatar",2002,11.6
"2163","Qatar",2003,11.2
"2164","Qatar",2004,10.8
"2165","Qatar",2005,10.4
"2166","Qatar",2006,10.1
"2167","Qatar",2007,9.8
"2168","Qatar",2008,9.5
"2169","Qatar",2009,9.3
"2170","Qatar",2010,9.1
"2171","Qatar",2011,8.9
"2172","Qatar",2012,8.7
"2173","Qatar",2013,8.5
"2174","Qatar",2014,8.3
"2175","Qatar",2015,8.1
"2176","Qatar",2016,7.8
"2177","Romania",1985,31.5
"2178","Romania",1986,33.2
"2179","Romania",1987,34.8
"2180","Romania",1988,34.6
"2181","Romania",1989,33
"2182","Romania",1990,31.1
"2183","Romania",1991,29.7
"2184","Romania",1992,28.7
"2185","Romania",1993,28
"2186","Romania",1994,27.5
"2187","Romania",1995,27.1
"2188","Romania",1996,26.6
"2189","Romania",1997,25.9
"2190","Romania",1998,24.6
"2191","Romania",1999,23.1
"2192","Romania",2000,21.9
"2193","Romania",2001,21.1
"2194","Romania",2002,20.6
"2195","Romania",2003,20
"2196","Romania",2004,19.3
"2197","Romania",2005,18
"2198","Romania",2006,16.2
"2199","Romania",2007,14.4
"2200","Romania",2008,13
"2201","Romania",2009,12
"2202","Romania",2010,11.5
"2203","Romania",2011,11.3
"2204","Romania",2012,11.1
"2205","Romania",2013,10.6
"2206","Romania",2014,10
"2207","Romania",2015,9.2
"2208","Romania",2016,8.5
"2209","Russian Federation",1985,24.9
"2210","Russian Federation",1986,24.2
"2211","Russian Federation",1987,23.4
"2212","Russian Federation",1988,22.6
"2213","Russian Federation",1989,22
"2214","Russian Federation",1990,21.7
"2215","Russian Federation",1991,21.6
"2216","Russian Federation",1992,21.7
"2217","Russian Federation",1993,21.9
"2218","Russian Federation",1994,22.1
"2219","Russian Federation",1995,22
"2220","Russian Federation",1996,21.7
"2221","Russian Federation",1997,21.3
"2222","Russian Federation",1998,20.8
"2223","Russian Federation",1999,20.2
"2224","Russian Federation",2000,19.4
"2225","Russian Federation",2001,18.4
"2226","Russian Federation",2002,17.3
"2227","Russian Federation",2003,16.1
"2228","Russian Federation",2004,14.9
"2229","Russian Federation",2005,13.8
"2230","Russian Federation",2006,12.8
"2231","Russian Federation",2007,12
"2232","Russian Federation",2008,11.2
"2233","Russian Federation",2009,10.7
"2234","Russian Federation",2010,10.4
"2235","Russian Federation",2011,10.1
"2236","Russian Federation",2012,9.8
"2237","Russian Federation",2013,9.5
"2238","Russian Federation",2014,9.1
"2239","Russian Federation",2015,8.6
"2240","Russian Federation",2016,8
"2241","San Marino",1985,14.5
"2242","San Marino",1986,13.7
"2243","San Marino",1987,12.9
"2244","San Marino",1988,12.1
"2245","San Marino",1989,11.4
"2246","San Marino",1990,10.8
"2247","San Marino",1991,10.1
"2248","San Marino",1992,9.5
"2249","San Marino",1993,9
"2250","San Marino",1994,8.5
"2251","San Marino",1995,8
"2252","San Marino",1996,7.5
"2253","San Marino",1997,7.1
"2254","San Marino",1998,6.7
"2255","San Marino",1999,6.3
"2256","San Marino",2000,5.9
"2257","San Marino",2001,5.6
"2258","San Marino",2002,5.2
"2259","San Marino",2003,4.9
"2260","San Marino",2004,4.7
"2261","San Marino",2005,4.4
"2262","San Marino",2006,4.1
"2263","San Marino",2007,3.9
"2264","San Marino",2008,3.7
"2265","San Marino",2009,3.5
"2266","San Marino",2010,3.3
"2267","San Marino",2011,3.1
"2268","San Marino",2012,2.9
"2269","San Marino",2013,2.7
"2270","San Marino",2014,2.6
"2271","San Marino",2015,2.5
"2272","San Marino",2016,2.3
"2273","Seychelles",1985,20.7
"2274","Seychelles",1986,19.6
"2275","Seychelles",1987,18.8
"2276","Seychelles",1988,18
"2277","Seychelles",1989,17.3
"2278","Seychelles",1990,16.7
"2279","Seychelles",1991,16.1
"2280","Seychelles",1992,15.6
"2281","Seychelles",1993,15.1
"2282","Seychelles",1994,14.7
"2283","Seychelles",1995,14.4
"2284","Seychelles",1996,14.1
"2285","Seychelles",1997,13.8
"2286","Seychelles",1998,13.7
"2287","Seychelles",1999,13.6
"2288","Seychelles",2000,13.6
"2289","Seychelles",2001,13.7
"2290","Seychelles",2002,13.7
"2291","Seychelles",2003,13.8
"2292","Seychelles",2004,13.9
"2293","Seychelles",2005,14
"2294","Seychelles",2006,14.1
"2295","Seychelles",2007,14.1
"2296","Seychelles",2008,14.2
"2297","Seychelles",2009,14.2
"2298","Seychelles",2010,14.2
"2299","Seychelles",2011,14.3
"2300","Seychelles",2012,14.4
"2301","Seychelles",2013,14.4
"2302","Seychelles",2014,14.5
"2303","Seychelles",2015,14.5
"2304","Seychelles",2016,14.4
"2305","Singapore",1985,10.9
"2306","Singapore",1986,10.4
"2307","Singapore",1987,9.8
"2308","Singapore",1988,9.1
"2309","Singapore",1989,8.4
"2310","Singapore",1990,7.7
"2311","Singapore",1991,6.9
"2312","Singapore",1992,6.3
"2313","Singapore",1993,5.8
"2314","Singapore",1994,5.3
"2315","Singapore",1995,5
"2316","Singapore",1996,4.8
"2317","Singapore",1997,4.6
"2318","Singapore",1998,4.4
"2319","Singapore",1999,4.1
"2320","Singapore",2000,3.9
"2321","Singapore",2001,3.6
"2322","Singapore",2002,3.4
"2323","Singapore",2003,3.2
"2324","Singapore",2004,3
"2325","Singapore",2005,2.9
"2326","Singapore",2006,2.9
"2327","Singapore",2007,2.9
"2328","Singapore",2008,2.8
"2329","Singapore",2009,2.8
"2330","Singapore",2010,2.8
"2331","Singapore",2011,2.8
"2332","Singapore",2012,2.8
"2333","Singapore",2013,2.7
"2334","Singapore",2014,2.7
"2335","Singapore",2015,2.7
"2336","Singapore",2016,2.8
"2337","Slovenia",1985,14.4
"2338","Slovenia",1986,13.5
"2339","Slovenia",1987,12.7
"2340","Slovenia",1988,11.9
"2341","Slovenia",1989,11.1
"2342","Slovenia",1990,10.4
"2343","Slovenia",1991,9.7
"2344","Slovenia",1992,9.1
"2345","Slovenia",1993,8.5
"2346","Slovenia",1994,8
"2347","Slovenia",1995,7.5
"2348","Slovenia",1996,7
"2349","Slovenia",1997,6.6
"2350","Slovenia",1998,6.2
"2351","Slovenia",1999,5.9
"2352","Slovenia",2000,5.5
"2353","Slovenia",2001,5.3
"2354","Slovenia",2002,5
"2355","Slovenia",2003,4.7
"2356","Slovenia",2004,4.5
"2357","Slovenia",2005,4.3
"2358","Slovenia",2006,4
"2359","Slovenia",2007,3.8
"2360","Slovenia",2008,3.6
"2361","Slovenia",2009,3.4
"2362","Slovenia",2010,3.2
"2363","Slovenia",2011,3
"2364","Slovenia",2012,2.9
"2365","Slovenia",2013,2.7
"2366","Slovenia",2014,2.5
"2367","Slovenia",2015,2.4
"2368","Slovenia",2016,2.3
"2369","South Africa",1985,73.5
"2370","South Africa",1986,70.3
"2371","South Africa",1987,67.4
"2372","South Africa",1988,64.9
"2373","South Africa",1989,62.7
"2374","South Africa",1990,60.9
"2375","South Africa",1991,59.7
"2376","South Africa",1992,59.3
"2377","South Africa",1993,59.7
"2378","South Africa",1994,61
"2379","South Africa",1995,63.2
"2380","South Africa",1996,66.1
"2381","South Africa",1997,69.2
"2382","South Africa",1998,72.5
"2383","South Africa",1999,75.6
"2384","South Africa",2000,78.4
"2385","South Africa",2001,80.9
"2386","South Africa",2002,83
"2387","South Africa",2003,84.3
"2388","South Africa",2004,84.6
"2389","South Africa",2005,84
"2390","South Africa",2006,81.5
"2391","South Africa",2007,75.4
"2392","South Africa",2008,69.6
"2393","South Africa",2009,62.3
"2394","South Africa",2010,59.3
"2395","South Africa",2011,51.2
"2396","South Africa",2012,47.1
"2397","South Africa",2013,43.6
"2398","South Africa",2014,41.3
"2399","South Africa",2015,40.3
"2400","South Africa",2016,38.5
"2401","Spain",1985,11.2
"2402","Spain",1986,10.7
"2403","Spain",1987,10.3
"2404","Spain",1988,9.9
"2405","Spain",1989,9.5
"2406","Spain",1990,9.2
"2407","Spain",1991,8.8
"2408","Spain",1992,8.4
"2409","Spain",1993,7.9
"2410","Spain",1994,7.4
"2411","Spain",1995,6.9
"2412","Spain",1996,6.4
"2413","Spain",1997,6.1
"2414","Spain",1998,5.8
"2415","Spain",1999,5.6
"2416","Spain",2000,5.4
"2417","Spain",2001,5.3
"2418","Spain",2002,5.2
"2419","Spain",2003,5
"2420","Spain",2004,4.9
"2421","Spain",2005,4.7
"2422","Spain",2006,4.5
"2423","Spain",2007,4.4
"2424","Spain",2008,4.2
"2425","Spain",2009,4
"2426","Spain",2010,3.8
"2427","Spain",2011,3.7
"2428","Spain",2012,3.6
"2429","Spain",2013,3.5
"2430","Spain",2014,3.3
"2431","Spain",2015,3.2
"2432","Spain",2016,3.1
"2433","Sri Lanka",1985,30.3
"2434","Sri Lanka",1986,26.9
"2435","Sri Lanka",1987,24.2
"2436","Sri Lanka",1988,22.5
"2437","Sri Lanka",1989,21.6
"2438","Sri Lanka",1990,21.3
"2439","Sri Lanka",1991,21.3
"2440","Sri Lanka",1992,21.3
"2441","Sri Lanka",1993,21.1
"2442","Sri Lanka",1994,20.6
"2443","Sri Lanka",1995,20
"2444","Sri Lanka",1996,19.3
"2445","Sri Lanka",1997,18.6
"2446","Sri Lanka",1998,17.9
"2447","Sri Lanka",1999,17.1
"2448","Sri Lanka",2000,16.5
"2449","Sri Lanka",2001,16
"2450","Sri Lanka",2002,15.6
"2451","Sri Lanka",2003,15.2
"2452","Sri Lanka",2004,29.2
"2453","Sri Lanka",2005,14.3
"2454","Sri Lanka",2006,13.5
"2455","Sri Lanka",2007,12.8
"2456","Sri Lanka",2008,12.3
"2457","Sri Lanka",2009,11.9
"2458","Sri Lanka",2010,11.6
"2459","Sri Lanka",2011,11.2
"2460","Sri Lanka",2012,10.8
"2461","Sri Lanka",2013,10.4
"2462","Sri Lanka",2014,10
"2463","Sri Lanka",2015,9.5
"2464","Sri Lanka",2016,9.1
"2465","Suriname",1985,54.5
"2466","Suriname",1986,53.2
"2467","Suriname",1987,51.9
"2468","Suriname",1988,50.5
"2469","Suriname",1989,49.1
"2470","Suriname",1990,47.8
"2471","Suriname",1991,46.5
"2472","Suriname",1992,45.1
"2473","Suriname",1993,43.8
"2474","Suriname",1994,42.4
"2475","Suriname",1995,41
"2476","Suriname",1996,39.6
"2477","Suriname",1997,38.3
"2478","Suriname",1998,37
"2479","Suriname",1999,35.7
"2480","Suriname",2000,34.5
"2481","Suriname",2001,33.3
"2482","Suriname",2002,32.2
"2483","Suriname",2003,31.1
"2484","Suriname",2004,30
"2485","Suriname",2005,29
"2486","Suriname",2006,28
"2487","Suriname",2007,27.1
"2488","Suriname",2008,26.2
"2489","Suriname",2009,25.4
"2490","Suriname",2010,24.6
"2491","Suriname",2011,23.8
"2492","Suriname",2012,23
"2493","Suriname",2013,22.2
"2494","Suriname",2014,21.6
"2495","Suriname",2015,20.9
"2496","Suriname",2016,20.2
"2497","Sweden",1985,7.6
"2498","Sweden",1986,7.5
"2499","Sweden",1987,7.4
"2500","Sweden",1988,7.3
"2501","Sweden",1989,7.2
"2502","Sweden",1990,7
"2503","Sweden",1991,6.6
"2504","Sweden",1992,6.2
"2505","Sweden",1993,5.7
"2506","Sweden",1994,5.2
"2507","Sweden",1995,4.8
"2508","Sweden",1996,4.5
"2509","Sweden",1997,4.3
"2510","Sweden",1998,4.2
"2511","Sweden",1999,4.1
"2512","Sweden",2000,4.1
"2513","Sweden",2001,4.1
"2514","Sweden",2002,4
"2515","Sweden",2003,3.9
"2516","Sweden",2004,3.7
"2517","Sweden",2005,3.6
"2518","Sweden",2006,3.4
"2519","Sweden",2007,3.3
"2520","Sweden",2008,3.2
"2521","Sweden",2009,3.1
"2522","Sweden",2010,3
"2523","Sweden",2011,3
"2524","Sweden",2012,3
"2525","Sweden",2013,2.9
"2526","Sweden",2014,2.9
"2527","Sweden",2015,2.9
"2528","Sweden",2016,2.9
"2529","Switzerland",1985,9
"2530","Switzerland",1986,8.9
"2531","Switzerland",1987,8.8
"2532","Switzerland",1988,8.6
"2533","Switzerland",1989,8.4
"2534","Switzerland",1990,8.2
"2535","Switzerland",1991,7.9
"2536","Switzerland",1992,7.5
"2537","Switzerland",1993,7.1
"2538","Switzerland",1994,6.7
"2539","Switzerland",1995,6.4
"2540","Switzerland",1996,6.1
"2541","Switzerland",1997,6
"2542","Switzerland",1998,5.8
"2543","Switzerland",1999,5.7
"2544","Switzerland",2000,5.6
"2545","Switzerland",2001,5.5
"2546","Switzerland",2002,5.4
"2547","Switzerland",2003,5.3
"2548","Switzerland",2004,5.2
"2549","Switzerland",2005,5.1
"2550","Switzerland",2006,4.9
"2551","Switzerland",2007,4.8
"2552","Switzerland",2008,4.7
"2553","Switzerland",2009,4.6
"2554","Switzerland",2010,4.6
"2555","Switzerland",2011,4.5
"2556","Switzerland",2012,4.4
"2557","Switzerland",2013,4.4
"2558","Switzerland",2014,4.4
"2559","Switzerland",2015,4.3
"2560","Switzerland",2016,4.3
"2561","Thailand",1985,47.8
"2562","Thailand",1986,45.5
"2563","Thailand",1987,43.3
"2564","Thailand",1988,41.1
"2565","Thailand",1989,38.9
"2566","Thailand",1990,36.9
"2567","Thailand",1991,34.9
"2568","Thailand",1992,33.1
"2569","Thailand",1993,31.3
"2570","Thailand",1994,29.7
"2571","Thailand",1995,28.2
"2572","Thailand",1996,26.8
"2573","Thailand",1997,25.5
"2574","Thailand",1998,24.2
"2575","Thailand",1999,23
"2576","Thailand",2000,21.8
"2577","Thailand",2001,20.8
"2578","Thailand",2002,19.7
"2579","Thailand",2003,18.8
"2580","Thailand",2004,17.9
"2581","Thailand",2005,17
"2582","Thailand",2006,16.2
"2583","Thailand",2007,15.4
"2584","Thailand",2008,14.7
"2585","Thailand",2009,14
"2586","Thailand",2010,13.3
"2587","Thailand",2011,12.7
"2588","Thailand",2012,12.1
"2589","Thailand",2013,11.5
"2590","Thailand",2014,11
"2591","Thailand",2015,10.4
"2592","Thailand",2016,10
"2593","Trinidad and Tobago",1985,35.1
"2594","Trinidad and Tobago",1986,34.5
"2595","Trinidad and Tobago",1987,33.9
"2596","Trinidad and Tobago",1988,33.5
"2597","Trinidad and Tobago",1989,33
"2598","Trinidad and Tobago",1990,32.7
"2599","Trinidad and Tobago",1991,32.5
"2600","Trinidad and Tobago",1992,32.4
"2601","Trinidad and Tobago",1993,32.3
"2602","Trinidad and Tobago",1994,32.3
"2603","Trinidad and Tobago",1995,32.4
"2604","Trinidad and Tobago",1996,32.4
"2605","Trinidad and Tobago",1997,32.5
"2606","Trinidad and Tobago",1998,32.6
"2607","Trinidad and Tobago",1999,32.7
"2608","Trinidad and Tobago",2000,32.7
"2609","Trinidad and Tobago",2001,32.8
"2610","Trinidad and Tobago",2002,32.8
"2611","Trinidad and Tobago",2003,32.9
"2612","Trinidad and Tobago",2004,32.9
"2613","Trinidad and Tobago",2005,32.9
"2614","Trinidad and Tobago",2006,32.9
"2615","Trinidad and Tobago",2007,32.8
"2616","Trinidad and Tobago",2008,32.4
"2617","Trinidad and Tobago",2009,32
"2618","Trinidad and Tobago",2010,31.4
"2619","Trinidad and Tobago",2011,30.7
"2620","Trinidad and Tobago",2012,30
"2621","Trinidad and Tobago",2013,29.2
"2622","Trinidad and Tobago",2014,28.5
"2623","Trinidad and Tobago",2015,27.7
"2624","Trinidad and Tobago",2016,26.9
"2625","Turkey",1985,98.4
"2626","Turkey",1986,93
"2627","Turkey",1987,87.9
"2628","Turkey",1988,83.1
"2629","Turkey",1989,78.4
"2630","Turkey",1990,74
"2631","Turkey",1991,69.8
"2632","Turkey",1992,65.8
"2633","Turkey",1993,62
"2634","Turkey",1994,58.3
"2635","Turkey",1995,54.8
"2636","Turkey",1996,51.4
"2637","Turkey",1997,48.1
"2638","Turkey",1998,45
"2639","Turkey",1999,42
"2640","Turkey",2000,39.2
"2641","Turkey",2001,36.6
"2642","Turkey",2002,34.1
"2643","Turkey",2003,31.7
"2644","Turkey",2004,29.5
"2645","Turkey",2005,27.5
"2646","Turkey",2006,25.6
"2647","Turkey",2007,23.8
"2648","Turkey",2008,22.1
"2649","Turkey",2009,20.6
"2650","Turkey",2010,19.2
"2651","Turkey",2011,17.9
"2652","Turkey",2012,16.6
"2653","Turkey",2013,15.5
"2654","Turkey",2014,14.4
"2655","Turkey",2015,13.4
"2656","Turkey",2016,12.5
"2657","Turkmenistan",1985,99.7
"2658","Turkmenistan",1986,95.6
"2659","Turkmenistan",1987,92
"2660","Turkmenistan",1988,88.7
"2661","Turkmenistan",1989,86.2
"2662","Turkmenistan",1990,84.4
"2663","Turkmenistan",1991,83.7
"2664","Turkmenistan",1992,83.6
"2665","Turkmenistan",1993,84
"2666","Turkmenistan",1994,84.8
"2667","Turkmenistan",1995,85.4
"2668","Turkmenistan",1996,85.7
"2669","Turkmenistan",1997,85.5
"2670","Turkmenistan",1998,84.5
"2671","Turkmenistan",1999,82.8
"2672","Turkmenistan",2000,80.7
"2673","Turkmenistan",2001,78.4
"2674","Turkmenistan",2002,76.2
"2675","Turkmenistan",2003,74
"2676","Turkmenistan",2004,71.9
"2677","Turkmenistan",2005,69.7
"2678","Turkmenistan",2006,67.6
"2679","Turkmenistan",2007,65.6
"2680","Turkmenistan",2008,63.6
"2681","Turkmenistan",2009,61.4
"2682","Turkmenistan",2010,59.4
"2683","Turkmenistan",2011,57.5
"2684","Turkmenistan",2012,55.8
"2685","Turkmenistan",2013,54
"2686","Turkmenistan",2014,52.2
"2687","Turkmenistan",2015,50.5
"2688","Turkmenistan",2016,48.8
"2689","Ukraine",1985,22.3
"2690","Ukraine",1986,21.4
"2691","Ukraine",1987,20.7
"2692","Ukraine",1988,20
"2693","Ukraine",1989,19.6
"2694","Ukraine",1990,19.4
"2695","Ukraine",1991,19.4
"2696","Ukraine",1992,19.5
"2697","Ukraine",1993,19.8
"2698","Ukraine",1994,20.1
"2699","Ukraine",1995,20.4
"2700","Ukraine",1996,20.4
"2701","Ukraine",1997,20.3
"2702","Ukraine",1998,19.9
"2703","Ukraine",1999,19.3
"2704","Ukraine",2000,18.5
"2705","Ukraine",2001,17.6
"2706","Ukraine",2002,16.8
"2707","Ukraine",2003,15.9
"2708","Ukraine",2004,15.2
"2709","Ukraine",2005,14.5
"2710","Ukraine",2006,13.9
"2711","Ukraine",2007,13.4
"2712","Ukraine",2008,12.9
"2713","Ukraine",2009,12.3
"2714","Ukraine",2010,11.7
"2715","Ukraine",2011,11.2
"2716","Ukraine",2012,10.7
"2717","Ukraine",2013,10.2
"2718","Ukraine",2014,9.8
"2719","Ukraine",2015,9.4
"2720","Ukraine",2016,9.1
"2721","United Arab Emirates",1985,22.9
"2722","United Arab Emirates",1986,21.3
"2723","United Arab Emirates",1987,19.9
"2724","United Arab Emirates",1988,18.7
"2725","United Arab Emirates",1989,17.6
"2726","United Arab Emirates",1990,16.6
"2727","United Arab Emirates",1991,15.8
"2728","United Arab Emirates",1992,15
"2729","United Arab Emirates",1993,14.3
"2730","United Arab Emirates",1994,13.7
"2731","United Arab Emirates",1995,13.2
"2732","United Arab Emirates",1996,12.7
"2733","United Arab Emirates",1997,12.3
"2734","United Arab Emirates",1998,11.9
"2735","United Arab Emirates",1999,11.6
"2736","United Arab Emirates",2000,11.2
"2737","United Arab Emirates",2001,10.9
"2738","United Arab Emirates",2002,10.6
"2739","United Arab Emirates",2003,10.3
"2740","United Arab Emirates",2004,10
"2741","United Arab Emirates",2005,9.7
"2742","United Arab Emirates",2006,9.4
"2743","United Arab Emirates",2007,9.1
"2744","United Arab Emirates",2008,8.8
"2745","United Arab Emirates",2009,8.6
"2746","United Arab Emirates",2010,8.4
"2747","United Arab Emirates",2011,8.3
"2748","United Arab Emirates",2012,8.2
"2749","United Arab Emirates",2013,8.3
"2750","United Arab Emirates",2014,8.5
"2751","United Arab Emirates",2015,8.7
"2752","United Arab Emirates",2016,9
"2753","United Kingdom",1985,11.4
"2754","United Kingdom",1986,11.1
"2755","United Kingdom",1987,10.8
"2756","United Kingdom",1988,10.4
"2757","United Kingdom",1989,9.9
"2758","United Kingdom",1990,9.3
"2759","United Kingdom",1991,8.7
"2760","United Kingdom",1992,8.2
"2761","United Kingdom",1993,7.7
"2762","United Kingdom",1994,7.4
"2763","United Kingdom",1995,7.2
"2764","United Kingdom",1996,7
"2765","United Kingdom",1997,6.9
"2766","United Kingdom",1998,6.8
"2767","United Kingdom",1999,6.7
"2768","United Kingdom",2000,6.5
"2769","United Kingdom",2001,6.4
"2770","United Kingdom",2002,6.3
"2771","United Kingdom",2003,6.3
"2772","United Kingdom",2004,6.2
"2773","United Kingdom",2005,6
"2774","United Kingdom",2006,5.9
"2775","United Kingdom",2007,5.8
"2776","United Kingdom",2008,5.6
"2777","United Kingdom",2009,5.4
"2778","United Kingdom",2010,5.2
"2779","United Kingdom",2011,5
"2780","United Kingdom",2012,4.8
"2781","United Kingdom",2013,4.6
"2782","United Kingdom",2014,4.5
"2783","United Kingdom",2015,4.5
"2784","United Kingdom",2016,4.4
"2785","United States",1985,12.7
"2786","United States",1986,12.4
"2787","United States",1987,12.1
"2788","United States",1988,11.9
"2789","United States",1989,11.6
"2790","United States",1990,11.2
"2791","United States",1991,10.9
"2792","United States",1992,10.5
"2793","United States",1993,10.1
"2794","United States",1994,9.8
"2795","United States",1995,9.5
"2796","United States",1996,9.2
"2797","United States",1997,8.9
"2798","United States",1998,8.7
"2799","United States",1999,8.6
"2800","United States",2000,8.4
"2801","United States",2001,8.3
"2802","United States",2002,8.2
"2803","United States",2003,8.1
"2804","United States",2004,8.1
"2805","United States",2005,8
"2806","United States",2006,7.9
"2807","United States",2007,7.7
"2808","United States",2008,7.6
"2809","United States",2009,7.5
"2810","United States",2010,7.3
"2811","United States",2011,7.2
"2812","United States",2012,7.1
"2813","United States",2013,7
"2814","United States",2014,6.9
"2815","United States",2015,6.8
"2816","United States",2016,6.7
"2817","Uruguay",1985,28.7
"2818","Uruguay",1986,27.6
"2819","Uruguay",1987,26.4
"2820","Uruguay",1988,25.1
"2821","Uruguay",1989,23.9
"2822","Uruguay",1990,23
"2823","Uruguay",1991,22.3
"2824","Uruguay",1992,21.8
"2825","Uruguay",1993,21.4
"2826","Uruguay",1994,21
"2827","Uruguay",1995,20.6
"2828","Uruguay",1996,20
"2829","Uruguay",1997,19.2
"2830","Uruguay",1998,18.4
"2831","Uruguay",1999,17.6
"2832","Uruguay",2000,17
"2833","Uruguay",2001,16.6
"2834","Uruguay",2002,16.2
"2835","Uruguay",2003,15.8
"2836","Uruguay",2004,15.2
"2837","Uruguay",2005,14.4
"2838","Uruguay",2006,13.5
"2839","Uruguay",2007,12.7
"2840","Uruguay",2008,11.9
"2841","Uruguay",2009,11.2
"2842","Uruguay",2010,10.7
"2843","Uruguay",2011,10.2
"2844","Uruguay",2012,9.9
"2845","Uruguay",2013,9.6
"2846","Uruguay",2014,9.3
"2847","Uruguay",2015,8.9
"2848","Uruguay",2016,8.6
"2849","Uzbekistan",1985,85.2
"2850","Uzbekistan",1986,81
"2851","Uzbekistan",1987,77.6
"2852","Uzbekistan",1988,74.9
"2853","Uzbekistan",1989,73.1
"2854","Uzbekistan",1990,72.1
"2855","Uzbekistan",1991,71.7
"2856","Uzbekistan",1992,71.6
"2857","Uzbekistan",1993,71.2
"2858","Uzbekistan",1994,70.7
"2859","Uzbekistan",1995,70
"2860","Uzbekistan",1996,69.1
"2861","Uzbekistan",1997,68
"2862","Uzbekistan",1998,66.4
"2863","Uzbekistan",1999,64.5
"2864","Uzbekistan",2000,62.3
"2865","Uzbekistan",2001,59.8
"2866","Uzbekistan",2002,57.1
"2867","Uzbekistan",2003,54.4
"2868","Uzbekistan",2004,51.7
"2869","Uzbekistan",2005,49
"2870","Uzbekistan",2006,46.3
"2871","Uzbekistan",2007,43.7
"2872","Uzbekistan",2008,41.1
"2873","Uzbekistan",2009,38.6
"2874","Uzbekistan",2010,36.2
"2875","Uzbekistan",2011,33.8
"2876","Uzbekistan",2012,31.6
"2877","Uzbekistan",2013,29.5
"2878","Uzbekistan",2014,27.5
"2879","Uzbekistan",2015,25.6
"2880","Uzbekistan",2016,23.9
