"","Country","Year","male_life_expectancy"
"1","Albania",1985,68.92
"2","Albania",1986,69.04
"3","Albania",1987,69.12
"4","Albania",1988,69.145
"5","Albania",1989,69.122
"6","Albania",1990,69.07
"7","Albania",1991,69.017
"8","Albania",1992,68.997
"9","Albania",1993,69.037
"10","Albania",1994,69.15
"11","Albania",1995,69.347
"12","Albania",1996,69.631
"13","Albania",1997,69.982
"14","Albania",1998,70.376
"15","Albania",1999,70.797
"16","Albania",2000,71.215
"17","Albania",2001,71.6
"18","Albania",2002,71.937
"19","Albania",2003,72.223
"20","Albania",2004,72.461
"21","Albania",2005,72.678
"22","Albania",2006,72.911
"23","Albania",2007,73.192
"24","Albania",2008,73.539
"25","Albania",2009,73.95
"26","Albania",2010,74.404
"27","Albania",2011,74.867
"28","Albania",2012,75.299
"29","Albania",2013,75.671
"30","Albania",2014,75.974
"31","Albania",2015,76.209
"32","Albania",2016,76.389
"33","Antigua and Barbuda",1985,67.409
"34","Antigua and Barbuda",1986,67.665
"35","Antigua and Barbuda",1987,67.918
"36","Antigua and Barbuda",1988,68.169
"37","Antigua and Barbuda",1989,68.416
"38","Antigua and Barbuda",1990,68.661
"39","Antigua and Barbuda",1991,68.904
"40","Antigua and Barbuda",1992,69.143
"41","Antigua and Barbuda",1993,69.38
"42","Antigua and Barbuda",1994,69.613
"43","Antigua and Barbuda",1995,69.845
"44","Antigua and Barbuda",1996,70.073
"45","Antigua and Barbuda",1997,70.3
"46","Antigua and Barbuda",1998,70.525
"47","Antigua and Barbuda",1999,70.747
"48","Antigua and Barbuda",2000,70.969
"49","Antigua and Barbuda",2001,71.191
"50","Antigua and Barbuda",2002,71.413
"51","Antigua and Barbuda",2003,71.633
"52","Antigua and Barbuda",2004,71.852
"53","Antigua and Barbuda",2005,72.063
"54","Antigua and Barbuda",2006,72.265
"55","Antigua and Barbuda",2007,72.454
"56","Antigua and Barbuda",2008,72.63
"57","Antigua and Barbuda",2009,72.793
"58","Antigua and Barbuda",2010,72.945
"59","Antigua and Barbuda",2011,73.091
"60","Antigua and Barbuda",2012,73.234
"61","Antigua and Barbuda",2013,73.38
"62","Antigua and Barbuda",2014,73.528
"63","Antigua and Barbuda",2015,73.681
"64","Antigua and Barbuda",2016,73.838
"65","Argentina",1985,67.227
"66","Argentina",1986,67.382
"67","Argentina",1987,67.538
"68","Argentina",1988,67.702
"69","Argentina",1989,67.879
"70","Argentina",1990,68.07
"71","Argentina",1991,68.275
"72","Argentina",1992,68.487
"73","Argentina",1993,68.702
"74","Argentina",1994,68.917
"75","Argentina",1995,69.13
"76","Argentina",1996,69.341
"77","Argentina",1997,69.55
"78","Argentina",1998,69.755
"79","Argentina",1999,69.955
"80","Argentina",2000,70.148
"81","Argentina",2001,70.333
"82","Argentina",2002,70.507
"83","Argentina",2003,70.672
"84","Argentina",2004,70.83
"85","Argentina",2005,70.981
"86","Argentina",2006,71.128
"87","Argentina",2007,71.274
"88","Argentina",2008,71.423
"89","Argentina",2009,71.575
"90","Argentina",2010,71.733
"91","Argentina",2011,71.896
"92","Argentina",2012,72.065
"93","Argentina",2013,72.237
"94","Argentina",2014,72.414
"95","Argentina",2015,72.594
"96","Argentina",2016,72.777
"97","Armenia",1985,66.88
"98","Armenia",1986,66.476
"99","Armenia",1987,66.03
"100","Armenia",1988,65.586
"101","Armenia",1989,65.18
"102","Armenia",1990,64.86
"103","Armenia",1991,64.67
"104","Armenia",1992,64.627
"105","Armenia",1993,64.732
"106","Armenia",1994,64.983
"107","Armenia",1995,65.37
"108","Armenia",1996,65.868
"109","Armenia",1997,66.433
"110","Armenia",1998,67.015
"111","Armenia",1999,67.579
"112","Armenia",2000,68.086
"113","Armenia",2001,68.501
"114","Armenia",2002,68.824
"115","Armenia",2003,69.06
"116","Armenia",2004,69.214
"117","Armenia",2005,69.31
"118","Armenia",2006,69.381
"119","Armenia",2007,69.463
"120","Armenia",2008,69.582
"121","Armenia",2009,69.749
"122","Armenia",2010,69.961
"123","Armenia",2011,70.205
"124","Armenia",2012,70.455
"125","Armenia",2013,70.689
"126","Armenia",2014,70.903
"127","Armenia",2015,71.094
"128","Armenia",2016,71.265
"129","Aruba",1985,70.757
"130","Aruba",1986,70.814
"131","Aruba",1987,70.851
"132","Aruba",1988,70.886
"133","Aruba",1989,70.924
"134","Aruba",1990,70.969
"135","Aruba",1991,71.018
"136","Aruba",1992,71.062
"137","Aruba",1993,71.098
"138","Aruba",1994,71.126
"139","Aruba",1995,71.148
"140","Aruba",1996,71.168
"141","Aruba",1997,71.19
"142","Aruba",1998,71.219
"143","Aruba",1999,71.259
"144","Aruba",2000,71.312
"145","Aruba",2001,71.382
"146","Aruba",2002,71.469
"147","Aruba",2003,71.572
"148","Aruba",2004,71.688
"149","Aruba",2005,71.816
"150","Aruba",2006,71.952
"151","Aruba",2007,72.093
"152","Aruba",2008,72.235
"153","Aruba",2009,72.377
"154","Aruba",2010,72.516
"155","Aruba",2011,72.654
"156","Aruba",2012,72.791
"157","Aruba",2013,72.929
"158","Aruba",2014,73.068
"159","Aruba",2015,73.208
"160","Aruba",2016,73.348
"161","Australia",1985,72.4
"162","Australia",1986,72.7
"163","Australia",1987,73.02
"164","Australia",1988,73.34
"165","Australia",1989,73.66
"166","Australia",1990,73.98
"167","Australia",1991,74.3
"168","Australia",1992,74.5
"169","Australia",1993,75
"170","Australia",1994,75
"171","Australia",1995,75
"172","Australia",1996,75.2
"173","Australia",1997,75.7
"174","Australia",1998,75.9
"175","Australia",1999,76.2
"176","Australia",2000,76.6
"177","Australia",2001,77
"178","Australia",2002,77.4
"179","Australia",2003,77.8
"180","Australia",2004,78.1
"181","Australia",2005,78.5
"182","Australia",2006,78.7
"183","Australia",2007,79
"184","Australia",2008,79.2
"185","Australia",2009,79.3
"186","Australia",2010,79.5
"187","Australia",2011,79.7
"188","Australia",2012,79.9
"189","Australia",2013,80.1
"190","Australia",2014,80.3
"191","Australia",2015,80.4
"192","Australia",2016,80.5
"193","Austria",1985,70.4
"194","Austria",1986,71
"195","Austria",1987,71.5
"196","Austria",1988,71.9
"197","Austria",1989,71.9
"198","Austria",1990,72.3
"199","Austria",1991,72.3
"200","Austria",1992,72.5
"201","Austria",1993,72.8
"202","Austria",1994,73.2
"203","Austria",1995,73.4
"204","Austria",1996,73.7
"205","Austria",1997,74.1
"206","Austria",1998,74.5
"207","Austria",1999,74.9
"208","Austria",2000,75.2
"209","Austria",2001,75.6
"210","Austria",2002,75.8
"211","Austria",2003,75.9
"212","Austria",2004,76.4
"213","Austria",2005,76.6
"214","Austria",2006,77.1
"215","Austria",2007,77.4
"216","Austria",2008,77.7
"217","Austria",2009,77.6
"218","Austria",2010,77.8
"219","Austria",2011,78.3
"220","Austria",2012,78.4
"221","Austria",2013,78.6
"222","Austria",2014,79.1
"223","Austria",2015,78.8
"224","Austria",2016,78.5
"225","Azerbaijan",1985,61.26
"226","Azerbaijan",1986,61.329
"227","Azerbaijan",1987,61.291
"228","Azerbaijan",1988,61.149
"229","Azerbaijan",1989,60.925
"230","Azerbaijan",1990,60.676
"231","Azerbaijan",1991,60.478
"232","Azerbaijan",1992,60.398
"233","Azerbaijan",1993,60.476
"234","Azerbaijan",1994,60.725
"235","Azerbaijan",1995,61.124
"236","Azerbaijan",1996,61.629
"237","Azerbaijan",1997,62.172
"238","Azerbaijan",1998,62.698
"239","Azerbaijan",1999,63.184
"240","Azerbaijan",2000,63.625
"241","Azerbaijan",2001,64.032
"242","Azerbaijan",2002,64.435
"243","Azerbaijan",2003,64.855
"244","Azerbaijan",2004,65.291
"245","Azerbaijan",2005,65.741
"246","Azerbaijan",2006,66.201
"247","Azerbaijan",2007,66.655
"248","Azerbaijan",2008,67.091
"249","Azerbaijan",2009,67.498
"250","Azerbaijan",2010,67.863
"251","Azerbaijan",2011,68.175
"252","Azerbaijan",2012,68.433
"253","Azerbaijan",2013,68.638
"254","Azerbaijan",2014,68.795
"255","Azerbaijan",2015,68.913
"256","Azerbaijan",2016,69.002
"257","Bahrain",1985,70.182
"258","Bahrain",1986,70.46
"259","Bahrain",1987,70.718
"260","Bahrain",1988,70.963
"261","Bahrain",1989,71.201
"262","Bahrain",1990,71.435
"263","Bahrain",1991,71.667
"264","Bahrain",1992,71.895
"265","Bahrain",1993,72.119
"266","Bahrain",1994,72.34
"267","Bahrain",1995,72.56
"268","Bahrain",1996,72.782
"269","Bahrain",1997,73.006
"270","Bahrain",1998,73.229
"271","Bahrain",1999,73.452
"272","Bahrain",2000,73.669
"273","Bahrain",2001,73.877
"274","Bahrain",2002,74.072
"275","Bahrain",2003,74.253
"276","Bahrain",2004,74.42
"277","Bahrain",2005,74.574
"278","Bahrain",2006,74.719
"279","Bahrain",2007,74.857
"280","Bahrain",2008,74.994
"281","Bahrain",2009,75.131
"282","Bahrain",2010,75.268
"283","Bahrain",2011,75.405
"284","Bahrain",2012,75.541
"285","Bahrain",2013,75.674
"286","Bahrain",2014,75.804
"287","Bahrain",2015,75.933
"288","Bahrain",2016,76.061
"289","Barbados",1985,67.743
"290","Barbados",1986,67.996
"291","Barbados",1987,68.243
"292","Barbados",1988,68.484
"293","Barbados",1989,68.72
"294","Barbados",1990,68.95
"295","Barbados",1991,69.177
"296","Barbados",1992,69.4
"297","Barbados",1993,69.618
"298","Barbados",1994,69.832
"299","Barbados",1995,70.04
"300","Barbados",1996,70.241
"301","Barbados",1997,70.433
"302","Barbados",1998,70.617
"303","Barbados",1999,70.792
"304","Barbados",2000,70.96
"305","Barbados",2001,71.121
"306","Barbados",2002,71.279
"307","Barbados",2003,71.434
"308","Barbados",2004,71.589
"309","Barbados",2005,71.744
"310","Barbados",2006,71.899
"311","Barbados",2007,72.054
"312","Barbados",2008,72.21
"313","Barbados",2009,72.365
"314","Barbados",2010,72.521
"315","Barbados",2011,72.676
"316","Barbados",2012,72.831
"317","Barbados",2013,72.986
"318","Barbados",2014,73.14
"319","Barbados",2015,73.294
"320","Barbados",2016,73.448
"321","Belarus",1985,66.7
"322","Belarus",1986,67.33
"323","Belarus",1987,66.6
"324","Belarus",1988,67
"325","Belarus",1989,66.8
"326","Belarus",1990,66.3
"327","Belarus",1991,65.5
"328","Belarus",1992,64.9
"329","Belarus",1993,63.8
"330","Belarus",1994,63.5
"331","Belarus",1995,62.9
"332","Belarus",1996,63
"333","Belarus",1997,62.9
"334","Belarus",1998,62.7
"335","Belarus",1999,62.2
"336","Belarus",2000,63.4
"337","Belarus",2001,62.8
"338","Belarus",2002,62.3
"339","Belarus",2003,62.7
"340","Belarus",2004,63.2
"341","Belarus",2005,62.9
"342","Belarus",2006,63.6
"343","Belarus",2007,64.5
"344","Belarus",2008,64.7
"345","Belarus",2009,64.7
"346","Belarus",2010,64.6
"347","Belarus",2011,64.7
"348","Belarus",2012,66.6
"349","Belarus",2013,67.3
"350","Belarus",2014,67.8
"351","Belarus",2015,68.6
"352","Belarus",2016,68.9
"353","Belgium",1985,71.13
"354","Belgium",1986,71.4
"355","Belgium",1987,72
"356","Belgium",1988,72.2
"357","Belgium",1989,72.34
"358","Belgium",1990,72.73
"359","Belgium",1991,72.88
"360","Belgium",1992,73
"361","Belgium",1993,72.96
"362","Belgium",1994,73.36
"363","Belgium",1995,73.47
"364","Belgium",1996,73.88
"365","Belgium",1997,74.2
"366","Belgium",1998,74.4
"367","Belgium",1999,74.4
"368","Belgium",2000,74.6
"369","Belgium",2001,74.9
"370","Belgium",2002,75.1
"371","Belgium",2003,75.3
"372","Belgium",2004,76
"373","Belgium",2005,76.2
"374","Belgium",2006,76.6
"375","Belgium",2007,77.1
"376","Belgium",2008,76.9
"377","Belgium",2009,77.4
"378","Belgium",2010,77.5
"379","Belgium",2011,78
"380","Belgium",2012,77.8
"381","Belgium",2013,78.1
"382","Belgium",2014,78.8
"383","Belgium",2015,78.7
"384","Belgium",2016,78.7
"385","Belize",1985,69.226
"386","Belize",1986,69.371
"387","Belize",1987,69.434
"388","Belize",1988,69.41
"389","Belize",1989,69.298
"390","Belize",1990,69.093
"391","Belize",1991,68.791
"392","Belize",1992,68.411
"393","Belize",1993,67.978
"394","Belize",1994,67.518
"395","Belize",1995,67.06
"396","Belize",1996,66.632
"397","Belize",1997,66.256
"398","Belize",1998,65.95
"399","Belize",1999,65.73
"400","Belize",2000,65.614
"401","Belize",2001,65.609
"402","Belize",2002,65.699
"403","Belize",2003,65.862
"404","Belize",2004,66.078
"405","Belize",2005,66.32
"406","Belize",2006,66.555
"407","Belize",2007,66.763
"408","Belize",2008,66.928
"409","Belize",2009,67.046
"410","Belize",2010,67.123
"411","Belize",2011,67.177
"412","Belize",2012,67.235
"413","Belize",2013,67.316
"414","Belize",2014,67.428
"415","Belize",2015,67.57
"416","Belize",2016,67.736
"417","Bosnia and Herzegovina",1985,68.755
"418","Bosnia and Herzegovina",1986,68.849
"419","Bosnia and Herzegovina",1987,68.741
"420","Bosnia and Herzegovina",1988,68.428
"421","Bosnia and Herzegovina",1989,67.952
"422","Bosnia and Herzegovina",1990,67.432
"423","Bosnia and Herzegovina",1991,67.025
"424","Bosnia and Herzegovina",1992,66.86
"425","Bosnia and Herzegovina",1993,67.014
"426","Bosnia and Herzegovina",1994,67.49
"427","Bosnia and Herzegovina",1995,68.23
"428","Bosnia and Herzegovina",1996,69.121
"429","Bosnia and Herzegovina",1997,70.008
"430","Bosnia and Herzegovina",1998,70.77
"431","Bosnia and Herzegovina",1999,71.356
"432","Bosnia and Herzegovina",2000,71.751
"433","Bosnia and Herzegovina",2001,71.979
"434","Bosnia and Herzegovina",2002,72.119
"435","Bosnia and Herzegovina",2003,72.237
"436","Bosnia and Herzegovina",2004,72.355
"437","Bosnia and Herzegovina",2005,72.489
"438","Bosnia and Herzegovina",2006,72.641
"439","Bosnia and Herzegovina",2007,72.8
"440","Bosnia and Herzegovina",2008,72.958
"441","Bosnia and Herzegovina",2009,73.118
"442","Bosnia and Herzegovina",2010,73.283
"443","Bosnia and Herzegovina",2011,73.452
"444","Bosnia and Herzegovina",2012,73.626
"445","Bosnia and Herzegovina",2013,73.804
"446","Bosnia and Herzegovina",2014,73.986
"447","Bosnia and Herzegovina",2015,74.172
"448","Bosnia and Herzegovina",2016,74.361
"449","Brazil",1985,60.205
"450","Brazil",1986,60.479
"451","Brazil",1987,60.759
"452","Brazil",1988,61.047
"453","Brazil",1989,61.349
"454","Brazil",1990,61.673
"455","Brazil",1991,62.03
"456","Brazil",1992,62.424
"457","Brazil",1993,62.855
"458","Brazil",1994,63.32
"459","Brazil",1995,63.809
"460","Brazil",1996,64.314
"461","Brazil",1997,64.82
"462","Brazil",1998,65.317
"463","Brazil",1999,65.796
"464","Brazil",2000,66.252
"465","Brazil",2001,66.685
"466","Brazil",2002,67.098
"467","Brazil",2003,67.498
"468","Brazil",2004,67.886
"469","Brazil",2005,68.266
"470","Brazil",2006,68.643
"471","Brazil",2007,69.019
"472","Brazil",2008,69.395
"473","Brazil",2009,69.767
"474","Brazil",2010,70.132
"475","Brazil",2011,70.481
"476","Brazil",2012,70.808
"477","Brazil",2013,71.11
"478","Brazil",2014,71.388
"479","Brazil",2015,71.644
"480","Brazil",2016,71.883
"481","Bulgaria",1985,68.15
"482","Bulgaria",1986,68.56
"483","Bulgaria",1987,68.4
"484","Bulgaria",1988,68.38
"485","Bulgaria",1989,68.42
"486","Bulgaria",1990,68.3
"487","Bulgaria",1991,68.4
"488","Bulgaria",1992,68.07
"489","Bulgaria",1993,67.62
"490","Bulgaria",1994,67.36
"491","Bulgaria",1995,67.39
"492","Bulgaria",1996,67.39
"493","Bulgaria",1997,67
"494","Bulgaria",1998,67.5
"495","Bulgaria",1999,67.9
"496","Bulgaria",2000,68.2
"497","Bulgaria",2001,68.5
"498","Bulgaria",2002,68.5
"499","Bulgaria",2003,68.7
"500","Bulgaria",2004,69.1
"501","Bulgaria",2005,69
"502","Bulgaria",2006,69.1
"503","Bulgaria",2007,69.2
"504","Bulgaria",2008,69.5
"505","Bulgaria",2009,69.9
"506","Bulgaria",2010,70
"507","Bulgaria",2011,70.7
"508","Bulgaria",2012,70.9
"509","Bulgaria",2013,71.3
"510","Bulgaria",2014,71.1
"511","Bulgaria",2015,71.2
"512","Bulgaria",2016,71.2
"513","Cabo Verde",1985,61.57
"514","Cabo Verde",1986,61.896
"515","Cabo Verde",1987,62.223
"516","Cabo Verde",1988,62.543
"517","Cabo Verde",1989,62.861
"518","Cabo Verde",1990,63.18
"519","Cabo Verde",1991,63.506
"520","Cabo Verde",1992,63.844
"521","Cabo Verde",1993,64.202
"522","Cabo Verde",1994,64.587
"523","Cabo Verde",1995,65.019
"524","Cabo Verde",1996,65.518
"525","Cabo Verde",1997,66.084
"526","Cabo Verde",1998,66.705
"527","Cabo Verde",1999,67.358
"528","Cabo Verde",2000,68.006
"529","Cabo Verde",2001,68.602
"530","Cabo Verde",2002,69.109
"531","Cabo Verde",2003,69.505
"532","Cabo Verde",2004,69.78
"533","Cabo Verde",2005,69.939
"534","Cabo Verde",2006,70.002
"535","Cabo Verde",2007,70.008
"536","Cabo Verde",2008,69.994
"537","Cabo Verde",2009,69.984
"538","Cabo Verde",2010,69.996
"539","Cabo Verde",2011,70.041
"540","Cabo Verde",2012,70.116
"541","Cabo Verde",2013,70.218
"542","Cabo Verde",2014,70.347
"543","Cabo Verde",2015,70.502
"544","Cabo Verde",2016,70.676
"545","Canada",1985,73.04
"546","Canada",1986,73.24
"547","Canada",1987,73.52
"548","Canada",1988,73.58
"549","Canada",1989,73.89
"550","Canada",1990,74.26
"551","Canada",1991,74.49
"552","Canada",1992,74.75
"553","Canada",1993,74.69
"554","Canada",1994,74.94
"555","Canada",1995,75.08
"556","Canada",1996,75.45
"557","Canada",1997,75.7
"558","Canada",1998,75.96
"559","Canada",1999,76.2
"560","Canada",2000,76.7
"561","Canada",2001,77
"562","Canada",2002,77.2
"563","Canada",2003,77.4
"564","Canada",2004,77.8
"565","Canada",2005,78
"566","Canada",2006,78
"567","Canada",2007,78.3
"568","Canada",2008,78.5
"569","Canada",2009,78.8
"570","Canada",2010,79.1
"571","Canada",2011,79.4
"572","Canada",2012,79.564
"573","Canada",2013,79.794
"574","Canada",2014,80.015
"575","Canada",2015,80.23
"576","Canada",2016,80.441
"577","Chile",1985,68.442
"578","Chile",1986,68.898
"579","Chile",1987,69.336
"580","Chile",1988,69.761
"581","Chile",1989,70.174
"582","Chile",1990,70.575
"583","Chile",1991,70.962
"584","Chile",1992,71.33
"585","Chile",1993,71.677
"586","Chile",1994,72.004
"587","Chile",1995,72.314
"588","Chile",1996,72.611
"589","Chile",1997,72.897
"590","Chile",1998,73.176
"591","Chile",1999,73.449
"592","Chile",2000,73.713
"593","Chile",2001,73.968
"594","Chile",2002,74.209
"595","Chile",2003,74.435
"596","Chile",2004,74.647
"597","Chile",2005,74.845
"598","Chile",2006,75.029
"599","Chile",2007,75.203
"600","Chile",2008,75.371
"601","Chile",2009,75.537
"602","Chile",2010,75.706
"603","Chile",2011,75.883
"604","Chile",2012,76.071
"605","Chile",2013,76.271
"606","Chile",2014,76.484
"607","Chile",2015,76.708
"608","Chile",2016,76.941
"609","Colombia",1985,64.166
"610","Colombia",1986,64.289
"611","Colombia",1987,64.357
"612","Colombia",1988,64.384
"613","Colombia",1989,64.39
"614","Colombia",1990,64.405
"615","Colombia",1991,64.464
"616","Colombia",1992,64.589
"617","Colombia",1993,64.791
"618","Colombia",1994,65.073
"619","Colombia",1995,65.424
"620","Colombia",1996,65.823
"621","Colombia",1997,66.235
"622","Colombia",1998,66.633
"623","Colombia",1999,67.003
"624","Colombia",2000,67.337
"625","Colombia",2001,67.636
"626","Colombia",2002,67.911
"627","Colombia",2003,68.173
"628","Colombia",2004,68.423
"629","Colombia",2005,68.662
"630","Colombia",2006,68.89
"631","Colombia",2007,69.109
"632","Colombia",2008,69.319
"633","Colombia",2009,69.522
"634","Colombia",2010,69.719
"635","Colombia",2011,69.913
"636","Colombia",2012,70.102
"637","Colombia",2013,70.29
"638","Colombia",2014,70.477
"639","Colombia",2015,70.664
"640","Colombia",2016,70.851
"641","Costa Rica",1985,71.831
"642","Costa Rica",1986,72.138
"643","Costa Rica",1987,72.411
"644","Costa Rica",1988,72.658
"645","Costa Rica",1989,72.888
"646","Costa Rica",1990,73.106
"647","Costa Rica",1991,73.319
"648","Costa Rica",1992,73.529
"649","Costa Rica",1993,73.739
"650","Costa Rica",1994,73.95
"651","Costa Rica",1995,74.163
"652","Costa Rica",1996,74.374
"653","Costa Rica",1997,74.579
"654","Costa Rica",1998,74.774
"655","Costa Rica",1999,74.959
"656","Costa Rica",2000,75.13
"657","Costa Rica",2001,75.286
"658","Costa Rica",2002,75.428
"659","Costa Rica",2003,75.559
"660","Costa Rica",2004,75.68
"661","Costa Rica",2005,75.793
"662","Costa Rica",2006,75.9
"663","Costa Rica",2007,76.003
"664","Costa Rica",2008,76.107
"665","Costa Rica",2009,76.217
"666","Costa Rica",2010,76.338
"667","Costa Rica",2011,76.477
"668","Costa Rica",2012,76.635
"669","Costa Rica",2013,76.814
"670","Costa Rica",2014,77.011
"671","Costa Rica",2015,77.225
"672","Costa Rica",2016,77.451
"673","Croatia",1985,67.13
"674","Croatia",1986,67.78
"675","Croatia",1987,67.88
"676","Croatia",1988,67.82
"677","Croatia",1989,68.23
"678","Croatia",1990,68.59
"679","Croatia",1991,68.6
"680","Croatia",1992,66.9
"681","Croatia",1993,67.22
"682","Croatia",1994,67.54
"683","Croatia",1995,67.86
"684","Croatia",1996,68.18
"685","Croatia",1997,68.3
"686","Croatia",1998,68.6
"687","Croatia",1999,68.92
"688","Croatia",2000,69.12
"689","Croatia",2001,71.03
"690","Croatia",2002,71.21
"691","Croatia",2003,71.17
"692","Croatia",2004,72.13
"693","Croatia",2005,71.83
"694","Croatia",2006,72.51
"695","Croatia",2007,72.33
"696","Croatia",2008,72.4
"697","Croatia",2009,72.9
"698","Croatia",2010,73.5
"699","Croatia",2011,73.8
"700","Croatia",2012,73.9
"701","Croatia",2013,74.2
"702","Croatia",2014,74.6
"703","Croatia",2015,74.3
"704","Croatia",2016,74.9
"705","Cuba",1985,72.806
"706","Cuba",1986,72.823
"707","Cuba",1987,72.816
"708","Cuba",1988,72.8
"709","Cuba",1989,72.787
"710","Cuba",1990,72.796
"711","Cuba",1991,72.843
"712","Cuba",1992,72.935
"713","Cuba",1993,73.076
"714","Cuba",1994,73.263
"715","Cuba",1995,73.489
"716","Cuba",1996,73.741
"717","Cuba",1997,74.001
"718","Cuba",1998,74.256
"719","Cuba",1999,74.501
"720","Cuba",2000,74.737
"721","Cuba",2001,74.974
"722","Cuba",2002,75.221
"723","Cuba",2003,75.482
"724","Cuba",2004,75.752
"725","Cuba",2005,76.018
"726","Cuba",2006,76.264
"727","Cuba",2007,76.478
"728","Cuba",2008,76.653
"729","Cuba",2009,76.792
"730","Cuba",2010,76.903
"731","Cuba",2011,77.002
"732","Cuba",2012,77.107
"733","Cuba",2013,77.23
"734","Cuba",2014,77.378
"735","Cuba",2015,77.552
"736","Cuba",2016,77.748
"737","Cyprus",1985,73.691
"738","Cyprus",1986,73.863
"739","Cyprus",1987,74.03
"740","Cyprus",1988,74.194
"741","Cyprus",1989,74.355
"742","Cyprus",1990,74.512
"743","Cyprus",1991,74.667
"744","Cyprus",1992,74.819
"745","Cyprus",1993,74.969
"746","Cyprus",1994,75.116
"747","Cyprus",1995,75.261
"748","Cyprus",1996,75.403
"749","Cyprus",1997,75.542
"750","Cyprus",1998,75.678
"751","Cyprus",1999,75.81
"752","Cyprus",2000,75.939
"753","Cyprus",2001,76.063
"754","Cyprus",2002,76.182
"755","Cyprus",2003,76.299
"756","Cyprus",2004,76.416
"757","Cyprus",2005,76.535
"758","Cyprus",2006,76.658
"759","Cyprus",2007,76.79
"760","Cyprus",2008,76.931
"761","Cyprus",2009,77.082
"762","Cyprus",2010,77.243
"763","Cyprus",2011,77.414
"764","Cyprus",2012,77.593
"765","Cyprus",2013,77.776
"766","Cyprus",2014,77.964
"767","Cyprus",2015,78.153
"768","Cyprus",2016,78.345
"769","Czech Republic",1985,67.5
"770","Czech Republic",1986,67.49
"771","Czech Republic",1987,67.87
"772","Czech Republic",1988,68.1
"773","Czech Republic",1989,68.1
"774","Czech Republic",1990,67.54
"775","Czech Republic",1991,68.23
"776","Czech Republic",1992,68.54
"777","Czech Republic",1993,69.28
"778","Czech Republic",1994,69.48
"779","Czech Republic",1995,69.67
"780","Czech Republic",1996,70.3
"781","Czech Republic",1997,70.42
"782","Czech Republic",1998,71.1
"783","Czech Republic",1999,71.4
"784","Czech Republic",2000,71.7
"785","Czech Republic",2001,72.1
"786","Czech Republic",2002,72.1
"787","Czech Republic",2003,72
"788","Czech Republic",2004,72.6
"789","Czech Republic",2005,72.9
"790","Czech Republic",2006,73.5
"791","Czech Republic",2007,73.7
"792","Czech Republic",2008,74
"793","Czech Republic",2009,74.2
"794","Czech Republic",2010,74.4
"795","Czech Republic",2011,74.8
"796","Czech Republic",2012,75.1
"797","Czech Republic",2013,75.2
"798","Czech Republic",2014,75.8
"799","Czech Republic",2015,75.7
"800","Czech Republic",2016,75.6
"801","Denmark",1985,71.53
"802","Denmark",1986,71.77
"803","Denmark",1987,71.74
"804","Denmark",1988,72.04
"805","Denmark",1989,71.99
"806","Denmark",1990,72.02
"807","Denmark",1991,72.47
"808","Denmark",1992,72.56
"809","Denmark",1993,72.59
"810","Denmark",1994,72.78
"811","Denmark",1995,72.72
"812","Denmark",1996,73.05
"813","Denmark",1997,73.55
"814","Denmark",1998,73.7
"815","Denmark",1999,74
"816","Denmark",2000,74.3
"817","Denmark",2001,74.5
"818","Denmark",2002,74.7
"819","Denmark",2003,74.9
"820","Denmark",2004,75.2
"821","Denmark",2005,75.6
"822","Denmark",2006,75.9
"823","Denmark",2007,76
"824","Denmark",2008,76.3
"825","Denmark",2009,76.5
"826","Denmark",2010,77.1
"827","Denmark",2011,77.8
"828","Denmark",2012,78.1
"829","Denmark",2013,78.3
"830","Denmark",2014,78.7
"831","Denmark",2015,78.8
"832","Denmark",2016,78.9
"833","Dominica",1987,70.5
"834","Dominica",1988,70.9300000000001
"835","Dominica",1989,71.21
"836","Dominica",1990,71.49
"837","Dominica",1991,71.77
"838","Dominica",1992,72
"839","Dominica",1993,72.33
"840","Dominica",1994,72.61
"841","Dominica",1995,72.89
"842","Dominica",1996,73.1700000000001
"843","Dominica",1997,74
"844","Dominica",1998,73.73
"845","Dominica",1999,74.01
"846","Dominica",2000,74.29
"847","Dominica",2001,74.5700000000001
"848","Dominica",2002,74.5
"849","Ecuador",1985,63.989
"850","Ecuador",1986,64.55
"851","Ecuador",1987,65.096
"852","Ecuador",1988,65.622
"853","Ecuador",1989,66.122
"854","Ecuador",1990,66.59
"855","Ecuador",1991,67.024
"856","Ecuador",1992,67.427
"857","Ecuador",1993,67.802
"858","Ecuador",1994,68.151
"859","Ecuador",1995,68.48
"860","Ecuador",1996,68.794
"861","Ecuador",1997,69.097
"862","Ecuador",1998,69.394
"863","Ecuador",1999,69.685
"864","Ecuador",2000,69.971
"865","Ecuador",2001,70.248
"866","Ecuador",2002,70.512
"867","Ecuador",2003,70.76
"868","Ecuador",2004,70.995
"869","Ecuador",2005,71.217
"870","Ecuador",2006,71.43
"871","Ecuador",2007,71.639
"872","Ecuador",2008,71.846
"873","Ecuador",2009,72.056
"874","Ecuador",2010,72.269
"875","Ecuador",2011,72.489
"876","Ecuador",2012,72.712
"877","Ecuador",2013,72.939
"878","Ecuador",2014,73.169
"879","Ecuador",2015,73.402
"880","Ecuador",2016,73.636
"881","El Salvador",1985,53.753
"882","El Salvador",1986,54.774
"883","El Salvador",1987,55.894
"884","El Salvador",1988,57.05
"885","El Salvador",1989,58.193
"886","El Salvador",1990,59.268
"887","El Salvador",1991,60.233
"888","El Salvador",1992,61.077
"889","El Salvador",1993,61.796
"890","El Salvador",1994,62.385
"891","El Salvador",1995,62.853
"892","El Salvador",1996,63.218
"893","El Salvador",1997,63.519
"894","El Salvador",1998,63.791
"895","El Salvador",1999,64.052
"896","El Salvador",2000,64.319
"897","El Salvador",2001,64.594
"898","El Salvador",2002,64.873
"899","El Salvador",2003,65.151
"900","El Salvador",2004,65.432
"901","El Salvador",2005,65.716
"902","El Salvador",2006,66.007
"903","El Salvador",2007,66.3
"904","El Salvador",2008,66.594
"905","El Salvador",2009,66.887
"906","El Salvador",2010,67.178
"907","El Salvador",2011,67.465
"908","El Salvador",2012,67.746
"909","El Salvador",2013,68.02
"910","El Salvador",2014,68.287
"911","El Salvador",2015,68.547
"912","El Salvador",2016,68.801
"913","Estonia",1985,64.6
"914","Estonia",1986,65.5
"915","Estonia",1987,66.4
"916","Estonia",1988,66.6
"917","Estonia",1989,65.6
"918","Estonia",1990,64.5
"919","Estonia",1991,64.3
"920","Estonia",1992,63.4
"921","Estonia",1993,62.3
"922","Estonia",1994,60.5
"923","Estonia",1995,61.3
"924","Estonia",1996,64.1
"925","Estonia",1997,64.2
"926","Estonia",1998,63.7
"927","Estonia",1999,64.6
"928","Estonia",2000,65.1
"929","Estonia",2001,64.6
"930","Estonia",2002,65.1
"931","Estonia",2003,66
"932","Estonia",2004,66.3
"933","Estonia",2005,67.3
"934","Estonia",2006,67.35
"935","Estonia",2007,67.4
"936","Estonia",2008,68.6
"937","Estonia",2009,69.8
"938","Estonia",2010,70.6
"939","Estonia",2011,71.4
"940","Estonia",2012,71.4
"941","Estonia",2013,72.8
"942","Estonia",2014,72.4
"943","Estonia",2015,73.2
"944","Estonia",2016,73.2
"945","Fiji",1985,62.603
"946","Fiji",1986,62.818
"947","Fiji",1987,63.025
"948","Fiji",1988,63.225
"949","Fiji",1989,63.418
"950","Fiji",1990,63.605
"951","Fiji",1991,63.786
"952","Fiji",1992,63.961
"953","Fiji",1993,64.13
"954","Fiji",1994,64.295
"955","Fiji",1995,64.455
"956","Fiji",1996,64.61
"957","Fiji",1997,64.76
"958","Fiji",1998,64.905
"959","Fiji",1999,65.045
"960","Fiji",2000,65.18
"961","Fiji",2001,65.308
"962","Fiji",2002,65.431
"963","Fiji",2003,65.549
"964","Fiji",2004,65.665
"965","Fiji",2005,65.783
"966","Fiji",2006,65.908
"967","Fiji",2007,66.042
"968","Fiji",2008,66.188
"969","Fiji",2009,66.343
"970","Fiji",2010,66.505
"971","Fiji",2011,66.67
"972","Fiji",2012,66.833
"973","Fiji",2013,66.989
"974","Fiji",2014,67.136
"975","Fiji",2015,67.275
"976","Fiji",2016,67.407
"977","Finland",1985,70.14
"978","Finland",1986,70.56
"979","Finland",1987,70.67
"980","Finland",1988,70.66
"981","Finland",1989,70.88
"982","Finland",1990,70.94
"983","Finland",1991,71.33
"984","Finland",1992,71.67
"985","Finland",1993,72.11
"986","Finland",1994,72.82
"987","Finland",1995,72.79
"988","Finland",1996,73.03
"989","Finland",1997,73.42
"990","Finland",1998,73.52
"991","Finland",1999,73.74
"992","Finland",2000,74.1
"993","Finland",2001,74.6
"994","Finland",2002,74.9
"995","Finland",2003,75.1
"996","Finland",2004,75.3
"997","Finland",2005,75.5
"998","Finland",2006,75.8
"999","Finland",2007,75.8
"1000","Finland",2008,76.3
"1001","Finland",2009,76.5
"1002","Finland",2010,76.7
"1003","Finland",2011,77.3
"1004","Finland",2012,77.7
"1005","Finland",2013,78
"1006","Finland",2014,78.4
"1007","Finland",2015,78.7
"1008","Finland",2016,79
"1009","France",1985,71.3
"1010","France",1986,71.6
"1011","France",1987,71.8
"1012","France",1988,72.1
"1013","France",1989,72.3
"1014","France",1990,72.6
"1015","France",1991,72.8
"1016","France",1992,73.1
"1017","France",1993,73.3
"1018","France",1994,73.6
"1019","France",1995,73.8
"1020","France",1996,74.1
"1021","France",1997,74.5
"1022","France",1998,74.8
"1023","France",1999,75
"1024","France",2000,75.3
"1025","France",2001,75.5
"1026","France",2002,75.7
"1027","France",2003,75.7
"1028","France",2004,76.7
"1029","France",2005,76.7
"1030","France",2006,77.3
"1031","France",2007,77.6
"1032","France",2008,77.8
"1033","France",2009,78
"1034","France",2010,78.2
"1035","France",2011,78.7
"1036","France",2012,78.7
"1037","France",2013,79
"1038","France",2014,79.5
"1039","France",2015,79.2
"1040","France",2016,79.2
"1041","Georgia",1985,66.089
"1042","Georgia",1986,66.213
"1043","Georgia",1987,66.298
"1044","Georgia",1988,66.329
"1045","Georgia",1989,66.311
"1046","Georgia",1990,66.264
"1047","Georgia",1991,66.214
"1048","Georgia",1992,66.197
"1049","Georgia",1993,66.236
"1050","Georgia",1994,66.343
"1051","Georgia",1995,66.526
"1052","Georgia",1996,66.788
"1053","Georgia",1997,67.106
"1054","Georgia",1998,67.454
"1055","Georgia",1999,67.812
"1056","Georgia",2000,68.149
"1057","Georgia",2001,68.438
"1058","Georgia",2002,68.661
"1059","Georgia",2003,68.81
"1060","Georgia",2004,68.883
"1061","Georgia",2005,68.883
"1062","Georgia",2006,68.822
"1063","Georgia",2007,68.728
"1064","Georgia",2008,68.628
"1065","Georgia",2009,68.539
"1066","Georgia",2010,68.48
"1067","Georgia",2011,68.463
"1068","Georgia",2012,68.489
"1069","Georgia",2013,68.557
"1070","Georgia",2014,68.666
"1071","Georgia",2015,68.811
"1072","Georgia",2016,68.984
"1073","Germany",1985,70.92
"1074","Germany",1986,71.183
"1075","Germany",1987,71.427
"1076","Germany",1988,71.652
"1077","Germany",1989,71.859
"1078","Germany",1990,72.058
"1079","Germany",1991,72.1
"1080","Germany",1992,72.6
"1081","Germany",1993,72.7
"1082","Germany",1994,73.1
"1083","Germany",1995,73.3
"1084","Germany",1996,73.6
"1085","Germany",1997,74
"1086","Germany",1998,74.5
"1087","Germany",1999,74.8
"1088","Germany",2000,75
"1089","Germany",2001,75.5
"1090","Germany",2002,75.4
"1091","Germany",2003,75.6
"1092","Germany",2004,75.9
"1093","Germany",2005,76.2
"1094","Germany",2006,76.4
"1095","Germany",2007,76.9
"1096","Germany",2008,77.2
"1097","Germany",2009,77.3
"1098","Germany",2010,77.5
"1099","Germany",2011,77.9
"1100","Germany",2012,78.1
"1101","Germany",2013,78.1
"1102","Germany",2014,78.7
"1103","Germany",2015,78.3
"1104","Germany",2016,78.3
"1105","Greece",1985,71.879
"1106","Greece",1986,72.158
"1107","Greece",1987,72.484
"1108","Greece",1988,72.861
"1109","Greece",1989,74.2
"1110","Greece",1990,74.5
"1111","Greece",1991,74.6
"1112","Greece",1992,74.7
"1113","Greece",1993,75
"1114","Greece",1994,75.2
"1115","Greece",1995,75
"1116","Greece",1996,75.1
"1117","Greece",1997,75.6
"1118","Greece",1998,75.4
"1119","Greece",1999,75.5
"1120","Greece",2000,75.4
"1121","Greece",2001,75.9
"1122","Greece",2002,76.3
"1123","Greece",2003,76.5
"1124","Greece",2004,76.6
"1125","Greece",2005,76.8
"1126","Greece",2006,77
"1127","Greece",2007,77
"1128","Greece",2008,77.5
"1129","Greece",2009,77.7
"1130","Greece",2010,77.9
"1131","Greece",2011,78
"1132","Greece",2012,78
"1133","Greece",2013,78.7
"1134","Greece",2014,78.8
"1135","Greece",2015,78.5
"1136","Greece",2016,78.5
"1137","Grenada",1985,65.341
"1138","Grenada",1986,65.538
"1139","Grenada",1987,65.73
"1140","Grenada",1988,65.917
"1141","Grenada",1989,66.1
"1142","Grenada",1990,66.276
"1143","Grenada",1991,66.446
"1144","Grenada",1992,66.61
"1145","Grenada",1993,66.767
"1146","Grenada",1994,66.922
"1147","Grenada",1995,67.078
"1148","Grenada",1996,67.239
"1149","Grenada",1997,67.407
"1150","Grenada",1998,67.586
"1151","Grenada",1999,67.776
"1152","Grenada",2000,67.976
"1153","Grenada",2001,68.185
"1154","Grenada",2002,68.4
"1155","Grenada",2003,68.617
"1156","Grenada",2004,68.835
"1157","Grenada",2005,69.056
"1158","Grenada",2006,69.283
"1159","Grenada",2007,69.517
"1160","Grenada",2008,69.756
"1161","Grenada",2009,69.997
"1162","Grenada",2010,70.232
"1163","Grenada",2011,70.453
"1164","Grenada",2012,70.655
"1165","Grenada",2013,70.833
"1166","Grenada",2014,70.987
"1167","Grenada",2015,71.121
"1168","Grenada",2016,71.239
"1169","Guatemala",1985,57.385
"1170","Guatemala",1986,57.802
"1171","Guatemala",1987,58.222
"1172","Guatemala",1988,58.642
"1173","Guatemala",1989,59.064
"1174","Guatemala",1990,59.495
"1175","Guatemala",1991,59.945
"1176","Guatemala",1992,60.419
"1177","Guatemala",1993,60.919
"1178","Guatemala",1994,61.444
"1179","Guatemala",1995,61.987
"1180","Guatemala",1996,62.541
"1181","Guatemala",1997,63.096
"1182","Guatemala",1998,63.64
"1183","Guatemala",1999,64.162
"1184","Guatemala",2000,64.652
"1185","Guatemala",2001,65.1
"1186","Guatemala",2002,65.506
"1187","Guatemala",2003,65.875
"1188","Guatemala",2004,66.211
"1189","Guatemala",2005,66.528
"1190","Guatemala",2006,66.843
"1191","Guatemala",2007,67.169
"1192","Guatemala",2008,67.513
"1193","Guatemala",2009,67.877
"1194","Guatemala",2010,68.255
"1195","Guatemala",2011,68.633
"1196","Guatemala",2012,68.997
"1197","Guatemala",2013,69.335
"1198","Guatemala",2014,69.643
"1199","Guatemala",2015,69.922
"1200","Guatemala",2016,70.177
"1201","Guyana",1985,59.687
"1202","Guyana",1986,59.697
"1203","Guyana",1987,59.73
"1204","Guyana",1988,59.791
"1205","Guyana",1989,59.884
"1206","Guyana",1990,60.01
"1207","Guyana",1991,60.169
"1208","Guyana",1992,60.353
"1209","Guyana",1993,60.555
"1210","Guyana",1994,60.769
"1211","Guyana",1995,60.992
"1212","Guyana",1996,61.218
"1213","Guyana",1997,61.445
"1214","Guyana",1998,61.67
"1215","Guyana",1999,61.889
"1216","Guyana",2000,62.099
"1217","Guyana",2001,62.298
"1218","Guyana",2002,62.487
"1219","Guyana",2003,62.668
"1220","Guyana",2004,62.84
"1221","Guyana",2005,63.003
"1222","Guyana",2006,63.158
"1223","Guyana",2007,63.307
"1224","Guyana",2008,63.451
"1225","Guyana",2009,63.59
"1226","Guyana",2010,63.723
"1227","Guyana",2011,63.85
"1228","Guyana",2012,63.971
"1229","Guyana",2013,64.084
"1230","Guyana",2014,64.192
"1231","Guyana",2015,64.294
"1232","Guyana",2016,64.393
"1233","Hungary",1985,65.06
"1234","Hungary",1986,65.31
"1235","Hungary",1987,65.7
"1236","Hungary",1988,66.16
"1237","Hungary",1989,65.33
"1238","Hungary",1990,65.14
"1239","Hungary",1991,65.06
"1240","Hungary",1992,64.6
"1241","Hungary",1993,64.55
"1242","Hungary",1994,64.86
"1243","Hungary",1995,65.26
"1244","Hungary",1996,66.08
"1245","Hungary",1997,66.4
"1246","Hungary",1998,66.15
"1247","Hungary",1999,66.36
"1248","Hungary",2000,67.1
"1249","Hungary",2001,68.2
"1250","Hungary",2002,68.3
"1251","Hungary",2003,68.3
"1252","Hungary",2004,68.6
"1253","Hungary",2005,68.6
"1254","Hungary",2006,69
"1255","Hungary",2007,69.2
"1256","Hungary",2008,69.8
"1257","Hungary",2009,70.1
"1258","Hungary",2010,70.5
"1259","Hungary",2011,71.2
"1260","Hungary",2012,71.6
"1261","Hungary",2013,72.2
"1262","Hungary",2014,72.3
"1263","Hungary",2015,72.3
"1264","Hungary",2016,72.3
"1265","Iceland",1985,74.9
"1266","Iceland",1986,75.42
"1267","Iceland",1987,74.9
"1268","Iceland",1988,74.4
"1269","Iceland",1989,76.18
"1270","Iceland",1990,75.49
"1271","Iceland",1991,74.87
"1272","Iceland",1992,76.77
"1273","Iceland",1993,77.12
"1274","Iceland",1994,77.13
"1275","Iceland",1995,75.96
"1276","Iceland",1996,76.49
"1277","Iceland",1997,76.3
"1278","Iceland",1998,77.7
"1279","Iceland",1999,77.4
"1280","Iceland",2000,77.8
"1281","Iceland",2001,78.3
"1282","Iceland",2002,78.6
"1283","Iceland",2003,79.5
"1284","Iceland",2004,78.9
"1285","Iceland",2005,79.6
"1286","Iceland",2006,79.5
"1287","Iceland",2007,79.6
"1288","Iceland",2008,80
"1289","Iceland",2009,79.8
"1290","Iceland",2010,79.8
"1291","Iceland",2011,80.7
"1292","Iceland",2012,81.6
"1293","Iceland",2013,80.5
"1294","Iceland",2014,81.3
"1295","Iceland",2015,81.2
"1296","Iceland",2016,81.2
"1297","Ireland",1985,70.957
"1298","Ireland",1986,71.168
"1299","Ireland",1987,71.384
"1300","Ireland",1988,71.606
"1301","Ireland",1989,71.832
"1302","Ireland",1990,72.053
"1303","Ireland",1991,72.256
"1304","Ireland",1992,72.439
"1305","Ireland",1993,72.601
"1306","Ireland",1994,72.749
"1307","Ireland",1995,72.9
"1308","Ireland",1996,73.1
"1309","Ireland",1997,73.4
"1310","Ireland",1998,73.4
"1311","Ireland",1999,73.4
"1312","Ireland",2000,74
"1313","Ireland",2001,74.5
"1314","Ireland",2002,75
"1315","Ireland",2003,75.7
"1316","Ireland",2004,76.1
"1317","Ireland",2005,76.7
"1318","Ireland",2006,76.9
"1319","Ireland",2007,77.3
"1320","Ireland",2008,77.9
"1321","Ireland",2009,77.8
"1322","Ireland",2010,78.5
"1323","Ireland",2011,78.6
"1324","Ireland",2012,78.7
"1325","Ireland",2013,79
"1326","Ireland",2014,79.3
"1327","Ireland",2015,79.6
"1328","Ireland",2016,79.9
"1329","Israel",1985,73.5
"1330","Israel",1986,73.2
"1331","Israel",1987,73.6
"1332","Israel",1988,73.9
"1333","Israel",1989,74.6
"1334","Israel",1990,74.9
"1335","Israel",1991,75.1
"1336","Israel",1992,74.7
"1337","Israel",1993,75.3
"1338","Israel",1994,75.5
"1339","Israel",1995,75.5
"1340","Israel",1996,76.3
"1341","Israel",1997,76
"1342","Israel",1998,76.1
"1343","Israel",1999,77
"1344","Israel",2000,77.1
"1345","Israel",2001,77.7
"1346","Israel",2002,77.5
"1347","Israel",2003,77.6
"1348","Israel",2004,78
"1349","Israel",2005,78.2
"1350","Israel",2006,78.7
"1351","Israel",2007,78.7
"1352","Israel",2008,79
"1353","Israel",2009,79.6
"1354","Israel",2010,79.7
"1355","Israel",2011,79.9
"1356","Israel",2012,79.9
"1357","Israel",2013,80.3
"1358","Israel",2014,80.3
"1359","Israel",2015,80.1
"1360","Israel",2016,80.7
"1361","Italy",1985,72.3
"1362","Italy",1986,72.6
"1363","Italy",1987,73
"1364","Italy",1988,73.2
"1365","Italy",1989,73.6
"1366","Italy",1990,73.8
"1367","Italy",1991,73.8
"1368","Italy",1992,74.2
"1369","Italy",1993,74.6
"1370","Italy",1994,74.8
"1371","Italy",1995,75
"1372","Italy",1996,75.4
"1373","Italy",1997,75.8
"1374","Italy",1998,76
"1375","Italy",1999,76.4
"1376","Italy",2000,76.9
"1377","Italy",2001,77.2
"1378","Italy",2002,77.4
"1379","Italy",2003,77.3
"1380","Italy",2004,78
"1381","Italy",2005,78.1
"1382","Italy",2006,78.6
"1383","Italy",2007,78.8
"1384","Italy",2008,78.9
"1385","Italy",2009,79.1
"1386","Italy",2010,79.5
"1387","Italy",2011,79.7
"1388","Italy",2012,79.8
"1389","Italy",2013,80.3
"1390","Italy",2014,80.7
"1391","Italy",2015,80.3
"1392","Italy",2016,80.3
"1393","Jamaica",1985,70.4
"1394","Jamaica",1986,70.344
"1395","Jamaica",1987,70.25
"1396","Jamaica",1988,70.134
"1397","Jamaica",1989,70.006
"1398","Jamaica",1990,69.875
"1399","Jamaica",1991,69.749
"1400","Jamaica",1992,69.632
"1401","Jamaica",1993,69.53
"1402","Jamaica",1994,69.45
"1403","Jamaica",1995,69.398
"1404","Jamaica",1996,69.376
"1405","Jamaica",1997,69.384
"1406","Jamaica",1998,69.421
"1407","Jamaica",1999,69.491
"1408","Jamaica",2000,69.6
"1409","Jamaica",2001,69.755
"1410","Jamaica",2002,69.956
"1411","Jamaica",2003,70.2
"1412","Jamaica",2004,70.48
"1413","Jamaica",2005,70.789
"1414","Jamaica",2006,71.12
"1415","Jamaica",2007,71.46
"1416","Jamaica",2008,71.798
"1417","Jamaica",2009,72.124
"1418","Jamaica",2010,72.426
"1419","Jamaica",2011,72.695
"1420","Jamaica",2012,72.933
"1421","Jamaica",2013,73.141
"1422","Jamaica",2014,73.32
"1423","Jamaica",2015,73.474
"1424","Jamaica",2016,73.611
"1425","Japan",1985,74.87
"1426","Japan",1986,75.25
"1427","Japan",1987,75.63
"1428","Japan",1988,75.57
"1429","Japan",1989,75.94
"1430","Japan",1990,75.91
"1431","Japan",1991,76.13
"1432","Japan",1992,76.11
"1433","Japan",1993,76.24
"1434","Japan",1994,76.57
"1435","Japan",1995,76.39
"1436","Japan",1996,77.01
"1437","Japan",1997,77.19
"1438","Japan",1998,77.16
"1439","Japan",1999,77.4
"1440","Japan",2000,77.72
"1441","Japan",2001,78.1
"1442","Japan",2002,78.1
"1443","Japan",2003,78.36
"1444","Japan",2004,78.64
"1445","Japan",2005,78.53
"1446","Japan",2006,79
"1447","Japan",2007,79.19
"1448","Japan",2008,79.29
"1449","Japan",2009,79.59
"1450","Japan",2010,79.55
"1451","Japan",2011,79.44
"1452","Japan",2012,79.94
"1453","Japan",2013,80.21
"1454","Japan",2014,80.5
"1455","Japan",2015,80.75
"1456","Japan",2016,80.98
"1457","Kazakhstan",1985,64
"1458","Kazakhstan",1986,64.45
"1459","Kazakhstan",1987,64.9
"1460","Kazakhstan",1988,64.8
"1461","Kazakhstan",1989,63.9
"1462","Kazakhstan",1990,63.8
"1463","Kazakhstan",1991,63.3
"1464","Kazakhstan",1992,63
"1465","Kazakhstan",1993,61.8
"1466","Kazakhstan",1994,60.6
"1467","Kazakhstan",1995,59.7
"1468","Kazakhstan",1996,58.5
"1469","Kazakhstan",1997,59
"1470","Kazakhstan",1998,59
"1471","Kazakhstan",1999,60.3
"1472","Kazakhstan",2000,60.2
"1473","Kazakhstan",2001,60.5
"1474","Kazakhstan",2002,60.7
"1475","Kazakhstan",2003,60.5
"1476","Kazakhstan",2004,60.4
"1477","Kazakhstan",2005,60.3
"1478","Kazakhstan",2006,60.6
"1479","Kazakhstan",2007,60.7
"1480","Kazakhstan",2008,61.9
"1481","Kazakhstan",2009,63.6
"1482","Kazakhstan",2010,63.51
"1483","Kazakhstan",2011,64.16
"1484","Kazakhstan",2012,64.84
"1485","Kazakhstan",2013,65.75
"1486","Kazakhstan",2014,67.12
"1487","Kazakhstan",2015,67.5
"1488","Kazakhstan",2016,68.1
"1489","Kiribati",1985,55.749
"1490","Kiribati",1986,56.07
"1491","Kiribati",1987,56.427
"1492","Kiribati",1988,56.81
"1493","Kiribati",1989,57.212
"1494","Kiribati",1990,57.624
"1495","Kiribati",1991,58.038
"1496","Kiribati",1992,58.449
"1497","Kiribati",1993,58.849
"1498","Kiribati",1994,59.231
"1499","Kiribati",1995,59.592
"1500","Kiribati",1996,59.93
"1501","Kiribati",1997,60.249
"1502","Kiribati",1998,60.549
"1503","Kiribati",1999,60.827
"1504","Kiribati",2000,61.078
"1505","Kiribati",2001,61.298
"1506","Kiribati",2002,61.485
"1507","Kiribati",2003,61.64
"1508","Kiribati",2004,61.766
"1509","Kiribati",2005,61.866
"1510","Kiribati",2006,61.945
"1511","Kiribati",2007,62.009
"1512","Kiribati",2008,62.068
"1513","Kiribati",2009,62.129
"1514","Kiribati",2010,62.2
"1515","Kiribati",2011,62.289
"1516","Kiribati",2012,62.398
"1517","Kiribati",2013,62.527
"1518","Kiribati",2014,62.675
"1519","Kiribati",2015,62.84
"1520","Kiribati",2016,63.017
"1521","Kuwait",1985,70.189
"1522","Kuwait",1986,70.467
"1523","Kuwait",1987,70.719
"1524","Kuwait",1988,70.948
"1525","Kuwait",1989,71.151
"1526","Kuwait",1990,71.331
"1527","Kuwait",1991,71.49
"1528","Kuwait",1992,71.631
"1529","Kuwait",1993,71.759
"1530","Kuwait",1994,71.877
"1531","Kuwait",1995,71.986
"1532","Kuwait",1996,72.087
"1533","Kuwait",1997,72.182
"1534","Kuwait",1998,72.269
"1535","Kuwait",1999,72.352
"1536","Kuwait",2000,72.432
"1537","Kuwait",2001,72.51
"1538","Kuwait",2002,72.586
"1539","Kuwait",2003,72.66
"1540","Kuwait",2004,72.735
"1541","Kuwait",2005,72.811
"1542","Kuwait",2006,72.89
"1543","Kuwait",2007,72.971
"1544","Kuwait",2008,73.054
"1545","Kuwait",2009,73.139
"1546","Kuwait",2010,73.227
"1547","Kuwait",2011,73.318
"1548","Kuwait",2012,73.411
"1549","Kuwait",2013,73.506
"1550","Kuwait",2014,73.603
"1551","Kuwait",2015,73.7
"1552","Kuwait",2016,73.799
"1553","Latvia",1985,64.75
"1554","Latvia",1986,66.32
"1555","Latvia",1987,66.41
"1556","Latvia",1988,66.23
"1557","Latvia",1989,65.37
"1558","Latvia",1990,64.2
"1559","Latvia",1991,63.73
"1560","Latvia",1992,62.64
"1561","Latvia",1993,60.43
"1562","Latvia",1994,59.04
"1563","Latvia",1995,60.04
"1564","Latvia",1996,63.04
"1565","Latvia",1997,63.92
"1566","Latvia",1998,63.5
"1567","Latvia",1999,64.46
"1568","Latvia",2000,64.9
"1569","Latvia",2001,65.2
"1570","Latvia",2002,65.4
"1571","Latvia",2003,65.9
"1572","Latvia",2004,67.1
"1573","Latvia",2005,65.6
"1574","Latvia",2006,65.5
"1575","Latvia",2007,65.8
"1576","Latvia",2008,67.2
"1577","Latvia",2009,68.3
"1578","Latvia",2010,68.8
"1579","Latvia",2011,68.6
"1580","Latvia",2012,68.9
"1581","Latvia",2013,69.3
"1582","Latvia",2014,69.1
"1583","Latvia",2015,69.7
"1584","Latvia",2016,69.7
"1585","Lithuania",1985,65.75
"1586","Lithuania",1986,67.91
"1587","Lithuania",1987,67.72
"1588","Lithuania",1988,67.45
"1589","Lithuania",1989,66.84
"1590","Lithuania",1990,66.39
"1591","Lithuania",1991,65.13
"1592","Lithuania",1992,64.81
"1593","Lithuania",1993,63.13
"1594","Lithuania",1994,62.54
"1595","Lithuania",1995,63.26
"1596","Lithuania",1996,64.63
"1597","Lithuania",1997,65.47
"1598","Lithuania",1998,66
"1599","Lithuania",1999,66.4
"1600","Lithuania",2000,66.8
"1601","Lithuania",2001,66
"1602","Lithuania",2002,66.2
"1603","Lithuania",2003,66.5
"1604","Lithuania",2004,66.4
"1605","Lithuania",2005,65.4
"1606","Lithuania",2006,65.3
"1607","Lithuania",2007,64.9
"1608","Lithuania",2008,66.3
"1609","Lithuania",2009,67.5
"1610","Lithuania",2010,68
"1611","Lithuania",2011,68.1
"1612","Lithuania",2012,68.4
"1613","Lithuania",2013,68.5
"1614","Lithuania",2014,69.2
"1615","Lithuania",2015,69.2
"1616","Lithuania",2016,69.2
"1617","Luxembourg",1985,70.036
"1618","Luxembourg",1986,70.319
"1619","Luxembourg",1987,70.604
"1620","Luxembourg",1988,70.894
"1621","Luxembourg",1989,71.189
"1622","Luxembourg",1990,71.487
"1623","Luxembourg",1991,72
"1624","Luxembourg",1992,72.6
"1625","Luxembourg",1993,72.2
"1626","Luxembourg",1994,73.2
"1627","Luxembourg",1995,73
"1628","Luxembourg",1996,73.3
"1629","Luxembourg",1997,74.1
"1630","Luxembourg",1998,73.7
"1631","Luxembourg",1999,74.6
"1632","Luxembourg",2000,74.8
"1633","Luxembourg",2001,74.8
"1634","Luxembourg",2002,74.6
"1635","Luxembourg",2003,74.8
"1636","Luxembourg",2004,76
"1637","Luxembourg",2005,76.7
"1638","Luxembourg",2006,76.8
"1639","Luxembourg",2007,76.7
"1640","Luxembourg",2008,78.1
"1641","Luxembourg",2009,78.1
"1642","Luxembourg",2010,77.9
"1643","Luxembourg",2011,78.5
"1644","Luxembourg",2012,79.1
"1645","Luxembourg",2013,79.8
"1646","Luxembourg",2014,79.4
"1647","Luxembourg",2015,80
"1648","Luxembourg",2016,80
"1649","Maldives",1985,58.397
"1650","Maldives",1986,59.112
"1651","Maldives",1987,59.795
"1652","Maldives",1988,60.459
"1653","Maldives",1989,61.116
"1654","Maldives",1990,61.776
"1655","Maldives",1991,62.447
"1656","Maldives",1992,63.132
"1657","Maldives",1993,63.832
"1658","Maldives",1994,64.551
"1659","Maldives",1995,65.291
"1660","Maldives",1996,66.051
"1661","Maldives",1997,66.825
"1662","Maldives",1998,67.606
"1663","Maldives",1999,68.39
"1664","Maldives",2000,69.178
"1665","Maldives",2001,69.976
"1666","Maldives",2002,70.78
"1667","Maldives",2003,71.577
"1668","Maldives",2004,72.351
"1669","Maldives",2005,73.069
"1670","Maldives",2006,73.696
"1671","Maldives",2007,74.214
"1672","Maldives",2008,74.619
"1673","Maldives",2009,74.918
"1674","Maldives",2010,75.133
"1675","Maldives",2011,75.299
"1676","Maldives",2012,75.455
"1677","Maldives",2013,75.634
"1678","Maldives",2014,75.851
"1679","Maldives",2015,76.111
"1680","Maldives",2016,76.405
"1681","Malta",1985,73.214
"1682","Malta",1986,73.431
"1683","Malta",1987,73.646
"1684","Malta",1988,73.86
"1685","Malta",1989,74.072
"1686","Malta",1990,74.283
"1687","Malta",1991,74.492
"1688","Malta",1992,74.698
"1689","Malta",1993,74.902
"1690","Malta",1994,75.103
"1691","Malta",1995,74.8
"1692","Malta",1996,74.8
"1693","Malta",1997,75.2
"1694","Malta",1998,74.9
"1695","Malta",1999,75.3
"1696","Malta",2000,76.2
"1697","Malta",2001,76.6
"1698","Malta",2002,76.3
"1699","Malta",2003,76.4
"1700","Malta",2004,77.4
"1701","Malta",2005,77.3
"1702","Malta",2006,77
"1703","Malta",2007,77.5
"1704","Malta",2008,77.1
"1705","Malta",2009,77.9
"1706","Malta",2010,79.3
"1707","Malta",2011,78.6
"1708","Malta",2012,78.6
"1709","Malta",2013,79.6
"1710","Malta",2014,79.8
"1711","Malta",2015,79.7
"1712","Malta",2016,79.7
"1713","Mauritius",1985,64.718
"1714","Mauritius",1986,64.814
"1715","Mauritius",1987,64.936
"1716","Mauritius",1988,65.124
"1717","Mauritius",1989,65.385
"1718","Mauritius",1990,65.6
"1719","Mauritius",1991,66.2
"1720","Mauritius",1992,66.4
"1721","Mauritius",1993,66.4
"1722","Mauritius",1994,66.5
"1723","Mauritius",1995,66.56
"1724","Mauritius",1996,66.44
"1725","Mauritius",1997,66.6
"1726","Mauritius",1998,66.9
"1727","Mauritius",1999,67.4
"1728","Mauritius",2000,68.2
"1729","Mauritius",2001,68.4
"1730","Mauritius",2002,68.6
"1731","Mauritius",2003,68.77333333
"1732","Mauritius",2004,68.94666667
"1733","Mauritius",2005,69.12
"1734","Mauritius",2006,69.12
"1735","Mauritius",2007,69.2
"1736","Mauritius",2008,69.2
"1737","Mauritius",2009,69.38
"1738","Mauritius",2010,69.46
"1739","Mauritius",2011,69.74
"1740","Mauritius",2012,70.4
"1741","Mauritius",2013,70.7
"1742","Mauritius",2014,70.97
"1743","Mauritius",2015,71.08
"1744","Mauritius",2016,71.19
"1745","Mexico",1985,65.597
"1746","Mexico",1986,66.061
"1747","Mexico",1987,66.524
"1748","Mexico",1988,66.986
"1749","Mexico",1989,67.445
"1750","Mexico",1990,67.905
"1751","Mexico",1991,68.37
"1752","Mexico",1992,68.839
"1753","Mexico",1993,69.311
"1754","Mexico",1994,69.778
"1755","Mexico",1995,70.231
"1756","Mexico",1996,70.655
"1757","Mexico",1997,71.043
"1758","Mexico",1998,71.388
"1759","Mexico",1999,71.689
"1760","Mexico",2000,71.949
"1761","Mexico",2001,72.173
"1762","Mexico",2002,72.373
"1763","Mexico",2003,72.558
"1764","Mexico",2004,72.735
"1765","Mexico",2005,72.906
"1766","Mexico",2006,73.071
"1767","Mexico",2007,73.228
"1768","Mexico",2008,73.378
"1769","Mexico",2009,73.522
"1770","Mexico",2010,73.668
"1771","Mexico",2011,73.818
"1772","Mexico",2012,73.977
"1773","Mexico",2013,74.146
"1774","Mexico",2014,74.326
"1775","Mexico",2015,74.516
"1776","Mexico",2016,74.715
"1777","Mongolia",1985,56.096
"1778","Mongolia",1986,56.534
"1779","Mongolia",1987,56.941
"1780","Mongolia",1988,57.291
"1781","Mongolia",1989,57.575
"1782","Mongolia",1990,57.798
"1783","Mongolia",1991,57.978
"1784","Mongolia",1992,58.147
"1785","Mongolia",1993,58.331
"1786","Mongolia",1994,58.539
"1787","Mongolia",1995,58.774
"1788","Mongolia",1996,59.03
"1789","Mongolia",1997,59.295
"1790","Mongolia",1998,59.561
"1791","Mongolia",1999,59.826
"1792","Mongolia",2000,60.09
"1793","Mongolia",2001,60.354
"1794","Mongolia",2002,60.622
"1795","Mongolia",2003,60.9
"1796","Mongolia",2004,61.191
"1797","Mongolia",2005,61.504
"1798","Mongolia",2006,61.849
"1799","Mongolia",2007,62.228
"1800","Mongolia",2008,62.635
"1801","Mongolia",2009,63.061
"1802","Mongolia",2010,63.488
"1803","Mongolia",2011,63.897
"1804","Mongolia",2012,64.269
"1805","Mongolia",2013,64.594
"1806","Mongolia",2014,64.867
"1807","Mongolia",2015,65.091
"1808","Mongolia",2016,65.277
"1809","Montenegro",1985,70.805
"1810","Montenegro",1986,70.921
"1811","Montenegro",1987,71.022
"1812","Montenegro",1988,71.12
"1813","Montenegro",1989,71.217
"1814","Montenegro",1990,71.298
"1815","Montenegro",1991,71.347
"1816","Montenegro",1992,71.347
"1817","Montenegro",1993,71.293
"1818","Montenegro",1994,71.191
"1819","Montenegro",1995,71.051
"1820","Montenegro",1996,70.89
"1821","Montenegro",1997,70.731
"1822","Montenegro",1998,70.598
"1823","Montenegro",1999,70.504
"1824","Montenegro",2000,70.464
"1825","Montenegro",2001,70.483
"1826","Montenegro",2002,70.557
"1827","Montenegro",2003,70.68
"1828","Montenegro",2004,70.854
"1829","Montenegro",2005,71.084
"1830","Montenegro",2006,71.375
"1831","Montenegro",2007,71.72
"1832","Montenegro",2008,72.108
"1833","Montenegro",2009,72.524
"1834","Montenegro",2010,72.945
"1835","Montenegro",2011,73.348
"1836","Montenegro",2012,73.717
"1837","Montenegro",2013,74.04
"1838","Montenegro",2014,74.313
"1839","Montenegro",2015,74.537
"1840","Montenegro",2016,74.723
"1841","Netherlands",1985,73.07
"1842","Netherlands",1986,73.09
"1843","Netherlands",1987,73.51
"1844","Netherlands",1988,73.7
"1845","Netherlands",1989,73.7
"1846","Netherlands",1990,73.8
"1847","Netherlands",1991,74
"1848","Netherlands",1992,74.3
"1849","Netherlands",1993,73.98
"1850","Netherlands",1994,74.58
"1851","Netherlands",1995,74.59
"1852","Netherlands",1996,74.66
"1853","Netherlands",1997,75.17
"1854","Netherlands",1998,75.2
"1855","Netherlands",1999,75.3
"1856","Netherlands",2000,75.5
"1857","Netherlands",2001,75.8
"1858","Netherlands",2002,76
"1859","Netherlands",2003,76.2
"1860","Netherlands",2004,76.9
"1861","Netherlands",2005,77.2
"1862","Netherlands",2006,77.6
"1863","Netherlands",2007,78
"1864","Netherlands",2008,78.3
"1865","Netherlands",2009,78.5
"1866","Netherlands",2010,78.8
"1867","Netherlands",2011,79.4
"1868","Netherlands",2012,79.3
"1869","Netherlands",2013,79.5
"1870","Netherlands",2014,80
"1871","Netherlands",2015,79.9
"1872","Netherlands",2016,79.9
"1873","New Zealand",1985,71
"1874","New Zealand",1986,71
"1875","New Zealand",1987,71.3
"1876","New Zealand",1988,71.4
"1877","New Zealand",1989,71.8
"1878","New Zealand",1990,72.5
"1879","New Zealand",1991,73.3
"1880","New Zealand",1992,73.1
"1881","New Zealand",1993,73.8
"1882","New Zealand",1994,74.2
"1883","New Zealand",1995,74.1
"1884","New Zealand",1996,74.3
"1885","New Zealand",1997,74.7
"1886","New Zealand",1998,75.5
"1887","New Zealand",1999,75.5
"1888","New Zealand",2000,76.1
"1889","New Zealand",2001,76.4
"1890","New Zealand",2002,76.7
"1891","New Zealand",2003,77
"1892","New Zealand",2004,77.5
"1893","New Zealand",2005,77.9
"1894","New Zealand",2006,78
"1895","New Zealand",2007,78.2
"1896","New Zealand",2008,78.4
"1897","New Zealand",2009,78.8
"1898","New Zealand",2010,78.8
"1899","New Zealand",2011,79.1
"1900","New Zealand",2012,79.4
"1901","New Zealand",2013,79.7
"1902","New Zealand",2014,79.6
"1903","New Zealand",2015,79.73
"1904","New Zealand",2016,79.91
"1905","Nicaragua",1985,57.481
"1906","Nicaragua",1986,58.062
"1907","Nicaragua",1987,58.753
"1908","Nicaragua",1988,59.536
"1909","Nicaragua",1989,60.39
"1910","Nicaragua",1990,61.275
"1911","Nicaragua",1991,62.148
"1912","Nicaragua",1992,62.968
"1913","Nicaragua",1993,63.705
"1914","Nicaragua",1994,64.347
"1915","Nicaragua",1995,64.893
"1916","Nicaragua",1996,65.358
"1917","Nicaragua",1997,65.778
"1918","Nicaragua",1998,66.181
"1919","Nicaragua",1999,66.58
"1920","Nicaragua",2000,66.981
"1921","Nicaragua",2001,67.384
"1922","Nicaragua",2002,67.781
"1923","Nicaragua",2003,68.165
"1924","Nicaragua",2004,68.539
"1925","Nicaragua",2005,68.902
"1926","Nicaragua",2006,69.257
"1927","Nicaragua",2007,69.605
"1928","Nicaragua",2008,69.945
"1929","Nicaragua",2009,70.279
"1930","Nicaragua",2010,70.606
"1931","Nicaragua",2011,70.922
"1932","Nicaragua",2012,71.228
"1933","Nicaragua",2013,71.522
"1934","Nicaragua",2014,71.804
"1935","Nicaragua",2015,72.078
"1936","Nicaragua",2016,72.343
"1937","Norway",1985,72.59
"1938","Norway",1986,72.89
"1939","Norway",1987,72.75
"1940","Norway",1988,73.04
"1941","Norway",1989,73.32
"1942","Norway",1990,73.43
"1943","Norway",1991,74.01
"1944","Norway",1992,74.16
"1945","Norway",1993,74.22
"1946","Norway",1994,74.88
"1947","Norway",1995,74.8
"1948","Norway",1996,75.37
"1949","Norway",1997,75.45
"1950","Norway",1998,75.5
"1951","Norway",1999,75.6
"1952","Norway",2000,76
"1953","Norway",2001,76.2
"1954","Norway",2002,76.5
"1955","Norway",2003,77
"1956","Norway",2004,77.5
"1957","Norway",2005,77.7
"1958","Norway",2006,78.1
"1959","Norway",2007,78.2
"1960","Norway",2008,78.3
"1961","Norway",2009,78.6
"1962","Norway",2010,78.9
"1963","Norway",2011,79.1
"1964","Norway",2012,79.5
"1965","Norway",2013,79.8
"1966","Norway",2014,80.1
"1967","Norway",2015,80.5
"1968","Norway",2016,80.9
"1969","Oman",1985,62.166
"1970","Oman",1986,62.877
"1971","Oman",1987,63.554
"1972","Oman",1988,64.197
"1973","Oman",1989,64.811
"1974","Oman",1990,65.398
"1975","Oman",1991,65.961
"1976","Oman",1992,66.504
"1977","Oman",1993,67.031
"1978","Oman",1994,67.544
"1979","Oman",1995,68.045
"1980","Oman",1996,68.534
"1981","Oman",1997,69.01
"1982","Oman",1998,69.471
"1983","Oman",1999,69.919
"1984","Oman",2000,70.354
"1985","Oman",2001,70.778
"1986","Oman",2002,71.191
"1987","Oman",2003,71.591
"1988","Oman",2004,71.978
"1989","Oman",2005,72.348
"1990","Oman",2006,72.698
"1991","Oman",2007,73.024
"1992","Oman",2008,73.327
"1993","Oman",2009,73.609
"1994","Oman",2010,73.873
"1995","Oman",2011,74.123
"1996","Oman",2012,74.363
"1997","Oman",2013,74.6
"1998","Oman",2014,74.837
"1999","Oman",2015,75.075
"2000","Oman",2016,75.314
"2001","Panama",1985,69.134
"2002","Panama",1986,69.342
"2003","Panama",1987,69.551
"2004","Panama",1988,69.764
"2005","Panama",1989,69.985
"2006","Panama",1990,70.216
"2007","Panama",1991,70.462
"2008","Panama",1992,70.72
"2009","Panama",1993,70.986
"2010","Panama",1994,71.255
"2011","Panama",1995,71.522
"2012","Panama",1996,71.782
"2013","Panama",1997,72.027
"2014","Panama",1998,72.254
"2015","Panama",1999,72.46
"2016","Panama",2000,72.641
"2017","Panama",2001,72.797
"2018","Panama",2002,72.93
"2019","Panama",2003,73.048
"2020","Panama",2004,73.154
"2021","Panama",2005,73.257
"2022","Panama",2006,73.36
"2023","Panama",2007,73.471
"2024","Panama",2008,73.592
"2025","Panama",2009,73.729
"2026","Panama",2010,73.883
"2027","Panama",2011,74.055
"2028","Panama",2012,74.241
"2029","Panama",2013,74.438
"2030","Panama",2014,74.643
"2031","Panama",2015,74.855
"2032","Panama",2016,75.071
"2033","Paraguay",1985,65.123
"2034","Paraguay",1986,65.231
"2035","Paraguay",1987,65.354
"2036","Paraguay",1988,65.493
"2037","Paraguay",1989,65.649
"2038","Paraguay",1990,65.817
"2039","Paraguay",1991,65.993
"2040","Paraguay",1992,66.169
"2041","Paraguay",1993,66.345
"2042","Paraguay",1994,66.521
"2043","Paraguay",1995,66.704
"2044","Paraguay",1996,66.905
"2045","Paraguay",1997,67.129
"2046","Paraguay",1998,67.38
"2047","Paraguay",1999,67.654
"2048","Paraguay",2000,67.942
"2049","Paraguay",2001,68.234
"2050","Paraguay",2002,68.515
"2051","Paraguay",2003,68.778
"2052","Paraguay",2004,69.018
"2053","Paraguay",2005,69.238
"2054","Paraguay",2006,69.445
"2055","Paraguay",2007,69.646
"2056","Paraguay",2008,69.848
"2057","Paraguay",2009,70.05
"2058","Paraguay",2010,70.248
"2059","Paraguay",2011,70.432
"2060","Paraguay",2012,70.595
"2061","Paraguay",2013,70.734
"2062","Paraguay",2014,70.849
"2063","Paraguay",2015,70.942
"2064","Paraguay",2016,71.02
"2065","Philippines",1985,61.3
"2066","Philippines",1986,61.617
"2067","Philippines",1987,61.912
"2068","Philippines",1988,62.175
"2069","Philippines",1989,62.404
"2070","Philippines",1990,62.601
"2071","Philippines",1991,62.775
"2072","Philippines",1992,62.94
"2073","Philippines",1993,63.107
"2074","Philippines",1994,63.278
"2075","Philippines",1995,63.452
"2076","Philippines",1996,63.624
"2077","Philippines",1997,63.788
"2078","Philippines",1998,63.936
"2079","Philippines",1999,64.07
"2080","Philippines",2000,64.187
"2081","Philippines",2001,64.29
"2082","Philippines",2002,64.382
"2083","Philippines",2003,64.467
"2084","Philippines",2004,64.55
"2085","Philippines",2005,64.632
"2086","Philippines",2006,64.715
"2087","Philippines",2007,64.802
"2088","Philippines",2008,64.892
"2089","Philippines",2009,64.987
"2090","Philippines",2010,65.089
"2091","Philippines",2011,65.198
"2092","Philippines",2012,65.313
"2093","Philippines",2013,65.433
"2094","Philippines",2014,65.557
"2095","Philippines",2015,65.684
"2096","Philippines",2016,65.812
"2097","Poland",1985,66.5
"2098","Poland",1986,66.8
"2099","Poland",1987,66.8
"2100","Poland",1988,67.2
"2101","Poland",1989,66.8
"2102","Poland",1990,66.5
"2103","Poland",1991,66.1
"2104","Poland",1992,66.7
"2105","Poland",1993,67.4
"2106","Poland",1994,67.5
"2107","Poland",1995,67.6
"2108","Poland",1996,68.1
"2109","Poland",1997,68.5
"2110","Poland",1998,68.9
"2111","Poland",1999,68.8
"2112","Poland",2000,69.7
"2113","Poland",2001,70.2
"2114","Poland",2002,70.4
"2115","Poland",2003,70.5
"2116","Poland",2004,70.7
"2117","Poland",2005,70.8
"2118","Poland",2006,70.9
"2119","Poland",2007,71
"2120","Poland",2008,71.3
"2121","Poland",2009,71.5
"2122","Poland",2010,72.1
"2123","Poland",2011,72.5
"2124","Poland",2012,72.6
"2125","Poland",2013,73
"2126","Poland",2014,73.7
"2127","Poland",2015,73.5
"2128","Poland",2016,73.5
"2129","Portugal",1985,69.4
"2130","Portugal",1986,69.9
"2131","Portugal",1987,70.3
"2132","Portugal",1988,70.3
"2133","Portugal",1989,70.9
"2134","Portugal",1990,70.6
"2135","Portugal",1991,70.6
"2136","Portugal",1992,70.8
"2137","Portugal",1993,71
"2138","Portugal",1994,71.5
"2139","Portugal",1995,71.8
"2140","Portugal",1996,71.7
"2141","Portugal",1997,71.9
"2142","Portugal",1998,72.2
"2143","Portugal",1999,72.5
"2144","Portugal",2000,72.9
"2145","Portugal",2001,73.4
"2146","Portugal",2002,73.7
"2147","Portugal",2003,74
"2148","Portugal",2004,74.5
"2149","Portugal",2005,74.9
"2150","Portugal",2006,75.2
"2151","Portugal",2007,75.2
"2152","Portugal",2008,75.5
"2153","Portugal",2009,75.8
"2154","Portugal",2010,76.1
"2155","Portugal",2011,77.3
"2156","Portugal",2012,77.3
"2157","Portugal",2013,77.6
"2158","Portugal",2014,78
"2159","Portugal",2015,78.1
"2160","Portugal",2016,78.2
"2161","Puerto Rico",1985,70.637
"2162","Puerto Rico",1986,70.596
"2163","Puerto Rico",1987,70.49
"2164","Puerto Rico",1988,70.318
"2165","Puerto Rico",1989,70.097
"2166","Puerto Rico",1990,69.856
"2167","Puerto Rico",1991,69.631
"2168","Puerto Rico",1992,69.461
"2169","Puerto Rico",1993,69.376
"2170","Puerto Rico",1994,69.393
"2171","Puerto Rico",1995,69.528
"2172","Puerto Rico",1996,69.782
"2173","Puerto Rico",1997,70.132
"2174","Puerto Rico",1998,70.548
"2175","Puerto Rico",1999,71.008
"2176","Puerto Rico",2000,72.66
"2177","Puerto Rico",2001,72.94
"2178","Puerto Rico",2002,73.58
"2179","Puerto Rico",2003,74.12
"2180","Puerto Rico",2004,74.21
"2181","Puerto Rico",2005,74.34
"2182","Puerto Rico",2006,74.47
"2183","Puerto Rico",2007,74.46
"2184","Puerto Rico",2008,74.023
"2185","Puerto Rico",2009,74.262
"2186","Puerto Rico",2010,74.515
"2187","Puerto Rico",2011,74.779
"2188","Puerto Rico",2012,75.043
"2189","Puerto Rico",2013,75.303
"2190","Puerto Rico",2014,75.555
"2191","Puerto Rico",2015,75.801
"2192","Puerto Rico",2016,76.041
"2193","Qatar",1985,73.14
"2194","Qatar",1986,73.359
"2195","Qatar",1987,73.564
"2196","Qatar",1988,73.755
"2197","Qatar",1989,73.934
"2198","Qatar",1990,74.102
"2199","Qatar",1991,74.26
"2200","Qatar",1992,74.407
"2201","Qatar",1993,74.544
"2202","Qatar",1994,74.675
"2203","Qatar",1995,74.799
"2204","Qatar",1996,74.919
"2205","Qatar",1997,75.036
"2206","Qatar",1998,75.15
"2207","Qatar",1999,75.261
"2208","Qatar",2000,75.365
"2209","Qatar",2001,75.459
"2210","Qatar",2002,75.542
"2211","Qatar",2003,75.613
"2212","Qatar",2004,75.679
"2213","Qatar",2005,75.746
"2214","Qatar",2006,75.826
"2215","Qatar",2007,75.925
"2216","Qatar",2008,76.047
"2217","Qatar",2009,76.193
"2218","Qatar",2010,76.36
"2219","Qatar",2011,76.541
"2220","Qatar",2012,76.727
"2221","Qatar",2013,76.909
"2222","Qatar",2014,77.084
"2223","Qatar",2015,77.251
"2224","Qatar",2016,77.411
"2225","Romania",1985,66.78
"2226","Romania",1986,66.55
"2227","Romania",1987,66.3
"2228","Romania",1988,66.51
"2229","Romania",1989,66.56
"2230","Romania",1990,66.59
"2231","Romania",1991,66.56
"2232","Romania",1992,66.56
"2233","Romania",1993,66.1
"2234","Romania",1994,65.9
"2235","Romania",1995,65.7
"2236","Romania",1996,65.3
"2237","Romania",1997,65.2
"2238","Romania",1998,66.1
"2239","Romania",1999,67
"2240","Romania",2000,67.7
"2241","Romania",2001,67.6
"2242","Romania",2002,67.4
"2243","Romania",2003,67.7
"2244","Romania",2004,68.0333
"2245","Romania",2005,68.3667
"2246","Romania",2006,68.7
"2247","Romania",2007,69.2
"2248","Romania",2008,69.2
"2249","Romania",2009,69.7
"2250","Romania",2010,69.8
"2251","Romania",2011,70.8
"2252","Romania",2012,70.9
"2253","Romania",2013,71.6
"2254","Romania",2014,71.4
"2255","Romania",2015,71.5
"2256","Romania",2016,71.5
"2257","Russian Federation",1985,62.73
"2258","Russian Federation",1986,64.78
"2259","Russian Federation",1987,64.84
"2260","Russian Federation",1988,64.64
"2261","Russian Federation",1989,64.24
"2262","Russian Federation",1990,63.73
"2263","Russian Federation",1991,63.45
"2264","Russian Federation",1992,62
"2265","Russian Federation",1993,58.97
"2266","Russian Federation",1994,57.55
"2267","Russian Federation",1995,58.12
"2268","Russian Federation",1996,59.62
"2269","Russian Federation",1997,60.85
"2270","Russian Federation",1998,61.22
"2271","Russian Federation",1999,59.87
"2272","Russian Federation",2000,59.03
"2273","Russian Federation",2001,58.92
"2274","Russian Federation",2002,58.68
"2275","Russian Federation",2003,58.56
"2276","Russian Federation",2004,58.91
"2277","Russian Federation",2005,58.92
"2278","Russian Federation",2006,60.43
"2279","Russian Federation",2007,61.46
"2280","Russian Federation",2008,61.92
"2281","Russian Federation",2009,62.87
"2282","Russian Federation",2010,63.09
"2283","Russian Federation",2011,64.04
"2284","Russian Federation",2012,64.56
"2285","Russian Federation",2013,65.13
"2286","Russian Federation",2014,65.29
"2287","Russian Federation",2015,65.9
"2288","Russian Federation",2016,66.51
"2289","San Marino",2012,84.1
"2290","Seychelles",1985,63.6
"2291","Seychelles",1986,64.9
"2292","Seychelles",1987,63.7
"2293","Seychelles",1988,64.8
"2294","Seychelles",1989,62.8
"2295","Seychelles",1990,62.4
"2296","Seychelles",1991,65.2
"2297","Seychelles",1992,65.8
"2298","Seychelles",1993,64.2
"2299","Seychelles",1994,65.9
"2300","Seychelles",1995,65.8
"2301","Seychelles",1996,66
"2302","Seychelles",1997,65.7
"2303","Seychelles",1998,67.6
"2304","Seychelles",1999,67.4
"2305","Seychelles",2000,67.9
"2306","Seychelles",2001,67.4
"2307","Seychelles",2002,66.6
"2308","Seychelles",2003,66.2
"2309","Seychelles",2004,69.1
"2310","Seychelles",2005,67.4
"2311","Seychelles",2006,68.9
"2312","Seychelles",2007,68.9
"2313","Seychelles",2008,67.7
"2314","Seychelles",2009,68.4
"2315","Seychelles",2010,69.1
"2316","Seychelles",2011,67.7
"2317","Seychelles",2012,69.3
"2318","Seychelles",2013,69.9
"2319","Seychelles",2014,68.4
"2320","Seychelles",2015,70.1
"2321","Seychelles",2016,68.7
"2322","Singapore",1985,71.5
"2323","Singapore",1986,72.1
"2324","Singapore",1987,72.5
"2325","Singapore",1988,72.6
"2326","Singapore",1989,72.8
"2327","Singapore",1990,73.1
"2328","Singapore",1991,73.5
"2329","Singapore",1992,73.8
"2330","Singapore",1993,73.9
"2331","Singapore",1994,74.1
"2332","Singapore",1995,74.1
"2333","Singapore",1996,74.4
"2334","Singapore",1997,74.8
"2335","Singapore",1998,75.3
"2336","Singapore",1999,75.6
"2337","Singapore",2000,76
"2338","Singapore",2001,76.3
"2339","Singapore",2002,76.6
"2340","Singapore",2003,76.6
"2341","Singapore",2004,77.1
"2342","Singapore",2005,77.6
"2343","Singapore",2006,77.8
"2344","Singapore",2007,78.1
"2345","Singapore",2008,78.4
"2346","Singapore",2009,78.9
"2347","Singapore",2010,79.2
"2348","Singapore",2011,79.5
"2349","Singapore",2012,79.8
"2350","Singapore",2013,80.1
"2351","Singapore",2014,80.3
"2352","Singapore",2015,80.5
"2353","Singapore",2016,80.6
"2354","Slovenia",1985,67.4
"2355","Slovenia",1986,67.9
"2356","Slovenia",1987,68.1
"2357","Slovenia",1988,68.3
"2358","Slovenia",1989,68.9
"2359","Slovenia",1990,69.4
"2360","Slovenia",1991,69.5
"2361","Slovenia",1992,69.5
"2362","Slovenia",1993,69.4
"2363","Slovenia",1994,69.6
"2364","Slovenia",1995,70.3
"2365","Slovenia",1996,70.8
"2366","Slovenia",1997,71
"2367","Slovenia",1998,71.1
"2368","Slovenia",1999,71.4
"2369","Slovenia",2000,71.9
"2370","Slovenia",2001,72.1
"2371","Slovenia",2002,72.3
"2372","Slovenia",2003,73.2
"2373","Slovenia",2004,73.5
"2374","Slovenia",2005,74.1
"2375","Slovenia",2006,74.55
"2376","Slovenia",2007,75
"2377","Slovenia",2008,75.4
"2378","Slovenia",2009,75.8
"2379","Slovenia",2010,76.3
"2380","Slovenia",2011,76.8
"2381","Slovenia",2012,77.1
"2382","Slovenia",2013,77.2
"2383","Slovenia",2014,78.2
"2384","Slovenia",2015,77.8
"2385","Slovenia",2016,77.8
"2386","South Africa",1985,56.291
"2387","South Africa",1986,56.792
"2388","South Africa",1987,57.298
"2389","South Africa",1988,57.771
"2390","South Africa",1989,58.18
"2391","South Africa",1990,58.483
"2392","South Africa",1991,58.645
"2393","South Africa",1992,58.653
"2394","South Africa",1993,58.499
"2395","South Africa",1994,58.182
"2396","South Africa",1995,57.688
"2397","South Africa",1996,57.012
"2398","South Africa",1997,56.187
"2399","South Africa",1998,55.263
"2400","South Africa",1999,54.291
"2401","South Africa",2000,53.321
"2402","South Africa",2001,52.401
"2403","South Africa",2002,51.573
"2404","South Africa",2003,50.888
"2405","South Africa",2004,50.393
"2406","South Africa",2005,50.15
"2407","South Africa",2006,50.209
"2408","South Africa",2007,50.558
"2409","South Africa",2008,51.167
"2410","South Africa",2009,52.002
"2411","South Africa",2010,53.014
"2412","South Africa",2011,54.144
"2413","South Africa",2012,55.317
"2414","South Africa",2013,56.463
"2415","South Africa",2014,57.526
"2416","South Africa",2015,58.458
"2417","South Africa",2016,59.231
"2418","Spain",1985,73.04
"2419","Spain",1986,73.33
"2420","Spain",1987,73.45
"2421","Spain",1988,73.43
"2422","Spain",1989,73.36
"2423","Spain",1990,73.34
"2424","Spain",1991,73.42
"2425","Spain",1992,73.81
"2426","Spain",1993,74.01
"2427","Spain",1994,74.36
"2428","Spain",1995,74.41
"2429","Spain",1996,74.54
"2430","Spain",1997,75.17
"2431","Spain",1998,75.3
"2432","Spain",1999,75.4
"2433","Spain",2000,75.6
"2434","Spain",2001,76.1
"2435","Spain",2002,76.3
"2436","Spain",2003,76.4
"2437","Spain",2004,76.7
"2438","Spain",2005,77
"2439","Spain",2006,77.7
"2440","Spain",2007,77.8
"2441","Spain",2008,78.2
"2442","Spain",2009,78.5
"2443","Spain",2010,78.7
"2444","Spain",2011,79.5
"2445","Spain",2012,79.5
"2446","Spain",2013,80.2
"2447","Spain",2014,80.4
"2448","Spain",2015,80.1
"2449","Spain",2016,80.1
"2450","Sri Lanka",1985,66.287
"2451","Sri Lanka",1986,66.125
"2452","Sri Lanka",1987,66.029
"2453","Sri Lanka",1988,66.031
"2454","Sri Lanka",1989,66.132
"2455","Sri Lanka",1990,66.285
"2456","Sri Lanka",1991,66.416
"2457","Sri Lanka",1992,66.461
"2458","Sri Lanka",1993,66.393
"2459","Sri Lanka",1994,66.232
"2460","Sri Lanka",1995,66.048
"2461","Sri Lanka",1996,65.946
"2462","Sri Lanka",1997,66.014
"2463","Sri Lanka",1998,66.3
"2464","Sri Lanka",1999,66.8
"2465","Sri Lanka",2000,67.467
"2466","Sri Lanka",2001,68.217
"2467","Sri Lanka",2002,68.943
"2468","Sri Lanka",2003,69.562
"2469","Sri Lanka",2004,70.038
"2470","Sri Lanka",2005,70.36
"2471","Sri Lanka",2006,70.548
"2472","Sri Lanka",2007,70.66
"2473","Sri Lanka",2008,70.748
"2474","Sri Lanka",2009,70.834
"2475","Sri Lanka",2010,70.934
"2476","Sri Lanka",2011,71.057
"2477","Sri Lanka",2012,71.197
"2478","Sri Lanka",2013,71.351
"2479","Sri Lanka",2014,71.521
"2480","Sri Lanka",2015,71.707
"2481","Sri Lanka",2016,71.906
"2482","Suriname",1985,63.832
"2483","Suriname",1986,63.904
"2484","Suriname",1987,63.975
"2485","Suriname",1988,64.05
"2486","Suriname",1989,64.132
"2487","Suriname",1990,64.217
"2488","Suriname",1991,64.3
"2489","Suriname",1992,64.374
"2490","Suriname",1993,64.435
"2491","Suriname",1994,64.483
"2492","Suriname",1995,64.515
"2493","Suriname",1996,64.528
"2494","Suriname",1997,64.527
"2495","Suriname",1998,64.523
"2496","Suriname",1999,64.526
"2497","Suriname",2000,64.556
"2498","Suriname",2001,64.631
"2499","Suriname",2002,64.763
"2500","Suriname",2003,64.955
"2501","Suriname",2004,65.205
"2502","Suriname",2005,65.506
"2503","Suriname",2006,65.846
"2504","Suriname",2007,66.203
"2505","Suriname",2008,66.556
"2506","Suriname",2009,66.891
"2507","Suriname",2010,67.194
"2508","Suriname",2011,67.456
"2509","Suriname",2012,67.68
"2510","Suriname",2013,67.87
"2511","Suriname",2014,68.026
"2512","Suriname",2015,68.154
"2513","Suriname",2016,68.261
"2514","Sweden",1985,73.78
"2515","Sweden",1986,73.98
"2516","Sweden",1987,74.18
"2517","Sweden",1988,74.15
"2518","Sweden",1989,74.8
"2519","Sweden",1990,74.81
"2520","Sweden",1991,74.94
"2521","Sweden",1992,75.35
"2522","Sweden",1993,75.48
"2523","Sweden",1994,76.06
"2524","Sweden",1995,76.16
"2525","Sweden",1996,76.52
"2526","Sweden",1997,76.7
"2527","Sweden",1998,76.9
"2528","Sweden",1999,77.1
"2529","Sweden",2000,77.4
"2530","Sweden",2001,77.6
"2531","Sweden",2002,77.7
"2532","Sweden",2003,77.9
"2533","Sweden",2004,78.4
"2534","Sweden",2005,78.4
"2535","Sweden",2006,78.7
"2536","Sweden",2007,78.9
"2537","Sweden",2008,79.1
"2538","Sweden",2009,79.4
"2539","Sweden",2010,79.5
"2540","Sweden",2011,79.9
"2541","Sweden",2012,79.9
"2542","Sweden",2013,80.2
"2543","Sweden",2014,80.4
"2544","Sweden",2015,80.4
"2545","Sweden",2016,80.4
"2546","Switzerland",1985,73.48
"2547","Switzerland",1986,73.66
"2548","Switzerland",1987,73.9
"2549","Switzerland",1988,73.89
"2550","Switzerland",1989,74.07
"2551","Switzerland",1990,73.94
"2552","Switzerland",1991,74.1
"2553","Switzerland",1992,74.45
"2554","Switzerland",1993,74.9
"2555","Switzerland",1994,75.15
"2556","Switzerland",1995,75.3
"2557","Switzerland",1996,75.94
"2558","Switzerland",1997,76.26
"2559","Switzerland",1998,76.3
"2560","Switzerland",1999,76.8
"2561","Switzerland",2000,76.9
"2562","Switzerland",2001,77.4
"2563","Switzerland",2002,77.8
"2564","Switzerland",2003,78
"2565","Switzerland",2004,78.6
"2566","Switzerland",2005,78.7
"2567","Switzerland",2006,79.1
"2568","Switzerland",2007,79.4
"2569","Switzerland",2008,79.7
"2570","Switzerland",2009,79.8
"2571","Switzerland",2010,80.1
"2572","Switzerland",2011,80.5
"2573","Switzerland",2012,80.6
"2574","Switzerland",2013,80.7
"2575","Switzerland",2014,81.1
"2576","Switzerland",2015,80.8
"2577","Switzerland",2016,80.8
"2578","Thailand",1985,65.039
"2579","Thailand",1986,65.776
"2580","Thailand",1987,66.386
"2581","Thailand",1988,66.828
"2582","Thailand",1989,67.089
"2583","Thailand",1990,67.175
"2584","Thailand",1991,67.117
"2585","Thailand",1992,66.976
"2586","Thailand",1993,66.815
"2587","Thailand",1994,66.668
"2588","Thailand",1995,66.565
"2589","Thailand",1996,66.523
"2590","Thailand",1997,66.538
"2591","Thailand",1998,66.608
"2592","Thailand",1999,66.738
"2593","Thailand",2000,66.937
"2594","Thailand",2001,67.211
"2595","Thailand",2002,67.548
"2596","Thailand",2003,67.931
"2597","Thailand",2004,68.345
"2598","Thailand",2005,68.767
"2599","Thailand",2006,69.174
"2600","Thailand",2007,69.549
"2601","Thailand",2008,69.881
"2602","Thailand",2009,70.164
"2603","Thailand",2010,70.402
"2604","Thailand",2011,70.603
"2605","Thailand",2012,70.789
"2606","Thailand",2013,70.974
"2607","Thailand",2014,71.166
"2608","Thailand",2015,71.368
"2609","Thailand",2016,71.581
"2610","Trinidad and Tobago",1985,64.764
"2611","Trinidad and Tobago",1986,64.859
"2612","Trinidad and Tobago",1987,64.96
"2613","Trinidad and Tobago",1988,65.062
"2614","Trinidad and Tobago",1989,65.159
"2615","Trinidad and Tobago",1990,65.239
"2616","Trinidad and Tobago",1991,65.294
"2617","Trinidad and Tobago",1992,65.317
"2618","Trinidad and Tobago",1993,65.309
"2619","Trinidad and Tobago",1994,65.272
"2620","Trinidad and Tobago",1995,65.214
"2621","Trinidad and Tobago",1996,65.144
"2622","Trinidad and Tobago",1997,65.077
"2623","Trinidad and Tobago",1998,65.024
"2624","Trinidad and Tobago",1999,64.994
"2625","Trinidad and Tobago",2000,64.994
"2626","Trinidad and Tobago",2001,65.027
"2627","Trinidad and Tobago",2002,65.088
"2628","Trinidad and Tobago",2003,65.175
"2629","Trinidad and Tobago",2004,65.285
"2630","Trinidad and Tobago",2005,65.42
"2631","Trinidad and Tobago",2006,65.581
"2632","Trinidad and Tobago",2007,65.763
"2633","Trinidad and Tobago",2008,65.961
"2634","Trinidad and Tobago",2009,66.168
"2635","Trinidad and Tobago",2010,66.374
"2636","Trinidad and Tobago",2011,66.57
"2637","Trinidad and Tobago",2012,66.749
"2638","Trinidad and Tobago",2013,66.909
"2639","Trinidad and Tobago",2014,67.046
"2640","Trinidad and Tobago",2015,67.163
"2641","Trinidad and Tobago",2016,67.264
"2642","Turkey",1985,58.252
"2643","Turkey",1986,58.793
"2644","Turkey",1987,59.308
"2645","Turkey",1988,59.796
"2646","Turkey",1989,60.263
"2647","Turkey",1990,60.716
"2648","Turkey",1991,61.167
"2649","Turkey",1992,61.629
"2650","Turkey",1993,62.114
"2651","Turkey",1994,62.628
"2652","Turkey",1995,63.179
"2653","Turkey",1996,63.775
"2654","Turkey",1997,64.407
"2655","Turkey",1998,65.063
"2656","Turkey",1999,65.731
"2657","Turkey",2000,66.393
"2658","Turkey",2001,67.028
"2659","Turkey",2002,67.621
"2660","Turkey",2003,68.162
"2661","Turkey",2004,68.645
"2662","Turkey",2005,69.073
"2663","Turkey",2006,69.454
"2664","Turkey",2007,69.803
"2665","Turkey",2008,70.136
"2666","Turkey",2009,70.459
"2667","Turkey",2010,70.776
"2668","Turkey",2011,71.086
"2669","Turkey",2012,71.388
"2670","Turkey",2013,71.678
"2671","Turkey",2014,71.958
"2672","Turkey",2015,72.231
"2673","Turkey",2016,72.498
"2674","Turkmenistan",1985,58.855
"2675","Turkmenistan",1986,59.038
"2676","Turkmenistan",1987,59.15
"2677","Turkmenistan",1988,59.191
"2678","Turkmenistan",1989,59.169
"2679","Turkmenistan",1990,59.1
"2680","Turkmenistan",1991,59.005
"2681","Turkmenistan",1992,58.913
"2682","Turkmenistan",1993,58.847
"2683","Turkmenistan",1994,58.823
"2684","Turkmenistan",1995,58.85
"2685","Turkmenistan",1996,58.93
"2686","Turkmenistan",1997,59.052
"2687","Turkmenistan",1998,59.209
"2688","Turkmenistan",1999,59.399
"2689","Turkmenistan",2000,59.624
"2690","Turkmenistan",2001,59.888
"2691","Turkmenistan",2002,60.188
"2692","Turkmenistan",2003,60.52
"2693","Turkmenistan",2004,60.878
"2694","Turkmenistan",2005,61.255
"2695","Turkmenistan",2006,61.647
"2696","Turkmenistan",2007,62.044
"2697","Turkmenistan",2008,62.436
"2698","Turkmenistan",2009,62.813
"2699","Turkmenistan",2010,63.161
"2700","Turkmenistan",2011,63.469
"2701","Turkmenistan",2012,63.734
"2702","Turkmenistan",2013,63.956
"2703","Turkmenistan",2014,64.138
"2704","Turkmenistan",2015,64.283
"2705","Turkmenistan",2016,64.401
"2706","Ukraine",1985,65.186
"2707","Ukraine",1986,65.481
"2708","Ukraine",1987,66.3
"2709","Ukraine",1988,66.4
"2710","Ukraine",1989,66.1
"2711","Ukraine",1990,65.6
"2712","Ukraine",1991,64
"2713","Ukraine",1992,64.2
"2714","Ukraine",1993,63.5
"2715","Ukraine",1994,62.78
"2716","Ukraine",1995,61.82
"2717","Ukraine",1996,61.4
"2718","Ukraine",1997,61.91
"2719","Ukraine",1998,62.74
"2720","Ukraine",1999,62.95
"2721","Ukraine",2000,62.44
"2722","Ukraine",2001,62.77
"2723","Ukraine",2002,62.7
"2724","Ukraine",2003,62.64
"2725","Ukraine",2004,62.6
"2726","Ukraine",2005,62.23
"2727","Ukraine",2006,62.38
"2728","Ukraine",2007,62.51
"2729","Ukraine",2008,62.51
"2730","Ukraine",2009,63.79
"2731","Ukraine",2010,65.28
"2732","Ukraine",2011,65.98
"2733","Ukraine",2012,66.11
"2734","Ukraine",2013,66.34
"2735","Ukraine",2014,66.25
"2736","Ukraine",2015,66.37
"2737","Ukraine",2016,66.73
"2738","United Arab Emirates",1985,68.817
"2739","United Arab Emirates",1986,69.209
"2740","United Arab Emirates",1987,69.581
"2741","United Arab Emirates",1988,69.936
"2742","United Arab Emirates",1989,70.276
"2743","United Arab Emirates",1990,70.603
"2744","United Arab Emirates",1991,70.919
"2745","United Arab Emirates",1992,71.225
"2746","United Arab Emirates",1993,71.524
"2747","United Arab Emirates",1994,71.816
"2748","United Arab Emirates",1995,72.103
"2749","United Arab Emirates",1996,72.384
"2750","United Arab Emirates",1997,72.66
"2751","United Arab Emirates",1998,72.928
"2752","United Arab Emirates",1999,73.191
"2753","United Arab Emirates",2000,73.448
"2754","United Arab Emirates",2001,73.702
"2755","United Arab Emirates",2002,73.951
"2756","United Arab Emirates",2003,74.197
"2757","United Arab Emirates",2004,74.438
"2758","United Arab Emirates",2005,74.67
"2759","United Arab Emirates",2006,74.892
"2760","United Arab Emirates",2007,75.102
"2761","United Arab Emirates",2008,75.297
"2762","United Arab Emirates",2009,75.48
"2763","United Arab Emirates",2010,75.65
"2764","United Arab Emirates",2011,75.811
"2765","United Arab Emirates",2012,75.965
"2766","United Arab Emirates",2013,76.115
"2767","United Arab Emirates",2014,76.264
"2768","United Arab Emirates",2015,76.414
"2769","United Arab Emirates",2016,76.565
"2770","United Kingdom",1985,71.8
"2771","United Kingdom",1986,72.1
"2772","United Kingdom",1987,72.5
"2773","United Kingdom",1988,72.6
"2774","United Kingdom",1989,72.9
"2775","United Kingdom",1990,73.1
"2776","United Kingdom",1991,73.4
"2777","United Kingdom",1992,73.8
"2778","United Kingdom",1993,73.8
"2779","United Kingdom",1994,74.3
"2780","United Kingdom",1995,74.3
"2781","United Kingdom",1996,74.6
"2782","United Kingdom",1997,74.65
"2783","United Kingdom",1998,74.8
"2784","United Kingdom",1999,75
"2785","United Kingdom",2000,75.4
"2786","United Kingdom",2001,75.7
"2787","United Kingdom",2002,75.9
"2788","United Kingdom",2003,76.3
"2789","United Kingdom",2004,76.6
"2790","United Kingdom",2005,77
"2791","United Kingdom",2006,77.2
"2792","United Kingdom",2007,77.4
"2793","United Kingdom",2008,77.6
"2794","United Kingdom",2009,78.1
"2795","United Kingdom",2010,78.5
"2796","United Kingdom",2011,79
"2797","United Kingdom",2012,79.1
"2798","United Kingdom",2013,79.2
"2799","United Kingdom",2014,79.5
"2800","United Kingdom",2015,79.2
"2801","United Kingdom",2016,79.2
"2802","United States",1985,71.1
"2803","United States",1986,71.2
"2804","United States",1987,71.4
"2805","United States",1988,71.4
"2806","United States",1989,71.7
"2807","United States",1990,71.8
"2808","United States",1991,72
"2809","United States",1992,72.3
"2810","United States",1993,72.2
"2811","United States",1994,72.4
"2812","United States",1995,72.5
"2813","United States",1996,73.1
"2814","United States",1997,73.6
"2815","United States",1998,73.8
"2816","United States",1999,73.9
"2817","United States",2000,74.1
"2818","United States",2001,74.3
"2819","United States",2002,74.4
"2820","United States",2003,74.5
"2821","United States",2004,75
"2822","United States",2005,75
"2823","United States",2006,75.2
"2824","United States",2007,75.5
"2825","United States",2008,75.6
"2826","United States",2009,76
"2827","United States",2010,76.2
"2828","United States",2011,76.3
"2829","United States",2012,76.4
"2830","United States",2013,76.4
"2831","United States",2014,76.5
"2832","United States",2015,76.3
"2833","United States",2016,76.3
"2834","Uruguay",1985,68.142
"2835","Uruguay",1986,68.322
"2836","Uruguay",1987,68.48
"2837","Uruguay",1988,68.621
"2838","Uruguay",1989,68.752
"2839","Uruguay",1990,68.881
"2840","Uruguay",1991,69.021
"2841","Uruguay",1992,69.179
"2842","Uruguay",1993,69.359
"2843","Uruguay",1994,69.566
"2844","Uruguay",1995,69.796
"2845","Uruguay",1996,70.045
"2846","Uruguay",1997,70.305
"2847","Uruguay",1998,70.565
"2848","Uruguay",1999,70.82
"2849","Uruguay",2000,71.065
"2850","Uruguay",2001,71.298
"2851","Uruguay",2002,71.518
"2852","Uruguay",2003,71.725
"2853","Uruguay",2004,71.921
"2854","Uruguay",2005,72.103
"2855","Uruguay",2006,72.273
"2856","Uruguay",2007,72.433
"2857","Uruguay",2008,72.585
"2858","Uruguay",2009,72.734
"2859","Uruguay",2010,72.881
"2860","Uruguay",2011,73.03
"2861","Uruguay",2012,73.183
"2862","Uruguay",2013,73.341
"2863","Uruguay",2014,73.506
"2864","Uruguay",2015,73.677
"2865","Uruguay",2016,73.854
"2866","Uzbekistan",1985,62.865
"2867","Uzbekistan",1986,63.139
"2868","Uzbekistan",1987,63.332
"2869","Uzbekistan",1988,63.438
"2870","Uzbekistan",1989,63.462
"2871","Uzbekistan",1990,63.421
"2872","Uzbekistan",1991,63.341
"2873","Uzbekistan",1992,63.259
"2874","Uzbekistan",1993,63.204
"2875","Uzbekistan",1994,63.192
"2876","Uzbekistan",1995,63.232
"2877","Uzbekistan",1996,63.322
"2878","Uzbekistan",1997,63.447
"2879","Uzbekistan",1998,63.595
"2880","Uzbekistan",1999,63.765
"2881","Uzbekistan",2000,63.955
"2882","Uzbekistan",2001,64.166
"2883","Uzbekistan",2002,64.399
"2884","Uzbekistan",2003,64.653
"2885","Uzbekistan",2004,64.93
"2886","Uzbekistan",2005,65.234
"2887","Uzbekistan",2006,65.573
"2888","Uzbekistan",2007,65.947
"2889","Uzbekistan",2008,66.347
"2890","Uzbekistan",2009,66.761
"2891","Uzbekistan",2010,67.166
"2892","Uzbekistan",2011,67.54
"2893","Uzbekistan",2012,67.864
"2894","Uzbekistan",2013,68.128
"2895","Uzbekistan",2014,68.329
"2896","Uzbekistan",2015,68.473
"2897","Uzbekistan",2016,68.572
