"","Country","Year","Marriage","Divorce"
"1","Australia",1990,6.9,2.5
"2","Australia",1991,6.6,2.6
"3","Australia",1992,6.6,2.6
"4","Australia",1993,6.4,2.7
"5","Australia",1994,6.2,2.7
"6","Australia",1995,6.1,2.8
"7","Australia",1996,5.8,2.9
"8","Australia",1997,5.8,2.8
"9","Australia",1998,5.9,2.7
"10","Australia",1999,6,2.8
"11","Australia",2000,5.9,2.6
"12","Australia",2001,5.3,2.8
"13","Australia",2002,5.4,2.7
"14","Australia",2003,5.3,2.7
"15","Australia",2004,5.5,2.6
"16","Australia",2005,5.4,2.6
"17","Australia",2006,5.5,2.5
"18","Australia",2007,5.5,2.3
"19","Australia",2008,5.5,2.2
"20","Australia",2009,5.5,2.3
"21","Australia",2010,5.4,2.3
"22","Australia",2011,5.4,2.2
"23","Australia",2012,5.4,2.2
"24","Australia",2013,5.1,2.1
"25","Australia",2014,5.2,2
"26","Australia",2015,4.8,2
"27","Australia",2016,4.9,1.9
"28","Austria",1990,5.9,2.1
"29","Austria",1991,5.7,2.1
"30","Austria",1992,5.8,2.1
"31","Austria",1993,5.7,2.1
"32","Austria",1994,5.5,2.1
"33","Austria",1995,5.4,2.3
"34","Austria",1996,5.3,2.3
"35","Austria",1997,5.2,2.3
"36","Austria",1998,4.9,2.2
"37","Austria",1999,4.9,2.3
"38","Austria",2000,4.9,2.4
"39","Austria",2001,4.3,2.6
"40","Austria",2002,4.5,2.5
"41","Austria",2003,4.6,2.3
"42","Austria",2004,4.7,2.4
"43","Austria",2005,4.8,2.4
"44","Austria",2006,4.5,2.5
"45","Austria",2007,4.3,2.5
"46","Austria",2008,4.2,2.4
"47","Austria",2009,4.3,2.3
"48","Austria",2010,4.5,2.1
"49","Austria",2011,4.3,2.1
"50","Austria",2012,4.6,2
"51","Austria",2013,4.3,1.9
"52","Austria",2014,4.4,1.9
"53","Austria",2015,5.1,1.9
"54","Austria",2016,5.1,1.8
"55","Belgium",1990,6.5,2
"56","Belgium",1991,6.1,2.1
"57","Belgium",1992,5.8,2.2
"58","Belgium",1993,5.4,2.1
"59","Belgium",1994,5.1,2.2
"60","Belgium",1995,5.1,3.5
"61","Belgium",1996,5,2.8
"62","Belgium",1997,4.7,2.6
"63","Belgium",1998,4.4,2.6
"64","Belgium",1999,4.3,2.6
"65","Belgium",2000,4.4,2.6
"66","Belgium",2001,4.1,2.8
"67","Belgium",2002,3.9,3
"68","Belgium",2003,4,3
"69","Belgium",2004,4.2,3
"70","Belgium",2005,4.1,2.9
"71","Belgium",2006,4.2,2.8
"72","Belgium",2007,4.3,2.8
"73","Belgium",2008,4.3,3.3
"74","Belgium",2009,4,3
"75","Belgium",2010,3.9,2.7
"76","Belgium",2011,3.7,2.5
"77","Belgium",2012,3.8,2.3
"78","Belgium",2013,3.4,2.2
"79","Belgium",2014,3.6,2.2
"80","Belgium",2015,4,2.2
"81","Belgium",2016,3.9,2.1
"82","Bulgaria",1990,6.9,1.3
"83","Bulgaria",1991,5.7,1.3
"84","Bulgaria",1992,5.2,1.1
"85","Bulgaria",1993,4.7,0.9
"86","Bulgaria",1994,4.5,0.9
"87","Bulgaria",1995,4.4,1.3
"88","Bulgaria",1996,4.3,1.2
"89","Bulgaria",1997,4.2,1.1
"90","Bulgaria",1998,4.3,1.3
"91","Bulgaria",1999,4.1,1.2
"92","Bulgaria",2000,4.3,1.3
"93","Bulgaria",2001,4,1.3
"94","Bulgaria",2002,3.7,1.3
"95","Bulgaria",2003,3.9,1.5
"96","Bulgaria",2004,4,1.9
"97","Bulgaria",2005,4.4,1.9
"98","Bulgaria",2006,4.3,2
"99","Bulgaria",2007,3.9,2.2
"100","Bulgaria",2008,3.7,1.9
"101","Bulgaria",2009,3.5,1.6
"102","Bulgaria",2010,3.3,1.5
"103","Bulgaria",2011,2.9,1.4
"104","Bulgaria",2012,2.9,1.6
"105","Bulgaria",2013,3,1.5
"106","Bulgaria",2014,3.4,1.5
"107","Bulgaria",2015,3.9,1.5
"108","Bulgaria",2016,3.8,1.5
"109","Canada",1990,6.8,2.8
"110","Canada",1991,6.1,2.8
"111","Canada",1992,5.8,2.8
"112","Canada",1993,5.6,2.7
"113","Canada",1994,5.5,2.7
"114","Canada",1995,5.5,2.7
"115","Canada",1996,5.3,2.4
"116","Canada",1997,5.1,2.3
"117","Canada",1998,5.1,2.3
"118","Canada",1999,5.1,2.3
"119","Canada",2000,5.1,2.3
"120","Canada",2001,4.7,2.3
"121","Canada",2002,4.7,2.2
"122","Canada",2003,4.7,2.2
"123","Canada",2004,4.6,2.2
"124","Canada",2005,4.6,2.2
"125","Canada",2006,4.6,2.3
"126","Canada",2007,4.5,2.2
"127","Canada",2008,4.4,2.1
"128","Chile",1995,6.1,0.5
"129","Chile",1996,5.8,0.4
"130","Chile",1997,5.3,0.4
"131","Chile",1998,5,0.4
"132","Chile",1999,4.6,0.4
"133","Chile",2000,4.4,0.337054263565882
"134","Chile",2001,4.1,0.310232558139525
"135","Chile",2002,3.9,0.283410852713168
"136","Chile",2003,3.6,0.25658914728681
"137","Chile",2004,3.3,0.22976744186046
"138","Chile",2005,3.3,0.202945736434103
"139","Chile",2006,3.5,0.2
"140","Chile",2007,3.5,0.1
"141","Chile",2008,3.3,0.1
"142","Chile",2009,3.3,0.1
"143","Chile",2010,3.5,0.1
"144","Costa Rica",2010,5.3,2.5
"145","Costa Rica",2011,5.4,2.52
"146","Costa Rica",2012,5.6,2.5
"147","Costa Rica",2013,5.5,2.8
"148","Costa Rica",2014,5.4,2.3
"149","Costa Rica",2015,5.5,2.1
"150","Costa Rica",2016,5.5,2.7
"151","Croatia",1990,5.8,1.1
"152","Croatia",1991,4.6,1
"153","Croatia",1992,4.8,0.8
"154","Croatia",1993,5,1
"155","Croatia",1994,5.2,1
"156","Croatia",1995,5.3,0.9
"157","Croatia",1996,5.4,0.8
"158","Croatia",1997,5.4,0.9
"159","Croatia",1998,5.3,0.9
"160","Croatia",1999,5.3,0.8
"161","Croatia",2000,4.9,1
"162","Croatia",2001,5.1,1.1
"163","Croatia",2002,5.3,1
"164","Croatia",2003,5.2,1.1
"165","Croatia",2004,5.3,1.2
"166","Croatia",2005,5.1,1.1
"167","Croatia",2006,5.1,1.1
"168","Croatia",2007,5.4,1.1
"169","Croatia",2008,5.4,1.2
"170","Croatia",2009,5.2,1.2
"171","Croatia",2010,5,1.2
"172","Croatia",2011,4.7,1.3
"173","Croatia",2012,4.8,1.3
"174","Croatia",2013,4.5,1.4
"175","Croatia",2014,4.6,1.4
"176","Croatia",2015,4.7,1.4
"177","Croatia",2016,4.9,1.7
"178","Cyprus",1990,9.7,0.6
"179","Cyprus",1991,10.5,0.5
"180","Cyprus",1992,8,0.7
"181","Cyprus",1993,9.7,0.8
"182","Cyprus",1994,9.7,0.9
"183","Cyprus",1995,10.2,1.2
"184","Cyprus",1996,8.7,1.1
"185","Cyprus",1997,10.7,1.3
"186","Cyprus",1998,11.4,1.3
"187","Cyprus",1999,13.2,1.7
"188","Cyprus",2000,13.4,1.7
"189","Cyprus",2001,15.1,1.7
"190","Cyprus",2002,14.5,1.9
"191","Cyprus",2003,7.7,2
"192","Cyprus",2004,7.3,2.2
"193","Cyprus",2005,8,2
"194","Cyprus",2006,7,2.3
"195","Cyprus",2007,8.3,2.1
"196","Cyprus",2008,7.8,2.1
"197","Cyprus",2009,7.8,2.2
"198","Cyprus",2010,7.3,2.3
"199","Cyprus",2011,7.3,2.3
"200","Cyprus",2012,6.7,2.4
"201","Cyprus",2013,6.4,2.2
"202","Cyprus",2014,6.3,2.2
"203","Cyprus",2015,7.2,2.1
"204","Cyprus",2016,7.5,2.3
"205","Czech Republic",1990,8.8,3.1
"206","Czech Republic",1991,7,2.8
"207","Czech Republic",1992,7.2,2.8
"208","Czech Republic",1993,6.4,2.9
"209","Czech Republic",1994,5.7,3
"210","Czech Republic",1995,5.3,3
"211","Czech Republic",1996,5.2,3.2
"212","Czech Republic",1997,5.6,3.2
"213","Czech Republic",1998,5.3,3.1
"214","Czech Republic",1999,5.2,2.3
"215","Czech Republic",2000,5.4,2.9
"216","Czech Republic",2001,5.1,3.1
"217","Czech Republic",2002,5.2,3.1
"218","Czech Republic",2003,4.8,3.8
"219","Czech Republic",2004,5,3.2
"220","Czech Republic",2005,5.1,3.1
"221","Czech Republic",2006,5.2,3.1
"222","Czech Republic",2007,5.5,3
"223","Czech Republic",2008,5.1,3
"224","Czech Republic",2009,4.6,2.8
"225","Czech Republic",2010,4.5,2.9
"226","Czech Republic",2011,4.3,2.7
"227","Czech Republic",2012,4.3,2.5
"228","Czech Republic",2013,4.1,2.7
"229","Czech Republic",2014,4.3,2.5
"230","Czech Republic",2015,4.6,2.5
"231","Czech Republic",2016,4.8,2.4
"232","Denmark",1990,6.1,2.7
"233","Denmark",1991,6,2.5
"234","Denmark",1992,6.2,2.5
"235","Denmark",1993,6.1,2.5
"236","Denmark",1994,6.8,2.6
"237","Denmark",1995,6.6,2.5
"238","Denmark",1996,6.8,2.4
"239","Denmark",1997,6.5,2.4
"240","Denmark",1998,6.5,2.5
"241","Denmark",1999,6.7,2.5
"242","Denmark",2000,7.2,2.7
"243","Denmark",2001,6.8,2.7
"244","Denmark",2002,6.9,2.8
"245","Denmark",2003,6.5,2.9
"246","Denmark",2004,7,2.9
"247","Denmark",2005,6.7,2.8
"248","Denmark",2006,6.7,2.6
"249","Denmark",2007,6.7,2.6
"250","Denmark",2008,6.8,2.7
"251","Denmark",2009,6,2.7
"252","Denmark",2010,5.6,2.6
"253","Denmark",2011,4.9,2.6
"254","Denmark",2012,5.1,2.8
"255","Denmark",2013,4.9,3.4
"256","Denmark",2014,5,3.4
"257","Denmark",2015,5.1,2.9
"258","Denmark",2016,5.4,3
"259","Estonia",1990,7.5,3.7
"260","Estonia",1991,6.6,3.7
"261","Estonia",1992,5.8,4.3
"262","Estonia",1993,5.2,3.9
"263","Estonia",1994,5,3.8
"264","Estonia",1995,4.9,5.2
"265","Estonia",1996,3.9,4
"266","Estonia",1997,4,3.8
"267","Estonia",1998,3.9,3.2
"268","Estonia",1999,4,3.3
"269","Estonia",2000,3.9,3
"270","Estonia",2001,4.1,3.1
"271","Estonia",2002,4.2,3
"272","Estonia",2003,4.2,2.9
"273","Estonia",2004,4.4,3.1
"274","Estonia",2005,4.5,3
"275","Estonia",2006,5.2,2.8
"276","Estonia",2007,5.2,2.8
"277","Estonia",2008,4.6,2.6
"278","Estonia",2009,4,2.4
"279","Estonia",2010,3.8,2.2
"280","Estonia",2011,4.1,2.3
"281","Estonia",2012,4.5,2.4
"282","Estonia",2013,4.3,2.5
"283","Estonia",2014,4.7,2.4
"284","Estonia",2015,5.2,2.6
"285","Estonia",2016,4.8,2.5
"286","Finland",1990,5,2.6
"287","Finland",1991,4.9,2.6
"288","Finland",1992,4.7,2.6
"289","Finland",1993,4.9,2.5
"290","Finland",1994,4.9,2.7
"291","Finland",1995,4.6,2.7
"292","Finland",1996,4.8,2.7
"293","Finland",1997,4.6,2.6
"294","Finland",1998,4.7,2.7
"295","Finland",1999,4.7,2.7
"296","Finland",2000,5.1,2.7
"297","Finland",2001,4.8,2.6
"298","Finland",2002,5.2,2.6
"299","Finland",2003,5,2.6
"300","Finland",2004,5.6,2.5
"301","Finland",2005,5.6,2.6
"302","Finland",2006,5.4,2.5
"303","Finland",2007,5.6,2.5
"304","Finland",2008,5.8,2.5
"305","Finland",2009,5.6,2.5
"306","Finland",2010,5.6,2.5
"307","Finland",2011,5.3,2.5
"308","Finland",2012,5.3,2.4
"309","Finland",2013,4.6,2.5
"310","Finland",2014,4.5,2.5
"311","Finland",2015,4.5,2.5
"312","Finland",2016,4.5,2.5
"313","France",1995,4.4,2.1
"314","France",1996,4.8,2
"315","France",1997,4.9,2
"316","France",1998,4.6,2
"317","France",1999,4.9,2
"318","France",2000,5,1.9
"319","France",2001,4.8,1.9
"320","France",2002,4.6,1.9
"321","France",2003,4.6,2.1
"322","France",2004,4.5,2.2
"323","France",2005,4.5,2.5
"324","France",2006,4.3,2.2
"325","France",2007,4.3,2.1
"326","France",2008,4.1,2.1
"327","France",2009,3.9,2
"328","France",2010,3.9,2.1
"329","France",2011,3.6,2
"330","France",2012,3.7,2
"331","France",2013,3.6,1.9
"332","France",2014,3.7,1.9
"333","France",2015,3.6,1.9
"334","France",2016,3.5,1.9
"335","Germany",1990,6.5,1.9
"336","Germany",1991,5.7,1.7
"337","Germany",1992,5.6,1.7
"338","Germany",1993,5.5,1.9
"339","Germany",1994,5.4,2
"340","Germany",1995,5.3,2.1
"341","Germany",1996,5.2,2.1
"342","Germany",1997,5.2,2.3
"343","Germany",1998,5.1,2.3
"344","Germany",1999,5.2,2.3
"345","Germany",2000,5.1,2.4
"346","Germany",2001,4.7,2.4
"347","Germany",2002,4.6,2.5
"348","Germany",2003,4.6,2.6
"349","Germany",2004,4.8,2.6
"350","Germany",2005,4.7,2.4
"351","Germany",2006,4.5,2.3
"352","Germany",2007,4.5,2.3
"353","Germany",2008,4.6,2.3
"354","Germany",2009,4.6,2.3
"355","Germany",2010,4.7,2.3
"356","Germany",2011,4.6,2.3
"357","Germany",2012,4.8,2.2
"358","Germany",2013,4.6,2.1
"359","Germany",2014,4.8,2.1
"360","Germany",2015,4.9,2
"361","Germany",2016,5,2
"362","Greece",1990,5.8,0.6
"363","Greece",1991,6.4,0.6
"364","Greece",1992,4.7,0.6
"365","Greece",1993,5.9,0.7
"366","Greece",1994,5.4,0.7
"367","Greece",1995,6,1
"368","Greece",1996,4.2,0.9
"369","Greece",1997,5.6,0.9
"370","Greece",1998,5.1,0.7
"371","Greece",1999,5.6,0.9
"372","Greece",2000,4.5,1
"373","Greece",2001,5.3,1
"374","Greece",2002,5.3,1
"375","Greece",2003,5.5,1.1
"376","Greece",2004,4.6,1.1
"377","Greece",2005,5.5,1.2
"378","Greece",2006,5.2,1.2
"379","Greece",2007,5.5,1.2
"380","Greece",2008,4.8,1.2
"381","Greece",2009,5.3,1.2
"382","Greece",2010,5.1,1.2
"383","Greece",2011,5,1.1
"384","Greece",2012,4.5,1.3
"385","Greece",2013,4.7,1.5
"386","Greece",2014,4.9,1.3
"387","Greece",2015,5,1.4
"388","Greece",2016,4.6,1
"389","Hungary",1990,6.4,2.4
"390","Hungary",1991,5.9,2.4
"391","Hungary",1992,5.5,2.1
"392","Hungary",1993,5.2,2.2
"393","Hungary",1994,5.2,2.3
"394","Hungary",1995,5.2,2.4
"395","Hungary",1996,4.7,2.2
"396","Hungary",1997,4.6,2.4
"397","Hungary",1998,4.4,2.5
"398","Hungary",1999,4.4,2.5
"399","Hungary",2000,4.7,2.3
"400","Hungary",2001,4.3,2.4
"401","Hungary",2002,4.5,2.5
"402","Hungary",2003,4.5,2.5
"403","Hungary",2004,4.3,2.4
"404","Hungary",2005,4.4,2.5
"405","Hungary",2006,4.4,2.5
"406","Hungary",2007,4.1,2.5
"407","Hungary",2008,4,2.5
"408","Hungary",2009,3.7,2.4
"409","Hungary",2010,3.6,2.4
"410","Hungary",2011,3.6,2.3
"411","Hungary",2012,3.6,2.2
"412","Hungary",2013,3.7,2
"413","Hungary",2014,3.9,2
"414","Hungary",2015,4.7,2.1
"415","Hungary",2016,5.3,2
"416","Iceland",1990,4.5,1.9
"417","Iceland",1991,4.8,2.1
"418","Iceland",1992,4.8,2
"419","Iceland",1993,4.6,2
"420","Iceland",1994,4.9,1.8
"421","Iceland",1995,4.6,1.8
"422","Iceland",1996,5,2
"423","Iceland",1997,5.5,1.9
"424","Iceland",1998,5.6,1.8
"425","Iceland",1999,5.6,1.7
"426","Iceland",2000,6.3,1.9
"427","Iceland",2001,5.2,1.9
"428","Iceland",2002,5.6,1.8
"429","Iceland",2003,5.1,1.8
"430","Iceland",2004,5,1.9
"431","Iceland",2005,5.4,1.9
"432","Iceland",2006,5.5,1.6
"433","Iceland",2007,5.5,1.7
"434","Iceland",2008,5.2,1.7
"435","Iceland",2009,4.6,1.7
"436","Iceland",2010,4.9,1.8
"437","Iceland",2011,4.6,1.6
"438","Ireland",1997,4.3,0
"439","Ireland",1998,4.5,0.4
"440","Ireland",1999,4.9,0.6
"441","Ireland",2000,5,0.7
"442","Ireland",2001,5,0.7
"443","Ireland",2002,5.2,0.7
"444","Ireland",2003,5.1,0.7
"445","Ireland",2004,5.2,0.8
"446","Ireland",2005,5.1,0.8
"447","Ireland",2006,5.2,0.9
"448","Ireland",2007,5.2,0.8
"449","Ireland",2008,4.9,0.8
"450","Ireland",2009,4.8,0.7
"451","Ireland",2010,4.5,0.7
"452","Ireland",2011,4.3,0.6
"453","Ireland",2012,4.5,0.6
"454","Ireland",2013,4.5,0.6
"455","Ireland",2014,4.7,0.6
"456","Ireland",2015,4.7,0.7
"457","Israel",1990,6.8,1.4
"458","Israel",1991,6.5,1.3
"459","Israel",1992,6.4,1.4
"460","Israel",1993,6.6,1.4
"461","Israel",1994,6.7,1.5
"462","Israel",1995,6.5,1.6
"463","Israel",1996,6.3,1.5
"464","Israel",1997,6.5,1.6
"465","Israel",1998,6.7,1.7
"466","Israel",1999,6.6,1.7
"467","Israel",2000,6.4,1.8
"468","Israel",2001,6.3,1.8
"469","Israel",2002,6.2,1.7
"470","Israel",2003,6.1,1.7
"471","Israel",2004,5.9,1.6
"472","Israel",2005,5.9,1.6
"473","Israel",2006,6.3,1.9
"474","Israel",2007,6.5,1.8
"475","Israel",2008,6.8,1.8
"476","Israel",2009,6.5,1.8
"477","Israel",2010,6.3,1.7
"478","Israel",2011,6.6,1.7
"479","Israel",2012,6.4,1.7
"480","Israel",2013,6.5,1.8
"481","Israel",2014,6.2,1.8
"482","Israel",2015,6.4,1.7
"483","Italy",1990,5.6,0.5
"484","Italy",1991,5.5,0.5
"485","Italy",1992,5.5,0.5
"486","Italy",1993,5.3,0.4
"487","Italy",1994,5.1,0.5
"488","Italy",1995,5.1,0.5
"489","Italy",1996,4.9,0.6
"490","Italy",1997,4.9,0.6
"491","Italy",1998,4.9,0.6
"492","Italy",1999,4.9,0.6
"493","Italy",2000,5,0.7
"494","Italy",2001,4.6,0.7
"495","Italy",2002,4.7,0.7
"496","Italy",2003,4.6,0.8
"497","Italy",2004,4.3,0.8
"498","Italy",2005,4.3,0.8
"499","Italy",2006,4.2,0.9
"500","Italy",2007,4.3,0.9
"501","Italy",2008,4.2,0.9
"502","Italy",2009,3.9,0.9
"503","Italy",2010,3.7,0.9
"504","Italy",2011,3.4,0.9
"505","Italy",2012,3.5,0.9
"506","Italy",2013,3.2,0.9
"507","Italy",2014,3.1,0.9
"508","Italy",2015,3.2,1.4
"509","Italy",2016,3.4,1.6
"510","Japan",1990,5.9,1.3
"511","Japan",1991,6,1.4
"512","Japan",1992,6.1,1.5
"513","Japan",1993,6.4,1.5
"514","Japan",1994,6.3,1.6
"515","Japan",1995,6.4,1.6
"516","Japan",1996,6.4,1.7
"517","Japan",1997,6.2,1.8
"518","Japan",1998,6.3,1.9
"519","Japan",1999,6.1,2
"520","Japan",2000,6.4,2.1
"521","Japan",2001,6.4,2.3
"522","Japan",2002,6,2.3
"523","Japan",2003,5.9,2.3
"524","Japan",2004,5.7,2.2
"525","Japan",2005,5.7,2.1
"526","Japan",2006,5.8,2
"527","Japan",2007,5.7,2
"528","Japan",2008,5.8,2
"529","Japan",2009,5.6,2
"530","Japan",2010,5.5,2
"531","Japan",2011,5.2,1.9
"532","Japan",2012,5.3,1.9
"533","Japan",2013,5.3,1.8
"534","Japan",2014,5.1,1.8
"535","Japan",2015,5.1,1.8
"536","Japan",2016,5,1.7
"537","Latvia",1990,8.9,4
"538","Latvia",1991,8.4,4.2
"539","Latvia",1992,7.2,5.6
"540","Latvia",1993,5.7,4
"541","Latvia",1994,4.6,3.3
"542","Latvia",1995,4.5,3.1
"543","Latvia",1996,3.9,2.5
"544","Latvia",1997,4,2.5
"545","Latvia",1998,4,2.6
"546","Latvia",1999,3.9,2.5
"547","Latvia",2000,3.9,2.6
"548","Latvia",2001,4,2.5
"549","Latvia",2002,4.2,2.6
"550","Latvia",2003,4.4,2.1
"551","Latvia",2004,4.6,2.3
"552","Latvia",2005,5.6,2.8
"553","Latvia",2006,6.6,3.3
"554","Latvia",2007,7,3.4
"555","Latvia",2008,5.9,2.9
"556","Latvia",2009,4.6,2.4
"557","Latvia",2010,4.4,2.4
"558","Latvia",2011,5.2,4
"559","Latvia",2012,5.5,3.6
"560","Latvia",2013,5.7,3.5
"561","Latvia",2014,6.3,3.1
"562","Latvia",2015,6.9,2.6
"563","Latvia",2016,6.6,3.1
"564","Lithuania",1990,9.8,3.4
"565","Lithuania",1991,9.2,4.1
"566","Lithuania",1992,8.1,3.8
"567","Lithuania",1993,6.4,3.8
"568","Lithuania",1994,6.4,3
"569","Lithuania",1995,6.1,2.8
"570","Lithuania",1996,5.7,3.1
"571","Lithuania",1997,5.3,3.2
"572","Lithuania",1998,5.2,3.3
"573","Lithuania",1999,5.1,3.2
"574","Lithuania",2000,4.8,3.1
"575","Lithuania",2001,4.5,3.2
"576","Lithuania",2002,4.7,3.1
"577","Lithuania",2003,5,3.1
"578","Lithuania",2004,5.7,3.3
"579","Lithuania",2005,6,3.3
"580","Lithuania",2006,6.5,3.4
"581","Lithuania",2007,7.1,3.5
"582","Lithuania",2008,7.5,3.2
"583","Lithuania",2009,6.5,2.9
"584","Lithuania",2010,6,3.2
"585","Lithuania",2011,6.3,3.4
"586","Lithuania",2012,6.9,3.5
"587","Lithuania",2013,6.9,3.4
"588","Lithuania",2014,7.6,3.3
"589","Lithuania",2015,7.6,3.2
"590","Lithuania",2016,7.4,3.1
"591","Luxembourg",1990,6.1,2
"592","Luxembourg",1991,6.7,2
"593","Luxembourg",1992,6.4,1.8
"594","Luxembourg",1993,6,1.9
"595","Luxembourg",1994,5.8,1.7
"596","Luxembourg",1995,5.1,1.8
"597","Luxembourg",1996,5.1,2
"598","Luxembourg",1997,4.8,2.4
"599","Luxembourg",1998,4.8,2.4
"600","Luxembourg",1999,4.9,2.4
"601","Luxembourg",2000,4.9,2.4
"602","Luxembourg",2001,4.5,2.3
"603","Luxembourg",2002,4.5,2.4
"604","Luxembourg",2003,4.4,2.3
"605","Luxembourg",2004,4.4,2.3
"606","Luxembourg",2005,4.4,2.2
"607","Luxembourg",2006,4.1,2.5
"608","Luxembourg",2007,4.1,2.3
"609","Luxembourg",2008,3.9,2
"610","Luxembourg",2009,3.5,2.1
"611","Luxembourg",2010,3.5,2.1
"612","Luxembourg",2011,3.3,2.3
"613","Luxembourg",2012,3.4,2
"614","Luxembourg",2013,3.2,2.1
"615","Luxembourg",2014,3,2.6
"616","Luxembourg",2015,3.6,2.4
"617","Luxembourg",2016,3.2,2.1
"618","Malta",2011,6.2,0.1
"619","Malta",2012,6.7,1.1
"620","Malta",2013,6.1,0.8
"621","Malta",2014,6.6,0.7
"622","Malta",2015,6.7,0.8
"623","Malta",2016,6.7,0.8
"624","Mexico",1992,7.4,0.6
"625","Mexico",1993,7.2,0.4
"626","Mexico",1994,7.2,0.4
"627","Mexico",1995,7,0.4
"628","Mexico",1996,7,0.4
"629","Mexico",1997,7.3,0.4
"630","Mexico",1998,7.2,0.5
"631","Mexico",1999,7.5,0.5
"632","Mexico",2000,7,0.5
"633","Mexico",2001,6.5,0.6
"634","Mexico",2002,6,0.6
"635","Mexico",2003,5.6,0.6
"636","Mexico",2004,5.7,0.7
"637","Mexico",2005,5.6,0.7
"638","Mexico",2006,5.4,0.7
"639","Mexico",2007,5.4,0.7
"640","Mexico",2008,5.3,0.8
"641","Mexico",2009,5,0.8
"642","Mexico",2010,5,0.8
"643","Mexico",2011,4.9,0.8
"644","Mexico",2012,5,0.9
"645","Mexico",2013,4.9,0.9
"646","Mexico",2014,4.8,0.9
"647","Mexico",2015,4.6,1
"648","Netherlands",1990,6.5,1.9
"649","Netherlands",1991,6.4,1.9
"650","Netherlands",1992,6.2,2
"651","Netherlands",1993,5.8,2
"652","Netherlands",1994,5.4,2.4
"653","Netherlands",1995,5.3,2.2
"654","Netherlands",1996,5.5,2.2
"655","Netherlands",1997,5.4,2.2
"656","Netherlands",1998,5.5,2.1
"657","Netherlands",1999,5.7,2.1
"658","Netherlands",2000,5.5,2.2
"659","Netherlands",2001,5,2.3
"660","Netherlands",2002,5.2,2.1
"661","Netherlands",2003,4.9,1.9
"662","Netherlands",2004,4.4,1.9
"663","Netherlands",2005,4.4,2
"664","Netherlands",2006,4.4,1.9
"665","Netherlands",2007,4.3,2
"666","Netherlands",2008,4.5,2
"667","Netherlands",2009,4.4,1.9
"668","Netherlands",2010,4.5,2
"669","Netherlands",2011,4.3,2
"670","Netherlands",2012,4.2,2.1
"671","Netherlands",2013,3.8,2
"672","Netherlands",2014,3.9,2.1
"673","Netherlands",2015,3.8,2
"674","Netherlands",2016,3.8,2
"675","New Zealand",1992,5.9,2.7
"676","New Zealand",1993,5.8,2.84218083360685
"677","New Zealand",1994,5.7,2.79776419428948
"678","New Zealand",1995,5.6,2.6
"679","New Zealand",1996,5.5,2.7
"680","New Zealand",1997,5.3,2.6
"681","New Zealand",1998,5.3,2.6
"682","New Zealand",1999,5.5,2.6
"683","New Zealand",2000,5.4,2.5
"684","New Zealand",2001,5.1,2.5
"685","New Zealand",2002,5.2,2.6
"686","New Zealand",2003,5.3,2.6
"687","New Zealand",2004,5.1,2.6
"688","New Zealand",2005,5,2.4
"689","New Zealand",2006,5.2,2.4
"690","New Zealand",2007,5.2,2.3
"691","New Zealand",2008,5.2,2.3
"692","New Zealand",2009,5.1,2
"693","New Zealand",2010,4.9,2
"694","New Zealand",2011,4.7,1.9
"695","New Zealand",2012,4.7,2
"696","New Zealand",2013,4.4,1.9
"697","New Zealand",2014,4.4,1.8
"698","New Zealand",2015,4.3,1.9
"699","New Zealand",2016,4.3,1.7
"700","Norway",1990,5.2,2.4
"701","Norway",1991,4.7,2.4
"702","Norway",1992,4.5,2.4
"703","Norway",1993,4.5,2.5
"704","Norway",1994,4.8,2.5
"705","Norway",1995,5,2.4
"706","Norway",1996,5.3,2.3
"707","Norway",1997,5.4,2.3
"708","Norway",1998,5.3,2.1
"709","Norway",1999,5.3,2
"710","Norway",2000,5,2.2
"711","Norway",2001,4.4,2.3
"712","Norway",2002,4.5,2.3
"713","Norway",2003,4.9,2.4
"714","Norway",2004,4.1,2.4
"715","Norway",2005,4.8,2.4
"716","Norway",2006,4.7,2.3
"717","Norway",2007,5,2.2
"718","Norway",2008,5.3,2.1
"719","Norway",2009,5,2.1
"720","Norway",2010,4.8,2.1
"721","Norway",2011,4.6,2.1
"722","Norway",2012,4.8,2
"723","Norway",2013,4.7,2
"724","Norway",2014,4.6,1.9
"725","Norway",2015,4.5,1.9
"726","Norway",2016,4.5,1.9
"727","Poland",1990,6.7,1.1
"728","Poland",1991,6.1,0.9
"729","Poland",1992,5.7,0.8
"730","Poland",1993,5.4,0.7
"731","Poland",1994,5.4,0.8
"732","Poland",1995,5.4,1
"733","Poland",1996,5.3,1
"734","Poland",1997,5.3,1.1
"735","Poland",1998,5.4,1.2
"736","Poland",1999,5.7,1.1
"737","Poland",2000,5.5,1.1
"738","Poland",2001,5.1,1.2
"739","Poland",2002,5,1.2
"740","Poland",2003,5.1,1.3
"741","Poland",2004,5,1.5
"742","Poland",2005,5.4,1.8
"743","Poland",2006,5.9,1.9
"744","Poland",2007,6.5,1.7
"745","Poland",2008,6.8,1.7
"746","Poland",2009,6.6,1.7
"747","Poland",2010,6,1.6
"748","Poland",2011,5.4,1.7
"749","Poland",2012,5.4,1.7
"750","Poland",2013,4.7,1.7
"751","Poland",2014,5,1.7
"752","Poland",2015,5,1.8
"753","Poland",2016,5.1,1.7
"754","Portugal",1990,7.2,0.9
"755","Portugal",1991,7.2,1.1
"756","Portugal",1992,7,1.2
"757","Portugal",1993,6.8,1.2
"758","Portugal",1994,6.6,1.4
"759","Portugal",1995,6.6,1.2
"760","Portugal",1996,6.3,1.3
"761","Portugal",1997,6.5,1.4
"762","Portugal",1998,6.6,1.5
"763","Portugal",1999,6.7,1.7
"764","Portugal",2000,6.2,1.9
"765","Portugal",2001,5.6,1.8
"766","Portugal",2002,5.4,2.7
"767","Portugal",2003,5.1,2.2
"768","Portugal",2004,4.7,2.2
"769","Portugal",2005,4.6,2.2
"770","Portugal",2006,4.5,2.3
"771","Portugal",2007,4.4,2.4
"772","Portugal",2008,4.1,2.5
"773","Portugal",2009,3.8,2.5
"774","Portugal",2010,3.8,2.6
"775","Portugal",2011,3.4,2.5
"776","Portugal",2012,3.3,2.4
"777","Portugal",2013,3.1,2.2
"778","Portugal",2014,3,2.1
"779","Portugal",2015,3.1,2.3
"780","Portugal",2016,3.1,2.2
"781","Romania",1990,8.3,1.4
"782","Romania",1991,8,1.6
"783","Romania",1992,7.7,1.3
"784","Romania",1993,7.1,1.4
"785","Romania",1994,6.8,1.7
"786","Romania",1995,6.8,1.5
"787","Romania",1996,6.6,1.6
"788","Romania",1997,6.5,1.5
"789","Romania",1998,6.5,1.8
"790","Romania",1999,6.2,1.5
"791","Romania",2000,6.1,1.4
"792","Romania",2001,5.9,1.4
"793","Romania",2002,5.9,1.5
"794","Romania",2003,6.2,1.5
"795","Romania",2004,6.7,1.6
"796","Romania",2005,6.7,1.6
"797","Romania",2006,6.9,1.5
"798","Romania",2007,9.1,1.7
"799","Romania",2008,7.3,1.7
"800","Romania",2009,6.6,1.6
"801","Romania",2010,5.7,1.6
"802","Romania",2011,5.2,1.8
"803","Romania",2012,5.4,1.6
"804","Romania",2013,5.4,1.4
"805","Romania",2014,5.9,1.4
"806","Romania",2015,6.3,1.6
"807","Romania",2016,6.8,1.5
"808","Slovak Republic",1990,7.6,1.7
"809","Slovak Republic",1991,6.2,1.5
"810","Slovak Republic",1992,6.4,1.5
"811","Slovak Republic",1993,5.8,1.5
"812","Slovak Republic",1994,5.3,1.6
"813","Slovak Republic",1995,5.1,1.7
"814","Slovak Republic",1996,5.1,1.7
"815","Slovak Republic",1997,5.2,1.7
"816","Slovak Republic",1998,5.1,1.7
"817","Slovak Republic",1999,5.1,1.8
"818","Slovak Republic",2000,4.8,1.7
"819","Slovak Republic",2001,4.4,1.8
"820","Slovak Republic",2002,4.7,2
"821","Slovak Republic",2003,4.8,2
"822","Slovak Republic",2004,5.2,2
"823","Slovak Republic",2005,4.9,2.2
"824","Slovak Republic",2006,4.8,2.4
"825","Slovak Republic",2007,5.1,2.3
"826","Slovak Republic",2008,5.3,2.4
"827","Slovak Republic",2009,4.9,2.4
"828","Slovak Republic",2010,4.7,2.2
"829","Slovak Republic",2011,4.7,2.1
"830","Slovak Republic",2012,4.8,2
"831","Slovak Republic",2013,4.7,2
"832","Slovak Republic",2014,4.9,1.9
"833","Slovak Republic",2015,5.3,1.8
"834","Slovak Republic",2016,5.5,1.7
"835","Slovenia",1990,4.3,0.9
"836","Slovenia",1991,4.1,0.9
"837","Slovenia",1992,4.6,1
"838","Slovenia",1993,4.5,1
"839","Slovenia",1994,4.2,1
"840","Slovenia",1995,4.1,0.8
"841","Slovenia",1996,3.8,1
"842","Slovenia",1997,3.8,1
"843","Slovenia",1998,3.8,1
"844","Slovenia",1999,3.9,1
"845","Slovenia",2000,3.6,1.1
"846","Slovenia",2001,3.5,1.1
"847","Slovenia",2002,3.5,1.2
"848","Slovenia",2003,3.4,1.2
"849","Slovenia",2004,3.3,1.2
"850","Slovenia",2005,2.9,1.3
"851","Slovenia",2006,3.2,1.2
"852","Slovenia",2007,3.2,1.3
"853","Slovenia",2008,3.3,1.1
"854","Slovenia",2009,3.2,1.1
"855","Slovenia",2010,3.2,1.2
"856","Slovenia",2011,3.2,1.1
"857","Slovenia",2012,3.4,1.2
"858","Slovenia",2013,3,1.1
"859","Slovenia",2014,3.2,1.2
"860","Slovenia",2015,3.1,1.2
"861","Slovenia",2016,3.2,1.2
"862","Spain",1990,5.7,0.6
"863","Spain",1991,5.6,0.7
"864","Spain",1992,5.6,0.7
"865","Spain",1993,5.1,0.7
"866","Spain",1994,5.1,0.8
"867","Spain",1995,5.1,0.8
"868","Spain",1996,4.9,0.8
"869","Spain",1997,5,0.9
"870","Spain",1998,5.2,0.9
"871","Spain",1999,5.2,0.9
"872","Spain",2000,5.4,0.9
"873","Spain",2001,5.1,1
"874","Spain",2002,5.1,1
"875","Spain",2003,5,1.1
"876","Spain",2004,5,1.2
"877","Spain",2005,4.7,1.7
"878","Spain",2006,4.5,2.9
"879","Spain",2007,4.4,2.8
"880","Spain",2008,4.2,2.4
"881","Spain",2009,3.7,2.1
"882","Spain",2010,3.6,2.2
"883","Spain",2011,3.4,2.2
"884","Spain",2012,3.5,2.2
"885","Spain",2013,3.3,2
"886","Spain",2014,3.4,2.2
"887","Spain",2015,3.6,2.1
"888","Spain",2016,3.7,2.1
"889","Sweden",1990,4.7,2.3
"890","Sweden",1991,4.3,2.3
"891","Sweden",1992,4.3,2.5
"892","Sweden",1993,3.9,2.5
"893","Sweden",1994,3.9,2.5
"894","Sweden",1995,3.8,2.6
"895","Sweden",1996,3.8,2.4
"896","Sweden",1997,3.7,2.4
"897","Sweden",1998,3.6,2.3
"898","Sweden",1999,4,2.4
"899","Sweden",2000,4.5,2.4
"900","Sweden",2001,4,2.4
"901","Sweden",2002,4.3,2.4
"902","Sweden",2003,4.4,2.4
"903","Sweden",2004,4.8,2.2
"904","Sweden",2005,4.9,2.2
"905","Sweden",2006,5,2.2
"906","Sweden",2007,5.2,2.3
"907","Sweden",2008,5.5,2.3
"908","Sweden",2009,5.1,2.4
"909","Sweden",2010,5.3,2.5
"910","Sweden",2011,5,2.5
"911","Sweden",2012,5.3,2.5
"912","Sweden",2013,5.4,2.8
"913","Sweden",2014,5.5,2.7
"914","Sweden",2015,5.3,2.5
"915","Sweden",2016,5.4,2.4
"916","Switzerland",1990,6.9,2
"917","Switzerland",1991,7,2
"918","Switzerland",1992,6.6,2.1
"919","Switzerland",1993,6.2,2.2
"920","Switzerland",1994,6.1,2.2
"921","Switzerland",1995,5.8,2.2
"922","Switzerland",1996,5.7,2.3
"923","Switzerland",1997,5.5,2.4
"924","Switzerland",1998,5.4,2.5
"925","Switzerland",1999,5.7,2.9
"926","Switzerland",2000,5.5,1.5
"927","Switzerland",2001,5,2.2
"928","Switzerland",2002,5.5,2.2
"929","Switzerland",2003,5.5,2.3
"930","Switzerland",2004,5.3,2.4
"931","Switzerland",2005,5.4,2.9
"932","Switzerland",2006,5.3,2.8
"933","Switzerland",2007,5.3,2.6
"934","Switzerland",2008,5.4,2.6
"935","Switzerland",2009,5.4,2.5
"936","Switzerland",2010,5.5,2.8
"937","Switzerland",2011,5.3,2.2
"938","Switzerland",2012,5.3,2.2
"939","Switzerland",2013,4.9,2.1
"940","Switzerland",2014,5.1,2
"941","Switzerland",2015,5,2.1
"942","Switzerland",2016,5,2
"943","Turkey",2003,7.1,0.8
"944","Turkey",2004,9.2,1.3
"945","Turkey",2005,9.5,1.4
"946","Turkey",2006,9.2,1.3
"947","Turkey",2007,9.1,1.3
"948","Turkey",2008,9,1.4
"949","Turkey",2009,8.2,1.6
"950","Turkey",2010,8,1.6
"951","Turkey",2011,8,1.6
"952","Turkey",2012,8,1.6
"953","Turkey",2013,7.9,1.6
"954","Turkey",2014,7.8,1.7
"955","Turkey",2015,7.7,1.7
"956","Turkey",2016,7.5,1.6
"957","United Kingdom",1990,6.6,2.7
"958","United Kingdom",1991,6.1,2.8
"959","United Kingdom",1992,6.2,2.8
"960","United Kingdom",1993,5.9,2.9
"961","United Kingdom",1994,5.7,2.7
"962","United Kingdom",1995,5.6,2.9
"963","United Kingdom",1996,5.5,3
"964","United Kingdom",1997,5.3,2.8
"965","United Kingdom",1998,5.2,2.7
"966","United Kingdom",1999,5.1,2.7
"967","United Kingdom",2000,5.2,2.6
"968","United Kingdom",2001,4.8,2.7
"969","United Kingdom",2002,4.9,2.7
"970","United Kingdom",2003,5.2,2.8
"971","United Kingdom",2004,4.94091835348453,2.8
"972","United Kingdom",2005,4.86092242901776,2.6
"973","United Kingdom",2006,4.78092650455096,2.4
"974","United Kingdom",2007,4.5,2.3
"975","United Kingdom",2008,4.4,2.2
"976","United Kingdom",2009,4.3,2
"977","United Kingdom",2010,4.5,2.1
"978","United Kingdom",2011,4.5,2.1
"979","United Kingdom",2012,4.30095095775027,2
"980","United Kingdom",2013,4.3,2
"981","United Kingdom",2014,4.5,1.9
"982","United Kingdom",2015,4.4,1.7
"983","United States",1992,9,4.8
"984","United States",1993,9.1,4.6
"985","United States",1994,8.9,4.6
"986","United States",1995,8.9,4.4
"987","United States",1996,8.8,4.3
"988","United States",1997,8.9,4.3
"989","United States",1998,8.3,4.2
"990","United States",1999,8.6,4.15928045789046
"991","United States",2000,8.2,4
"992","United States",2001,8.2,4
"993","United States",2002,8,3.9
"994","United States",2003,7.7,3.8
"995","United States",2004,7.8,3.7
"996","United States",2005,7.6,3.6
"997","United States",2006,7.5,3.7
"998","United States",2007,7.3,3.6
"999","United States",2008,7.1,3.5
"1000","United States",2009,6.8,3.5
"1001","United States",2010,6.8,3.6
"1002","United States",2011,6.8,3.6
"1003","United States",2012,6.8,3.4
"1004","United States",2013,6.8,3.3
"1005","United States",2014,6.9,3.2
"1006","United States",2015,6.9,3.1
"1007","United States",2016,6.9,3.2
