"","Country","Year","AgeAtBirth"
"1","Australia",1990,28.4
"2","Australia",1991,28.4
"3","Australia",1992,28.6
"4","Australia",1993,28.7
"5","Australia",1994,28.8
"6","Australia",1995,28.9
"7","Australia",1996,29
"8","Australia",1997,29.1
"9","Australia",1998,29.3
"10","Australia",1999,29.4
"11","Australia",2000,29.5
"12","Australia",2001,29.5
"13","Australia",2002,29.7
"14","Australia",2003,29.9
"15","Australia",2004,30
"16","Australia",2005,30.1
"17","Australia",2006,30.2
"18","Australia",2007,30.2
"19","Australia",2008,30.3
"20","Australia",2009,30.3
"21","Australia",2010,30.5
"22","Australia",2011,30.5
"23","Australia",2012,30.5
"24","Australia",2013,30.6
"25","Austria",1990,27.2
"26","Austria",1991,27.2
"27","Austria",1992,27.3
"28","Austria",1993,27.3
"29","Austria",1994,27.5
"30","Austria",1995,27.7
"31","Austria",1996,27.8
"32","Austria",1997,27.9
"33","Austria",1998,28
"34","Austria",1999,28.2
"35","Austria",2000,28.2
"36","Austria",2001,28.4
"37","Austria",2002,28.6
"38","Austria",2003,28.8
"39","Austria",2004,28.8
"40","Austria",2005,29
"41","Austria",2006,29.2
"42","Austria",2007,29.4
"43","Austria",2008,29.5
"44","Austria",2009,29.7
"45","Austria",2010,29.8
"46","Austria",2011,30
"47","Austria",2012,30.2
"48","Austria",2013,30.3
"49","Austria",2014,30.4
"50","Belgium",1990,27.9
"51","Belgium",1991,28
"52","Belgium",1992,28.1
"53","Belgium",1993,28.2
"54","Belgium",1994,28.3
"55","Belgium",1995,28.5
"56","Belgium",1996,28.5
"57","Belgium",1997,28.6
"58","Belgium",1998,28.7
"59","Belgium",1999,28.8
"60","Belgium",2000,28.8
"61","Belgium",2001,28.9
"62","Belgium",2002,29
"63","Belgium",2003,29.1
"64","Belgium",2004,29.2
"65","Belgium",2005,29.3
"66","Belgium",2006,29.4
"67","Belgium",2007,29.5
"68","Belgium",2008,29.6
"69","Belgium",2009,29.6
"70","Belgium",2010,29.8
"71","Belgium",2011,29.9
"72","Belgium",2012,30
"73","Belgium",2013,30.2
"74","Belgium",2014,30.3
"75","Bulgaria",1990,23.9
"76","Bulgaria",1991,23.7
"77","Bulgaria",1992,23.7
"78","Bulgaria",1993,23.8
"79","Bulgaria",1994,24
"80","Bulgaria",1995,24.1
"81","Bulgaria",1996,24.3
"82","Bulgaria",1997,24.4
"83","Bulgaria",1998,24.5
"84","Bulgaria",1999,24.7
"85","Bulgaria",2000,25
"86","Bulgaria",2001,25.1
"87","Bulgaria",2002,25.3
"88","Bulgaria",2003,25.5
"89","Bulgaria",2004,25.6
"90","Bulgaria",2005,25.9
"91","Bulgaria",2006,26.1
"92","Bulgaria",2007,26.4
"93","Bulgaria",2008,26.5
"94","Bulgaria",2009,26.7
"95","Bulgaria",2010,27
"96","Bulgaria",2011,27.1
"97","Bulgaria",2012,27.1
"98","Bulgaria",2013,27.1
"99","Bulgaria",2014,27.3
"100","Canada",1990,27.8
"101","Canada",1991,27.7997569710923
"102","Canada",1992,27.9
"103","Canada",1993,28
"104","Canada",1994,28.1
"105","Canada",1995,28.2
"106","Canada",1996,28.4
"107","Canada",1997,28.5
"108","Canada",1998,28.638539268355
"109","Canada",1999,28.7
"110","Canada",2000,28.8
"111","Canada",2001,29
"112","Canada",2002,29.2
"113","Canada",2003,29.3
"114","Canada",2004,29.5
"115","Canada",2005,29.6
"116","Canada",2006,29.6
"117","Canada",2007,29.7
"118","Canada",2008,29.8
"119","Canada",2009,29.9
"120","Canada",2010,30
"121","Canada",2011,30.2
"122","Chile",1990,27.3
"123","Chile",1991,27.5
"124","Chile",1992,27.5
"125","Chile",1993,27.5
"126","Chile",1994,27.4
"127","Chile",1995,27.4
"128","Chile",1996,27.3
"129","Chile",1997,27.3
"130","Chile",1998,27.3
"131","Chile",1999,27.4
"132","Chile",2000,27.5
"133","Chile",2001,27.6
"134","Chile",2002,27.7
"135","Chile",2003,27.9
"136","Chile",2004,27.7234009546539
"137","Chile",2005,27.9
"138","Chile",2006,27.8
"139","Chile",2007,27.8
"140","Chile",2008,27.7
"141","Chile",2009,27.8839021479714
"142","Chile",2010,27.9160023866349
"143","Chile",2011,28
"144","Chile",2012,28.1
"145","Colombia",1998,26.4
"146","Colombia",1999,26.4
"147","Colombia",2000,26.3
"148","Costa Rica",1990,27.3
"149","Costa Rica",1991,27.2
"150","Costa Rica",1992,26.9694866920152
"151","Costa Rica",1993,26.9402091254753
"152","Costa Rica",1994,27
"153","Costa Rica",1995,26.9
"154","Costa Rica",1996,26.8
"155","Costa Rica",1997,26.8
"156","Costa Rica",1998,26.7938212927757
"157","Costa Rica",1999,26.6
"158","Costa Rica",2000,26.5
"159","Costa Rica",2001,26.6
"160","Costa Rica",2002,26.6
"161","Costa Rica",2003,26.5
"162","Costa Rica",2004,26.5
"163","Costa Rica",2005,26.5888783269962
"164","Costa Rica",2006,26.5
"165","Costa Rica",2007,26.4
"166","Costa Rica",2008,26.3
"167","Costa Rica",2009,26.5
"168","Costa Rica",2010,26.5
"169","Costa Rica",2011,26.6
"170","Costa Rica",2012,26.5
"171","Costa Rica",2013,26.7
"172","Croatia",2001,27.8
"173","Croatia",2002,27.9
"174","Croatia",2003,28
"175","Croatia",2004,28.1
"176","Croatia",2005,28.3
"177","Croatia",2006,28.5
"178","Croatia",2007,28.6
"179","Croatia",2008,28.7
"180","Croatia",2009,28.9
"181","Croatia",2010,29.2
"182","Croatia",2011,29.3
"183","Croatia",2012,29.4
"184","Croatia",2013,29.6
"185","Croatia",2014,29.8
"186","Cyprus",1990,27.1
"187","Cyprus",1991,27.2
"188","Cyprus",1992,27.4
"189","Cyprus",1993,27.7
"190","Cyprus",1994,27.8
"191","Cyprus",1995,28.1
"192","Cyprus",1996,28.1
"193","Cyprus",1997,28.3
"194","Cyprus",1998,28.3
"195","Cyprus",1999,28.6
"196","Cyprus",2000,28.7
"197","Cyprus",2001,28.9
"198","Cyprus",2002,29.1
"199","Cyprus",2003,29.3
"200","Cyprus",2004,29.2
"201","Cyprus",2005,29.5
"202","Cyprus",2006,29.8
"203","Cyprus",2007,30
"204","Cyprus",2008,30.1
"205","Cyprus",2009,30.3
"206","Cyprus",2010,30.4
"207","Cyprus",2011,30.5
"208","Cyprus",2012,30.6
"209","Cyprus",2013,30.9
"210","Cyprus",2014,31
"211","Czech Republic",1990,24.8
"212","Czech Republic",1991,24.7
"213","Czech Republic",1992,24.8
"214","Czech Republic",1993,25
"215","Czech Republic",1994,25.4
"216","Czech Republic",1995,25.8
"217","Czech Republic",1996,26.1
"218","Czech Republic",1997,26.4
"219","Czech Republic",1998,26.6
"220","Czech Republic",1999,26.9
"221","Czech Republic",2000,27.2
"222","Czech Republic",2001,27.5
"223","Czech Republic",2002,27.8
"224","Czech Republic",2003,28
"225","Czech Republic",2004,28.3
"226","Czech Republic",2005,28.6
"227","Czech Republic",2006,28.9
"228","Czech Republic",2007,29.1
"229","Czech Republic",2008,29.3
"230","Czech Republic",2009,29.4
"231","Czech Republic",2010,29.6
"232","Czech Republic",2011,29.7
"233","Czech Republic",2012,29.8
"234","Czech Republic",2013,29.9
"235","Czech Republic",2014,29.9
"236","Denmark",1990,28.5
"237","Denmark",1991,28.6
"238","Denmark",1992,28.8
"239","Denmark",1993,28.9
"240","Denmark",1994,29.1
"241","Denmark",1995,29.2
"242","Denmark",1996,29.3
"243","Denmark",1997,29.4
"244","Denmark",1998,29.5
"245","Denmark",1999,29.6
"246","Denmark",2000,29.7
"247","Denmark",2001,29.7
"248","Denmark",2002,29.9
"249","Denmark",2003,30.1
"250","Denmark",2004,30.2
"251","Denmark",2005,30.2
"252","Denmark",2006,30.3
"253","Denmark",2007,30.4
"254","Denmark",2008,30.4
"255","Denmark",2009,30.5
"256","Denmark",2010,30.6
"257","Denmark",2011,30.7
"258","Denmark",2012,30.7
"259","Denmark",2013,30.8
"260","Denmark",2014,30.9
"261","Estonia",1990,25.6
"262","Estonia",1991,25.3
"263","Estonia",1992,25.3
"264","Estonia",1993,25.3
"265","Estonia",1994,25.4
"266","Estonia",1995,25.5
"267","Estonia",1996,25.8
"268","Estonia",1997,26.1
"269","Estonia",1998,26.3
"270","Estonia",1999,26.5
"271","Estonia",2000,26.9
"272","Estonia",2001,27.1
"273","Estonia",2002,27.4
"274","Estonia",2003,27.6
"275","Estonia",2004,27.8
"276","Estonia",2005,28.1
"277","Estonia",2006,28.2
"278","Estonia",2007,28.4
"279","Estonia",2008,28.7
"280","Estonia",2009,28.9
"281","Estonia",2010,29.2
"282","Estonia",2011,29.5
"283","Estonia",2012,29.6
"284","Estonia",2013,29.5
"285","Estonia",2014,29.6
"286","Finland",1990,28.9
"287","Finland",1991,28.9
"288","Finland",1992,28.9
"289","Finland",1993,29
"290","Finland",1994,29.1
"291","Finland",1995,29.3
"292","Finland",1996,29.3
"293","Finland",1997,29.4
"294","Finland",1998,29.5
"295","Finland",1999,29.6
"296","Finland",2000,29.6
"297","Finland",2001,29.6
"298","Finland",2002,29.7
"299","Finland",2003,29.8
"300","Finland",2004,29.9
"301","Finland",2005,29.9
"302","Finland",2006,30
"303","Finland",2007,30
"304","Finland",2008,30.1
"305","Finland",2009,30.1
"306","Finland",2010,30.2
"307","Finland",2011,30.3
"308","Finland",2012,30.4
"309","Finland",2013,30.5
"310","Finland",2014,30.5
"311","France",1998,29.3
"312","France",1999,29.3
"313","France",2000,29.3
"314","France",2001,29.3
"315","France",2002,29.4
"316","France",2003,29.5
"317","France",2004,29.6
"318","France",2005,29.7
"319","France",2006,29.7
"320","France",2007,29.8
"321","France",2008,29.8
"322","France",2009,29.9
"323","France",2010,30
"324","France",2011,30
"325","France",2012,30.1
"326","France",2013,30.2
"327","France",2014,30.3
"328","Germany",2000,28.8
"329","Germany",2001,28.9
"330","Germany",2002,29
"331","Germany",2003,29.2
"332","Germany",2004,29.4
"333","Germany",2005,29.5
"334","Germany",2006,29.7
"335","Germany",2007,29.9
"336","Germany",2008,30.1
"337","Germany",2009,30.2
"338","Germany",2010,30.4
"339","Germany",2011,30.5
"340","Germany",2012,30.6
"341","Germany",2013,30.8
"342","Germany",2014,30.9
"343","Greece",1990,27.2
"344","Greece",1991,27.4
"345","Greece",1992,27.6
"346","Greece",1993,27.9
"347","Greece",1994,28
"348","Greece",1995,28.2
"349","Greece",1996,28.4
"350","Greece",1997,28.6
"351","Greece",1998,28.8
"352","Greece",1999,28.9
"353","Greece",2000,29.5
"354","Greece",2001,29.2
"355","Greece",2002,29.4
"356","Greece",2003,29.5
"357","Greece",2004,29.7
"358","Greece",2005,29.9
"359","Greece",2006,30
"360","Greece",2007,30.1
"361","Greece",2008,30.2
"362","Greece",2009,30.4
"363","Greece",2010,30.4
"364","Greece",2011,30.5
"365","Greece",2012,30.7
"366","Greece",2013,30.9
"367","Greece",2014,31.1
"368","Hungary",1990,25.6
"369","Hungary",1991,25.7
"370","Hungary",1992,25.8
"371","Hungary",1993,26
"372","Hungary",1994,26.2
"373","Hungary",1995,26.3
"374","Hungary",1996,26.5
"375","Hungary",1997,26.6
"376","Hungary",1998,26.8
"377","Hungary",1999,27
"378","Hungary",2000,27.3
"379","Hungary",2001,27.6
"380","Hungary",2002,27.8
"381","Hungary",2003,28
"382","Hungary",2004,28.2
"383","Hungary",2005,28.4
"384","Hungary",2006,28.7
"385","Hungary",2007,28.8
"386","Hungary",2008,28.9
"387","Hungary",2009,29.1
"388","Hungary",2010,29.3
"389","Hungary",2011,29.4
"390","Hungary",2012,29.4
"391","Hungary",2013,29.5
"392","Hungary",2014,29.5
"393","Iceland",1990,27.6
"394","Iceland",1991,28
"395","Iceland",1992,28.5
"396","Iceland",1993,28.6
"397","Iceland",1994,28.6
"398","Iceland",1995,28.7
"399","Iceland",1996,28.8
"400","Iceland",1997,28.6
"401","Iceland",1998,28.7
"402","Iceland",1999,28.7
"403","Iceland",2000,28.9
"404","Iceland",2001,29.1
"405","Iceland",2002,29.3
"406","Iceland",2003,29.3
"407","Iceland",2004,29.5
"408","Iceland",2005,29.4
"409","Iceland",2006,29.5
"410","Iceland",2007,29.6
"411","Iceland",2008,29.8
"412","Iceland",2009,29.9
"413","Iceland",2010,30
"414","Iceland",2011,30.1
"415","Iceland",2012,30.1
"416","Iceland",2013,30.4
"417","Iceland",2014,30.2
"418","Ireland",1990,29.9
"419","Ireland",1991,29.9
"420","Ireland",1992,30
"421","Ireland",1993,30.1
"422","Ireland",1994,30.1
"423","Ireland",1995,30.2
"424","Ireland",1996,30.2
"425","Ireland",1997,30.3
"426","Ireland",1998,30.3
"427","Ireland",1999,30.3
"428","Ireland",2000,30.4
"429","Ireland",2001,30.5
"430","Ireland",2002,30.6
"431","Ireland",2003,30.8
"432","Ireland",2004,30.9
"433","Ireland",2005,31.2
"434","Ireland",2006,31.2
"435","Ireland",2007,31.3
"436","Ireland",2008,31.3
"437","Ireland",2009,31.4
"438","Ireland",2010,31.4
"439","Ireland",2011,31.5
"440","Ireland",2012,31.5
"441","Ireland",2013,31.6
"442","Ireland",2014,31.6
"443","Israel",1990,28.9
"444","Israel",1991,29
"445","Israel",1992,29.1
"446","Israel",1993,29.2
"447","Israel",1994,29.2
"448","Israel",1995,29.2
"449","Israel",1996,29.3
"450","Israel",1997,29.4
"451","Israel",1998,29.4
"452","Israel",1999,29.5
"453","Israel",2000,29.5
"454","Israel",2001,29.6
"455","Israel",2002,29.8
"456","Israel",2003,29.8
"457","Israel",2004,29.9
"458","Israel",2005,30
"459","Israel",2006,30.1
"460","Israel",2007,30.2
"461","Israel",2008,30.2
"462","Israel",2009,30.2
"463","Israel",2010,30.2740105602542
"464","Israel",2011,30.3414653520864
"465","Israel",2012,30.3
"466","Israel",2013,30.4
"467","Italy",1990,28.9
"468","Italy",1991,29.1
"469","Italy",1992,29.3
"470","Italy",1993,29.4
"471","Italy",1994,29.6
"472","Italy",1995,29.8
"473","Italy",1996,29.9
"474","Italy",1997,30.3
"475","Italy",1998,30.3
"476","Italy",1999,30.3
"477","Italy",2000,30.4
"478","Italy",2001,30.5
"479","Italy",2002,30.6
"480","Italy",2003,30.8
"481","Italy",2004,30.8
"482","Italy",2005,30.9
"483","Italy",2006,31
"484","Italy",2007,31
"485","Italy",2008,31.1
"486","Italy",2009,31.2
"487","Italy",2010,31.3
"488","Italy",2011,31.4
"489","Italy",2012,31.4
"490","Italy",2013,31.5
"491","Italy",2014,31.5
"492","Japan",1990,29
"493","Japan",1991,29
"494","Japan",1992,29.1
"495","Japan",1993,29.2
"496","Japan",1994,29.3
"497","Japan",1995,29.4
"498","Japan",1996,29.5
"499","Japan",1997,29.5
"500","Japan",1998,29.6
"501","Japan",1999,29.6
"502","Japan",2000,29.7
"503","Japan",2001,29.7
"504","Japan",2002,29.7
"505","Japan",2003,29.8
"506","Japan",2004,29.9
"507","Japan",2005,30
"508","Japan",2006,30.1
"509","Japan",2007,30.3
"510","Japan",2008,30.3
"511","Japan",2009,30.5
"512","Japan",2010,30.5296154385309
"513","Japan",2011,30.6103546563245
"514","Japan",2012,30.9
"515","Japan",2013,31
"516","Latvia",2000,26.7
"517","Latvia",2001,26.9
"518","Latvia",2002,27.1
"519","Latvia",2003,27.2
"520","Latvia",2004,27.4
"521","Latvia",2005,27.7
"522","Latvia",2006,27.8
"523","Latvia",2007,27.9
"524","Latvia",2008,28.1
"525","Latvia",2009,28.4
"526","Latvia",2010,28.6
"527","Latvia",2011,28.7
"528","Latvia",2012,28.8
"529","Latvia",2013,29
"530","Latvia",2014,29.2
"531","Lithuania",1990,25.9
"532","Lithuania",1991,25.7
"533","Lithuania",1992,25.6
"534","Lithuania",1993,25.7
"535","Lithuania",1994,25.5
"536","Lithuania",1995,25.6
"537","Lithuania",1996,25.8
"538","Lithuania",1997,26
"539","Lithuania",1998,26.3
"540","Lithuania",1999,26.5
"541","Lithuania",2000,26.6
"542","Lithuania",2001,26.8
"543","Lithuania",2002,26.8
"544","Lithuania",2003,27.1
"545","Lithuania",2004,27.3
"546","Lithuania",2005,27.5
"547","Lithuania",2006,27.6
"548","Lithuania",2007,27.8
"549","Lithuania",2008,28.1
"550","Lithuania",2009,28.5
"551","Lithuania",2010,28.9
"552","Lithuania",2011,28.9
"553","Lithuania",2012,29
"554","Lithuania",2013,29.2
"555","Lithuania",2014,29.4
"556","Luxembourg",1990,28.4
"557","Luxembourg",1991,28.4
"558","Luxembourg",1992,28.6
"559","Luxembourg",1993,28.5
"560","Luxembourg",1994,28.7
"561","Luxembourg",1995,28.9
"562","Luxembourg",1996,29.2
"563","Luxembourg",1997,29.2
"564","Luxembourg",1998,29.3
"565","Luxembourg",1999,29.3
"566","Luxembourg",2000,29.3
"567","Luxembourg",2001,29.3
"568","Luxembourg",2002,29.5
"569","Luxembourg",2003,29.6
"570","Luxembourg",2004,29.7
"571","Luxembourg",2005,29.8
"572","Luxembourg",2006,30
"573","Luxembourg",2007,30.2
"574","Luxembourg",2008,30.5
"575","Luxembourg",2009,30.7
"576","Luxembourg",2010,30.8
"577","Luxembourg",2011,30.8
"578","Luxembourg",2012,31
"579","Luxembourg",2013,31.3
"580","Luxembourg",2014,31.4
"581","Malta",1990,28.9
"582","Malta",1991,28.8
"583","Malta",1992,28.8
"584","Malta",1993,28.8
"585","Malta",1994,28.9
"586","Malta",1995,29
"587","Malta",1996,28.8
"588","Malta",1997,28.6
"589","Malta",1998,27.9
"590","Malta",1999,28.8
"591","Malta",2000,27.9
"592","Malta",2001,27.6
"593","Malta",2002,28.7
"594","Malta",2003,28.8
"595","Malta",2004,27.8
"596","Malta",2005,27.9
"597","Malta",2006,29
"598","Malta",2007,29.1
"599","Malta",2008,29.2
"600","Malta",2009,29.2
"601","Malta",2010,29.4
"602","Malta",2011,29.8
"603","Malta",2012,29.8
"604","Malta",2013,30
"605","Malta",2014,30.1
"606","Mexico",1990,27.8
"607","Mexico",1991,27.7
"608","Mexico",1992,28
"609","Mexico",1993,27.9
"610","Mexico",1994,27.8
"611","Mexico",1995,27.8
"612","Mexico",1996,27.8
"613","Mexico",1997,27.7
"614","Mexico",1998,27.5
"615","Mexico",1999,27.4
"616","Mexico",2000,27.3
"617","Mexico",2001,27.2
"618","Mexico",2002,27.2
"619","Mexico",2003,27.2
"620","Mexico",2004,27
"621","Mexico",2005,27
"622","Mexico",2006,27
"623","Mexico",2007,26.9
"624","Mexico",2008,26.8
"625","Mexico",2009,26.7
"626","Mexico",2010,26.6851655629139
"627","Mexico",2011,26.6
"628","Netherlands",1990,29.3
"629","Netherlands",1991,29.5
"630","Netherlands",1992,29.7
"631","Netherlands",1993,29.8
"632","Netherlands",1994,29.9
"633","Netherlands",1995,30
"634","Netherlands",1996,30.2
"635","Netherlands",1997,30.2
"636","Netherlands",1998,30.3
"637","Netherlands",1999,30.3
"638","Netherlands",2000,30.3
"639","Netherlands",2001,30.3
"640","Netherlands",2002,30.4
"641","Netherlands",2003,30.4
"642","Netherlands",2004,30.5
"643","Netherlands",2005,30.6
"644","Netherlands",2006,30.6
"645","Netherlands",2007,30.6
"646","Netherlands",2008,30.7
"647","Netherlands",2009,30.7
"648","Netherlands",2010,30.8
"649","Netherlands",2011,30.9
"650","Netherlands",2012,30.9
"651","Netherlands",2013,31
"652","Netherlands",2014,31.1
"653","New Zealand",1990,27.8
"654","New Zealand",1991,27.9
"655","New Zealand",1992,28.1
"656","New Zealand",1993,28.2
"657","New Zealand",1994,28.3
"658","New Zealand",1995,28.3
"659","New Zealand",1996,28.4
"660","New Zealand",1997,28.6
"661","New Zealand",1998,28.8
"662","New Zealand",1999,28.9
"663","New Zealand",2000,29
"664","New Zealand",2001,29
"665","New Zealand",2002,29.3
"666","New Zealand",2003,29.4
"667","New Zealand",2004,29.4
"668","New Zealand",2005,29.5
"669","New Zealand",2006,29.5
"670","New Zealand",2007,29.5
"671","New Zealand",2008,29.5
"672","New Zealand",2009,29.6
"673","New Zealand",2010,29.7
"674","New Zealand",2011,29.8
"675","New Zealand",2012,29.8
"676","New Zealand",2013,30
"677","Norway",1990,28.1
"678","Norway",1991,28.3
"679","Norway",1992,28.4
"680","Norway",1993,28.6
"681","Norway",1994,28.7
"682","Norway",1995,28.8
"683","Norway",1996,28.9
"684","Norway",1997,29.1
"685","Norway",1998,29.2
"686","Norway",1999,29.2
"687","Norway",2000,29.3
"688","Norway",2001,29.4
"689","Norway",2002,29.5
"690","Norway",2003,29.7
"691","Norway",2004,29.7
"692","Norway",2005,29.8
"693","Norway",2006,29.8
"694","Norway",2007,29.9
"695","Norway",2008,29.9
"696","Norway",2009,30
"697","Norway",2010,30.1
"698","Norway",2011,30.3
"699","Norway",2012,30.3
"700","Norway",2013,30.5
"701","Norway",2014,30.6
"702","Poland",1990,26.2
"703","Poland",1991,26.3
"704","Poland",1992,26.4
"705","Poland",1993,26.6
"706","Poland",1994,26.8
"707","Poland",1995,26.9
"708","Poland",1996,27
"709","Poland",1997,27.1
"710","Poland",1998,27.2
"711","Poland",1999,27.3
"712","Poland",2000,27.3
"713","Poland",2001,27.6
"714","Poland",2002,27.7
"715","Poland",2003,27.9
"716","Poland",2004,28
"717","Poland",2005,28.2
"718","Poland",2006,28.3
"719","Poland",2007,28.4
"720","Poland",2008,28.5
"721","Poland",2009,28.6
"722","Poland",2010,28.8
"723","Poland",2011,28.9
"724","Poland",2012,28.9
"725","Poland",2013,29
"726","Poland",2014,29.1
"727","Portugal",1990,27.3
"728","Portugal",1991,27.5
"729","Portugal",1992,27.6
"730","Portugal",1993,27.7
"731","Portugal",1994,27.8
"732","Portugal",1995,28
"733","Portugal",1996,28.1
"734","Portugal",1997,28.2
"735","Portugal",1998,28.4
"736","Portugal",1999,28.5
"737","Portugal",2000,28.6
"738","Portugal",2001,28.7
"739","Portugal",2002,28.9
"740","Portugal",2003,29
"741","Portugal",2004,29.2
"742","Portugal",2005,29.3
"743","Portugal",2006,29.4
"744","Portugal",2007,29.4
"745","Portugal",2008,29.6
"746","Portugal",2009,29.7
"747","Portugal",2010,29.8
"748","Portugal",2011,30.1
"749","Portugal",2012,30.2
"750","Portugal",2013,30.4
"751","Portugal",2014,30.7
"752","Romania",1990,25.5
"753","Romania",1991,24.9
"754","Romania",1992,24.8
"755","Romania",1993,24.7
"756","Romania",1994,24.9
"757","Romania",1995,25
"758","Romania",1996,25.2
"759","Romania",1997,25.3
"760","Romania",1998,25.4
"761","Romania",1999,25.5
"762","Romania",2000,25.7
"763","Romania",2001,25.9
"764","Romania",2002,26.1
"765","Romania",2003,26.2
"766","Romania",2004,26.5
"767","Romania",2005,26.7
"768","Romania",2006,26.8
"769","Romania",2007,26.8
"770","Romania",2008,26.7
"771","Romania",2009,26.8
"772","Romania",2010,27
"773","Romania",2011,27.1
"774","Romania",2012,27.2
"775","Romania",2013,27.5
"776","Romania",2014,27.5
"777","Slovak Republic",1990,25.1
"778","Slovak Republic",1991,25
"779","Slovak Republic",1992,25.1
"780","Slovak Republic",1993,25.3
"781","Slovak Republic",1994,25.4
"782","Slovak Republic",1995,25.6
"783","Slovak Republic",1996,25.8
"784","Slovak Republic",1997,26
"785","Slovak Republic",1998,26.2
"786","Slovak Republic",1999,26.4
"787","Slovak Republic",2000,26.6
"788","Slovak Republic",2001,26.8
"789","Slovak Republic",2002,27
"790","Slovak Republic",2003,27.3
"791","Slovak Republic",2004,27.4
"792","Slovak Republic",2005,27.7
"793","Slovak Republic",2006,27.9
"794","Slovak Republic",2007,28.1
"795","Slovak Republic",2008,28.3
"796","Slovak Republic",2009,28.5
"797","Slovak Republic",2010,28.6
"798","Slovak Republic",2011,28.9
"799","Slovak Republic",2012,28.7
"800","Slovak Republic",2013,28.8
"801","Slovak Republic",2014,28.8
"802","Slovenia",1990,25.9
"803","Slovenia",1991,26.1
"804","Slovenia",1992,26.2
"805","Slovenia",1993,26.6
"806","Slovenia",1994,26.8
"807","Slovenia",1995,27.1
"808","Slovenia",1996,27.3
"809","Slovenia",1997,27.5
"810","Slovenia",1998,27.8
"811","Slovenia",1999,28
"812","Slovenia",2000,28.2
"813","Slovenia",2001,28.5
"814","Slovenia",2002,28.8
"815","Slovenia",2003,28.9
"816","Slovenia",2004,29.2
"817","Slovenia",2005,29.4
"818","Slovenia",2006,29.6
"819","Slovenia",2007,29.8
"820","Slovenia",2008,29.9
"821","Slovenia",2009,30
"822","Slovenia",2010,30.1
"823","Slovenia",2011,30.1
"824","Slovenia",2012,30.1
"825","Slovenia",2013,30.1
"826","Slovenia",2014,30.2
"827","Spain",1990,28.9
"828","Spain",1991,29
"829","Spain",1992,29.2
"830","Spain",1993,29.5
"831","Spain",1994,29.7
"832","Spain",1995,30
"833","Spain",1996,30.2
"834","Spain",1997,30.4
"835","Spain",1998,30.5
"836","Spain",1999,30.7
"837","Spain",2000,30.7
"838","Spain",2001,30.8
"839","Spain",2002,30.8
"840","Spain",2003,30.8
"841","Spain",2004,30.9
"842","Spain",2005,30.9
"843","Spain",2006,30.9
"844","Spain",2007,30.8
"845","Spain",2008,30.8
"846","Spain",2009,31
"847","Spain",2010,31.2
"848","Spain",2011,31.4
"849","Spain",2012,31.6
"850","Spain",2013,31.7
"851","Spain",2014,31.8
"852","Sweden",1990,28.6
"853","Sweden",1991,28.7
"854","Sweden",1992,28.8
"855","Sweden",1993,29
"856","Sweden",1994,29.1
"857","Sweden",1995,29.2
"858","Sweden",1996,29.4
"859","Sweden",1997,29.5
"860","Sweden",1998,29.7
"861","Sweden",1999,29.8
"862","Sweden",2000,29.9
"863","Sweden",2001,30
"864","Sweden",2002,30.1
"865","Sweden",2003,30.3
"866","Sweden",2004,30.4
"867","Sweden",2005,30.5
"868","Sweden",2006,30.6
"869","Sweden",2007,30.6
"870","Sweden",2008,30.6
"871","Sweden",2009,30.7
"872","Sweden",2010,30.7
"873","Sweden",2011,30.8
"874","Sweden",2012,30.9
"875","Sweden",2013,30.9
"876","Sweden",2014,31
"877","Switzerland",1990,28.9
"878","Switzerland",1991,29
"879","Switzerland",1992,29.1
"880","Switzerland",1993,29.2
"881","Switzerland",1994,29.4
"882","Switzerland",1995,29.4
"883","Switzerland",1996,29.5
"884","Switzerland",1997,29.6
"885","Switzerland",1998,29.7
"886","Switzerland",1999,29.7
"887","Switzerland",2000,29.8
"888","Switzerland",2001,30
"889","Switzerland",2002,30.1
"890","Switzerland",2003,30.2
"891","Switzerland",2004,30.4
"892","Switzerland",2005,30.6
"893","Switzerland",2006,30.7
"894","Switzerland",2007,30.9
"895","Switzerland",2008,31
"896","Switzerland",2009,31.2
"897","Switzerland",2010,31.2
"898","Switzerland",2011,31.4
"899","Switzerland",2012,31.5
"900","Switzerland",2013,31.6
"901","Switzerland",2014,31.8
"902","Turkey",2008,27.7
"903","Turkey",2009,27.7
"904","Turkey",2010,27.9
"905","Turkey",2011,27.9
"906","Turkey",2012,28.1
"907","Turkey",2013,28.3
"908","Turkey",2014,28.4
"909","United Kingdom",1990,27.7
"910","United Kingdom",1991,27.7
"911","United Kingdom",1992,27.8
"912","United Kingdom",1993,28
"913","United Kingdom",1994,28.1
"914","United Kingdom",1995,28.2
"915","United Kingdom",1996,28.2
"916","United Kingdom",1997,28.3
"917","United Kingdom",1998,28.4
"918","United Kingdom",1999,28.4
"919","United Kingdom",2000,28.5
"920","United Kingdom",2001,28.6
"921","United Kingdom",2002,28.7
"922","United Kingdom",2003,28.9
"923","United Kingdom",2004,29
"924","United Kingdom",2005,29.1
"925","United Kingdom",2006,29.2
"926","United Kingdom",2007,29.3
"927","United Kingdom",2008,29.3
"928","United Kingdom",2009,29.4
"929","United Kingdom",2010,29.5
"930","United Kingdom",2011,29.7
"931","United Kingdom",2012,29.8
"932","United Kingdom",2013,30
"933","United Kingdom",2014,30.2
"934","United States",1990,26.6
"935","United States",1991,26.5
"936","United States",1992,26.6
"937","United States",1993,26.7
"938","United States",1994,26.8
"939","United States",1995,26.9
"940","United States",1996,27
"941","United States",1997,27.1
"942","United States",1998,27.2
"943","United States",1999,27.3
"944","United States",2000,27.4
"945","United States",2001,27.5
"946","United States",2002,27.7
"947","United States",2003,27.8
"948","United States",2004,27.9
"949","United States",2005,28
"950","United States",2006,27.9
"951","United States",2007,28
"952","United States",2008,28
"953","United States",2009,28.1
"954","United States",2010,28.3
"955","United States",2011,28.5
"956","United States",2012,28.6
"957","United States",2013,28.8
