"","Country","Year","Fertility","AgeAtBirth","OutOfWedlock","Marriage","Divorce","TwoParents","SingleParent","OtherParent"
"1","Australia","1990","1.9","28.4","21.9","6.9","2.5",NA,NA,NA
"2","Australia","1991","1.8","28.4","23.0","6.6","2.6",NA,NA,NA
"3","Australia","1992","1.9","28.6","24.0","6.6","2.6",NA,NA,NA
"4","Australia","1993","1.9","28.7","24.9","6.4","2.7",NA,NA,NA
"5","Australia","1994","1.8","28.8","25.6","6.2","2.7",NA,NA,NA
"6","Australia","1995","1.8","28.9","26.6","6.1","2.8",NA,NA,NA
"7","Australia","1996","1.8","29.0","27.4","5.8","2.9",NA,NA,NA
"8","Australia","1997","1.8","29.1","28.1","5.8","2.8",NA,NA,NA
"9","Australia","1998","1.8","29.3","28.7","5.9","2.7",NA,NA,NA
"10","Australia","1999","1.8","29.4","29.2","6.0","2.8",NA,NA,NA
"11","Australia","2000","1.8","29.5","29.3","5.9","2.6",NA,NA,NA
"12","Australia","2001","1.7","29.5","30.7","5.3","2.8",NA,NA,NA
"13","Australia","2002","1.8","29.7","31.3","5.4","2.7",NA,NA,NA
"14","Australia","2003","1.8","29.9","31.6","5.3","2.7","80.1","19.5","0.5"
"15","Australia","2004","1.8","30.0","32.2","5.5","2.6",NA,NA,NA
"16","Australia","2005","1.8","30.1","32.2","5.4","2.6",NA,NA,NA
"17","Australia","2006","1.9","30.2","32.7","5.5","2.5","81.5","18.0","0.5"
"18","Australia","2007","2.0","30.2","33.3","5.5","2.3",NA,NA,NA
"19","Australia","2008","2.0","30.3","34.3","5.5","2.2",NA,NA,NA
"20","Australia","2009","2.0","30.3","34.5","5.5","2.3","82.0","17.6","0.4"
"21","Australia","2010","2.0","30.5","33.8","5.4","2.3",NA,NA,NA
"22","Australia","2011","1.9","30.5","34.2","5.4","2.2",NA,NA,NA
"23","Australia","2012","1.9","30.5","34.5","5.4","2.2","81.3","18.0","0.6"
"24","Australia","2013","1.9","30.6","34.4","5.1","2.1",NA,NA,NA
"25","Australia","2014","1.8",NA,"34.4","5.2","2.0",NA,NA,NA
"26","Australia","2015","1.8",NA,NA,"4.8","2.0",NA,NA,NA
"27","Australia","2016","1.8",NA,NA,"4.9","1.9",NA,NA,NA
"28","Austria","1990","1.5","27.2","23.6","5.9","2.1",NA,NA,NA
"29","Austria","1991","1.5","27.2","24.8","5.7","2.1",NA,NA,NA
"30","Austria","1992","1.5","27.3","25.2","5.8","2.1",NA,NA,NA
"31","Austria","1993","1.5","27.3","26.3","5.7","2.1",NA,NA,NA
"32","Austria","1994","1.5","27.5","26.8","5.5","2.1",NA,NA,NA
"33","Austria","1995","1.4","27.7","27.4","5.4","2.3",NA,NA,NA
"34","Austria","1996","1.4","27.8","28.0","5.3","2.3",NA,NA,NA
"35","Austria","1997","1.4","27.9","28.8","5.2","2.3",NA,NA,NA
"36","Austria","1998","1.4","28.0","29.5","4.9","2.2",NA,NA,NA
"37","Austria","1999","1.3","28.2","30.5","4.9","2.3",NA,NA,NA
"38","Austria","2000","1.4","28.2","31.3","4.9","2.4",NA,NA,NA
"39","Austria","2001","1.3","28.4","33.1","4.3","2.6",NA,NA,NA
"40","Austria","2002","1.4","28.6","33.8","4.5","2.5",NA,NA,NA
"41","Austria","2003","1.4","28.8","35.3","4.6","2.3","81.2","16.8","2.0"
"42","Austria","2004","1.4","28.8","35.9","4.7","2.4","81.4","16.5","2.0"
"43","Austria","2005","1.4","29.0","36.5","4.8","2.4","83.6","15.5","1.0"
"44","Austria","2006","1.4","29.2","37.2","4.5","2.5","82.0","17.3","0.6"
"45","Austria","2007","1.4","29.4","38.3","4.3","2.5","80.6","17.5","1.9"
"46","Austria","2008","1.4","29.5","38.8","4.2","2.4","81.5","16.6","2.0"
"47","Austria","2009","1.4","29.7","39.3","4.3","2.3","82.3","17.0","0.6"
"48","Austria","2010","1.4","29.8","40.1","4.5","2.1","82.3","17.1","0.5"
"49","Austria","2011","1.4","30.0","40.4","4.3","2.1","82.7","17.0","0.3"
"50","Austria","2012","1.4","30.2","41.5","4.6","2.0","83.5","16.3","0.3"
"51","Austria","2013","1.4","30.3",NA,"4.3","1.9","80.8","18.9","0.3"
"52","Austria","2014","1.5","30.4",NA,"4.4","1.9","79.3","20.7","0.1"
"53","Austria","2015","1.5",NA,NA,"5.1","1.9","81.3","18.3","0.4"
"54","Austria","2016","1.5",NA,NA,"5.1","1.8","82.9","16.3","0.8"
"55","Austria","2017",NA,NA,NA,NA,NA,"84.0","15.7","0.3"
"56","Belgium","1990","1.6","27.9","11.6","6.5","2.0",NA,NA,NA
"57","Belgium","1991","1.7","28.0","12.6","6.1","2.1",NA,NA,NA
"58","Belgium","1992","1.6","28.1","13.6","5.8","2.2",NA,NA,NA
"59","Belgium","1993","1.6","28.2","14.5","5.4","2.1",NA,NA,NA
"60","Belgium","1994","1.5","28.3","15.8","5.1","2.2",NA,NA,NA
"61","Belgium","1995","1.5","28.5","17.3","5.1","3.5",NA,NA,NA
"62","Belgium","1996","1.6","28.5","19.1","5.0","2.8",NA,NA,NA
"63","Belgium","1997","1.6","28.6","21.0","4.7","2.6",NA,NA,NA
"64","Belgium","1998","1.6","28.7","23.2","4.4","2.6",NA,NA,NA
"65","Belgium","1999","1.6","28.8","25.5","4.3","2.6",NA,NA,NA
"66","Belgium","2000","1.6","28.8","28.0","4.4","2.6",NA,NA,NA
"67","Belgium","2001","1.6","28.9","30.2","4.1","2.8",NA,NA,NA
"68","Belgium","2002","1.6","29.0","32.5","3.9","3.0",NA,NA,NA
"69","Belgium","2003","1.6","29.1","34.7","4.0","3.0","69.6","21.8","8.7"
"70","Belgium","2004","1.7","29.2","36.9","4.2","3.0","73.5","22.9","3.5"
"71","Belgium","2005","1.7","29.3","39.4","4.1","2.9","74.5","22.9","2.5"
"72","Belgium","2006","1.8","29.4","40.9","4.2","2.8","72.8","25.0","2.1"
"73","Belgium","2007","1.8","29.5","43.2","4.3","2.8","75.1","22.5","2.5"
"74","Belgium","2008","1.9","29.6","44.6","4.3","3.3","76.8","20.9","2.4"
"75","Belgium","2009","1.8","29.6","45.5","4.0","3.0","75.4","21.9","2.6"
"76","Belgium","2010","1.8","29.8","45.7","3.9","2.7","71.3","22.1","6.7"
"77","Belgium","2011","1.8","29.9","50.0","3.7","2.5","68.7","26.2","5.1"
"78","Belgium","2012","1.8","30.0","52.3","3.8","2.3","75.1","23.5","1.4"
"79","Belgium","2013","1.7","30.2",NA,"3.4","2.2","76.2","22.8","1.0"
"80","Belgium","2014","1.7","30.3",NA,"3.6","2.2","74.5","23.6","1.9"
"81","Belgium","2015","1.7",NA,NA,"4.0","2.2","73.8","25.0","1.2"
"82","Belgium","2016","1.7",NA,NA,"3.9","2.1","76.1","22.9","1.0"
"83","Belgium","2017",NA,NA,NA,NA,NA,"73.8","24.6","1.7"
"84","Canada","1990","1.7","27.8",NA,"6.8","2.8",NA,NA,NA
"85","Canada","1991","1.7",NA,"27.0","6.1","2.8",NA,NA,NA
"86","Canada","1992","1.7","27.9","28.2","5.8","2.8",NA,NA,NA
"87","Canada","1993","1.7","28.0","29.2","5.6","2.7",NA,NA,NA
"88","Canada","1994","1.6","28.1","29.6","5.5","2.7",NA,NA,NA
"89","Canada","1995","1.6","28.2","30.5","5.5","2.7",NA,NA,NA
"90","Canada","1996","1.6","28.4","30.9","5.3","2.4",NA,NA,NA
"91","Canada","1997","1.6","28.5","31.4","5.1","2.3",NA,NA,NA
"92","Canada","1998","1.5",NA,"31.3","5.1","2.3",NA,NA,NA
"93","Canada","1999","1.5","28.7","31.2","5.1","2.3",NA,NA,NA
"94","Canada","2000","1.5","28.8","31.7","5.1","2.3",NA,NA,NA
"95","Canada","2001","1.5","29.0","31.4","4.7","2.3","80.4","18.4","1.2"
"96","Canada","2002","1.5","29.2","31.6","4.7","2.2",NA,NA,NA
"97","Canada","2003","1.5","29.3","29.2","4.7","2.2",NA,NA,NA
"98","Canada","2004","1.5","29.5","28.8","4.6","2.2",NA,NA,NA
"99","Canada","2005","1.5","29.6","29.1","4.6","2.2",NA,NA,NA
"100","Canada","2006","1.6","29.6","30.6","4.6","2.3","79.4","19.2","1.4"
"101","Canada","2007","1.7","29.7","31.0","4.5","2.2",NA,NA,NA
"102","Canada","2008","1.7","29.8","32.1","4.4","2.1",NA,NA,NA
"103","Canada","2009","1.7","29.9","32.2",NA,NA,NA,NA,NA
"104","Canada","2010","1.6","30.0","32.3",NA,NA,NA,NA,NA
"105","Canada","2011","1.6","30.2","33.4",NA,NA,"78.4","20.3","1.3"
"106","Canada","2012","1.6",NA,"33.0",NA,NA,NA,NA,NA
"107","Canada","2013","1.6",NA,NA,NA,NA,NA,NA,NA
"108","Canada","2014","1.6",NA,NA,NA,NA,NA,NA,NA
"109","Canada","2015","1.6",NA,NA,NA,NA,NA,NA,NA
"110","Canada","2016","1.5",NA,NA,NA,NA,"79.5","19.2","1.9"
"111","Chile","1990","2.6","27.3",NA,NA,NA,NA,NA,NA
"112","Chile","1991","2.6","27.5",NA,NA,NA,NA,NA,NA
"113","Chile","1992","2.6","27.5",NA,"6.6",NA,NA,NA,NA
"114","Chile","1993","2.5","27.5",NA,"6.7",NA,NA,NA,NA
"115","Chile","1994","2.4","27.4",NA,"6.5",NA,NA,NA,NA
"116","Chile","1995","2.4","27.4",NA,"6.1","0.5",NA,NA,NA
"117","Chile","1996","2.3","27.3",NA,"5.8","0.4",NA,NA,NA
"118","Chile","1997","2.2","27.3",NA,"5.3","0.4",NA,NA,NA
"119","Chile","1998","2.2","27.3",NA,"5.0","0.4",NA,NA,NA
"120","Chile","1999","2.1","27.4",NA,"4.6","0.4",NA,NA,NA
"121","Chile","2000","2.1","27.5",NA,"4.4",NA,NA,NA,NA
"122","Chile","2001","2.0","27.6",NA,"4.1",NA,NA,NA,NA
"123","Chile","2002","1.9","27.7","52.2","3.9",NA,"69.0","22.0","9.0"
"124","Chile","2003","1.9","27.9",NA,"3.6",NA,NA,NA,NA
"125","Chile","2004","1.9",NA,NA,"3.3",NA,NA,NA,NA
"126","Chile","2005","1.8","27.9",NA,"3.3",NA,NA,NA,NA
"127","Chile","2006","1.8","27.8","61.2","3.5","0.2",NA,NA,NA
"128","Chile","2007","1.9","27.8","63.1","3.5","0.1",NA,NA,NA
"129","Chile","2008","1.9","27.7","65.1","3.3","0.1",NA,NA,NA
"130","Chile","2009","1.9",NA,"67.4","3.3","0.1",NA,NA,NA
"131","Chile","2010","1.9",NA,"68.5","3.5","0.1",NA,NA,NA
"132","Chile","2011","1.9","28.0","69.3","3.8",NA,NA,NA,NA
"133","Chile","2012","1.8","28.1","70.3","3.7",NA,NA,NA,NA
"134","Chile","2013","1.8",NA,"71.1","3.5",NA,NA,NA,NA
"135","Chile","2014","1.9",NA,NA,"3.6",NA,NA,NA,NA
"136","Chile","2015","1.8",NA,NA,"3.4",NA,NA,NA,NA
"137","Czech Republic","1990","1.9","24.8","8.6","8.8","3.1",NA,NA,NA
"138","Czech Republic","1991","1.9","24.7","9.8","7.0","2.8",NA,NA,NA
"139","Czech Republic","1992","1.7","24.8","10.7","7.2","2.8",NA,NA,NA
"140","Czech Republic","1993","1.7","25.0","12.7","6.4","2.9",NA,NA,NA
"141","Czech Republic","1994","1.4","25.4","14.5","5.7","3.0",NA,NA,NA
"142","Czech Republic","1995","1.3","25.8","15.6","5.3","3.0",NA,NA,NA
"143","Czech Republic","1996","1.2","26.1","16.9","5.2","3.2",NA,NA,NA
"144","Czech Republic","1997","1.2","26.4","17.8","5.6","3.2",NA,NA,NA
"145","Czech Republic","1998","1.2","26.6","19.0","5.3","3.1",NA,NA,NA
"146","Czech Republic","1999","1.1","26.9","20.6","5.2","2.3",NA,NA,NA
"147","Czech Republic","2000","1.1","27.2","21.8","5.4","2.9",NA,NA,NA
"148","Czech Republic","2001","1.1","27.5","23.5","5.1","3.1",NA,NA,NA
"149","Czech Republic","2002","1.2","27.8","25.3","5.2","3.1",NA,NA,NA
"150","Czech Republic","2003","1.2","28.0","28.5","4.8","3.8",NA,NA,NA
"151","Czech Republic","2004","1.2","28.3","30.6","5.0","3.2",NA,NA,NA
"152","Czech Republic","2005","1.3","28.6","31.7","5.1","3.1","84.0","14.5","1.5"
"153","Czech Republic","2006","1.3","28.9","33.3","5.2","3.1","84.7","14.4","1.0"
"154","Czech Republic","2007","1.4","29.1","34.5","5.5","3.0","83.9","15.6","0.5"
"155","Czech Republic","2008","1.5","29.3","36.3","5.1","3.0","84.4","14.9","0.7"
"156","Czech Republic","2009","1.5","29.4","38.8","4.6","2.8","85.8","13.7","0.5"
"157","Czech Republic","2010","1.5","29.6","40.3","4.5","2.9","85.3","14.4","0.3"
"158","Czech Republic","2011","1.4","29.7","41.8","4.3","2.7","85.9","13.9","0.3"
"159","Czech Republic","2012","1.5","29.8","43.4","4.3","2.5","85.1","14.4","0.4"
"160","Czech Republic","2013","1.5","29.9","45.0","4.1","2.7","85.7","14.0","0.3"
"161","Czech Republic","2014","1.5","29.9","46.7","4.3","2.5","84.2","14.8","1.1"
"162","Czech Republic","2015","1.6",NA,NA,"4.6","2.5","84.9","14.6","0.6"
"163","Czech Republic","2016","1.6",NA,NA,"4.8","2.4","86.4","13.0","0.6"
"164","Czech Republic","2017",NA,NA,NA,NA,NA,"85.7","13.7","0.6"
"165","Denmark","1990","1.7","28.5","46.4","6.1","2.7",NA,NA,NA
"166","Denmark","1991","1.7","28.6","46.5","6.0","2.5",NA,NA,NA
"167","Denmark","1992","1.8","28.8","46.4","6.2","2.5",NA,NA,NA
"168","Denmark","1993","1.8","28.9","46.8","6.1","2.5",NA,NA,NA
"169","Denmark","1994","1.8","29.1","46.9","6.8","2.6",NA,NA,NA
"170","Denmark","1995","1.8","29.2","46.5","6.6","2.5",NA,NA,NA
"171","Denmark","1996","1.8","29.3","46.3","6.8","2.4",NA,NA,NA
"172","Denmark","1997","1.8","29.4","45.1","6.5","2.4",NA,NA,NA
"173","Denmark","1998","1.7","29.5","44.8","6.5","2.5",NA,NA,NA
"174","Denmark","1999","1.7","29.6","44.9","6.7","2.5",NA,NA,NA
"175","Denmark","2000","1.8","29.7","44.6","7.2","2.7",NA,NA,NA
"176","Denmark","2001","1.7","29.7","44.6","6.8","2.7",NA,NA,NA
"177","Denmark","2002","1.7","29.9","44.6","6.9","2.8",NA,NA,NA
"178","Denmark","2003","1.8","30.1","44.9","6.5","2.9","73.3","26.1","0.5"
"179","Denmark","2004","1.8","30.2","45.4","7.0","2.9","74.9","24.5","0.5"
"180","Denmark","2005","1.8","30.2","45.7","6.7","2.8","74.3","24.0","1.7"
"181","Denmark","2006","1.8","30.3","46.4","6.7","2.6","74.3","24.5","1.2"
"182","Denmark","2007","1.8","30.4","46.1","6.7","2.6","73.8","24.9","1.3"
"183","Denmark","2008","1.9","30.4","46.2","6.8","2.7","75.4","23.9","0.7"
"184","Denmark","2009","1.8","30.5","46.8","6.0","2.7","73.8","25.0","1.1"
"185","Denmark","2010","1.9","30.6","47.3","5.6","2.6","73.7","25.0","1.4"
"186","Denmark","2011","1.8","30.7","49.0","4.9","2.6","75.0","24.3","0.6"
"187","Denmark","2012","1.7","30.7","50.6","5.1","2.8","74.0","21.5","4.5"
"188","Denmark","2013","1.7","30.8","51.5","4.9","3.4","75.5","21.5","3.0"
"189","Denmark","2014","1.7","30.9","52.5","5.0","3.4","73.0","22.3","4.7"
"190","Denmark","2015","1.7",NA,NA,"5.1","2.9","72.7","25.8","1.5"
"191","Denmark","2016","1.8",NA,NA,"5.4","3.0","75.7","23.5","0.8"
"192","Denmark","2017",NA,NA,NA,NA,NA,"78.5","20.4","1.1"
"193","Estonia","1990","2.1","25.6","27.2","7.5","3.7",NA,NA,NA
"194","Estonia","1991","1.8","25.3","31.2","6.6","3.7",NA,NA,NA
"195","Estonia","1992","1.7","25.3","33.9","5.8","4.3",NA,NA,NA
"196","Estonia","1993","1.5","25.3","38.2","5.2","3.9",NA,NA,NA
"197","Estonia","1994","1.4","25.4","41.0","5.0","3.8",NA,NA,NA
"198","Estonia","1995","1.4","25.5","44.2","4.9","5.2",NA,NA,NA
"199","Estonia","1996","1.4","25.8","48.1","3.9","4.0",NA,NA,NA
"200","Estonia","1997","1.3","26.1","51.6","4.0","3.8",NA,NA,NA
"201","Estonia","1998","1.3","26.3","52.5","3.9","3.2",NA,NA,NA
"202","Estonia","1999","1.3","26.5","54.2","4.0","3.3",NA,NA,NA
"203","Estonia","2000","1.4","26.9","54.5","3.9","3.0",NA,NA,NA
"204","Estonia","2001","1.3","27.1","56.2","4.1","3.1",NA,NA,NA
"205","Estonia","2002","1.4","27.4","56.3","4.2","3.0",NA,NA,NA
"206","Estonia","2003","1.4","27.6","57.8","4.2","2.9",NA,NA,NA
"207","Estonia","2004","1.5","27.8","58.0","4.4","3.1","72.8","25.7","1.4"
"208","Estonia","2005","1.5","28.1","58.5","4.5","3.0","72.1","26.5","1.4"
"209","Estonia","2006","1.6","28.2","58.2","5.2","2.8","74.9","23.7","1.3"
"210","Estonia","2007","1.7","28.4","57.8","5.2","2.8","76.5","21.7","1.7"
"211","Estonia","2008","1.7","28.7","59.0","4.6","2.6","77.6","21.0","1.4"
"212","Estonia","2009","1.7","28.9","59.2","4.0","2.4","79.0","19.5","1.4"
"213","Estonia","2010","1.7","29.2","59.1","3.8","2.2","80.8","17.9","1.2"
"214","Estonia","2011","1.6","29.5","59.7","4.1","2.3","82.7","16.3","1.0"
"215","Estonia","2012","1.6","29.6","58.4","4.5","2.4","80.6","18.3","1.1"
"216","Estonia","2013","1.5","29.5",NA,"4.3","2.5","81.8","17.2","1.0"
"217","Estonia","2014","1.5","29.6",NA,"4.7","2.4","82.8","16.2","1.0"
"218","Estonia","2015","1.6",NA,NA,"5.2","2.6","83.9","15.2","0.9"
"219","Estonia","2016","1.6",NA,NA,"4.8","2.5","84.0","15.5","0.5"
"220","Estonia","2017",NA,NA,NA,NA,NA,"83.8","15.5","0.7"
"221","Finland","1990","1.8","28.9","25.2","5.0","2.6",NA,NA,NA
"222","Finland","1991","1.8","28.9","27.4","4.9","2.6",NA,NA,NA
"223","Finland","1992","1.9","28.9","28.9","4.7","2.6",NA,NA,NA
"224","Finland","1993","1.8","29.0","30.3","4.9","2.5",NA,NA,NA
"225","Finland","1994","1.9","29.1","31.3","4.9","2.7",NA,NA,NA
"226","Finland","1995","1.8","29.3","33.1","4.6","2.7",NA,NA,NA
"227","Finland","1996","1.8","29.3","35.4","4.8","2.7",NA,NA,NA
"228","Finland","1997","1.8","29.4","36.5","4.6","2.6",NA,NA,NA
"229","Finland","1998","1.7","29.5","37.2","4.7","2.7",NA,NA,NA
"230","Finland","1999","1.7","29.6","38.7","4.7","2.7",NA,NA,NA
"231","Finland","2000","1.7","29.6","39.2","5.1","2.7",NA,NA,NA
"232","Finland","2001","1.7","29.6","39.5","4.8","2.6",NA,NA,NA
"233","Finland","2002","1.7","29.7","39.9","5.2","2.6",NA,NA,NA
"234","Finland","2003","1.8","29.8","40.0","5.0","2.6",NA,NA,NA
"235","Finland","2004","1.8","29.9","40.8","5.6","2.5","85.1","14.0","0.9"
"236","Finland","2005","1.8","29.9","40.4","5.6","2.6","84.5","14.4","1.2"
"237","Finland","2006","1.8","30.0","40.5","5.4","2.5","84.6","14.0","1.4"
"238","Finland","2007","1.8","30.0","40.6","5.6","2.5","85.0","14.4","0.5"
"239","Finland","2008","1.9","30.1","40.7","5.8","2.5","86.0","13.5","0.6"
"240","Finland","2009","1.9","30.1","40.9","5.6","2.5","87.3","12.3","0.5"
"241","Finland","2010","1.9","30.2","41.1","5.6","2.5","87.1","12.4","0.4"
"242","Finland","2011","1.8","30.3","40.9","5.3","2.5","87.2","12.3","0.5"
"243","Finland","2012","1.8","30.4","41.5","5.3","2.4","86.5","13.1","0.4"
"244","Finland","2013","1.8","30.5","42.1","4.6","2.5","85.7","13.9","0.4"
"245","Finland","2014","1.7","30.5","42.8","4.5","2.5","85.9","13.9","0.2"
"246","Finland","2015","1.7",NA,NA,"4.5","2.5","86.7","13.1","0.3"
"247","Finland","2016","1.6",NA,NA,"4.5","2.5","86.4","13.2","0.5"
"248","Finland","2017",NA,NA,NA,NA,NA,"85.7","13.7","0.7"
"249","France","1990","1.8",NA,NA,NA,NA,NA,NA,NA
"250","France","1991","1.8",NA,NA,NA,NA,NA,NA,NA
"251","France","1992","1.7",NA,NA,NA,NA,NA,NA,NA
"252","France","1993","1.7",NA,NA,NA,NA,NA,NA,NA
"253","France","1994","1.7",NA,NA,"4.4",NA,NA,NA,NA
"254","France","1995","1.7",NA,NA,"4.4","2.1",NA,NA,NA
"255","France","1996","1.7",NA,NA,"4.8","2.0",NA,NA,NA
"256","France","1997","1.7",NA,NA,"4.9","2.0",NA,NA,NA
"257","France","1998","1.8","29.3","41.7","4.6","2.0",NA,NA,NA
"258","France","1999","1.8","29.3","42.7","4.9","2.0",NA,NA,NA
"259","France","2000","1.9","29.3","43.6","5.0","1.9",NA,NA,NA
"260","France","2001","1.9","29.3","44.7","4.8","1.9",NA,NA,NA
"261","France","2002","1.9","29.4","45.2","4.6","1.9",NA,NA,NA
"262","France","2003","1.9","29.5","46.2","4.6","2.1",NA,NA,NA
"263","France","2004","1.9","29.6","47.4","4.5","2.2","78.8","19.9","1.3"
"264","France","2005","1.9","29.7","48.4","4.5","2.5","80.1","18.6","1.4"
"265","France","2006","2.0","29.7","50.5","4.3","2.2","82.2","16.8","0.9"
"266","France","2007","2.0","29.8","51.7","4.3","2.1","79.4","19.8","0.8"
"267","France","2008","2.0","29.8","52.6","4.1","2.1","78.0","21.3","0.7"
"268","France","2009","2.0","29.9","53.7","3.9","2.0","77.6","21.6","0.8"
"269","France","2010","2.0","30.0","55.0","3.9","2.1","75.9","23.5","0.7"
"270","France","2011","2.0","30.0","55.8","3.6","2.0","77.5","22.1","0.5"
"271","France","2012","2.0","30.1","56.7","3.7","2.0","77.3","22.0","0.7"
"272","France","2013","2.0","30.2",NA,"3.6","1.9","77.9","21.5","0.6"
"273","France","2014","2.0","30.3",NA,"3.7","1.9","77.8","21.7","0.5"
"274","France","2015","1.9",NA,NA,"3.6","1.9","77.1","22.3","0.5"
"275","France","2016","1.9",NA,NA,"3.5","1.9","76.6","22.8","0.7"
"276","Germany","1990","1.5",NA,"15.3","6.5","1.9",NA,NA,NA
"277","Germany","1991","1.3",NA,"15.1","5.7","1.7",NA,NA,NA
"278","Germany","1992","1.3",NA,"14.9","5.6","1.7",NA,NA,NA
"279","Germany","1993","1.3",NA,"14.8","5.5","1.9",NA,NA,NA
"280","Germany","1994","1.2",NA,"15.4","5.4","2.0",NA,NA,NA
"281","Germany","1995","1.2",NA,"16.1","5.3","2.1",NA,NA,NA
"282","Germany","1996","1.3",NA,"17.0","5.2","2.1",NA,NA,NA
"283","Germany","1997","1.4",NA,"18.0","5.2","2.3",NA,NA,NA
"284","Germany","1998","1.4",NA,"20.0","5.1","2.3",NA,NA,NA
"285","Germany","1999","1.4",NA,"22.1","5.2","2.3",NA,NA,NA
"286","Germany","2000","1.4","28.8","23.4","5.1","2.4",NA,NA,NA
"287","Germany","2001","1.3","28.9","25.0","4.7","2.4",NA,NA,NA
"288","Germany","2002","1.3","29.0","26.1","4.6","2.5",NA,NA,NA
"289","Germany","2003","1.3","29.2","27.0","4.6","2.6",NA,NA,NA
"290","Germany","2004","1.4","29.4","27.9","4.8","2.6",NA,NA,NA
"291","Germany","2005","1.3","29.5","29.2","4.7","2.4","82.6","17.1","0.2"
"292","Germany","2006","1.3","29.7","30.0","4.5","2.3","78.2","21.4","0.3"
"293","Germany","2007","1.4","29.9","30.8","4.5","2.3","84.3","14.4","1.3"
"294","Germany","2008","1.4","30.1","32.1","4.6","2.3","83.9","15.0","1.0"
"295","Germany","2009","1.4","30.2","32.7","4.6","2.3","83.2","15.1","1.7"
"296","Germany","2010","1.4","30.4","33.3","4.7","2.3","83.2","15.4","1.4"
"297","Germany","2011","1.4","30.5","33.9","4.6","2.3","82.9","15.6","1.6"
"298","Germany","2012","1.4","30.6","34.5","4.8","2.2","83.5","15.4","1.1"
"299","Germany","2013","1.4","30.8","34.8","4.6","2.1","83.3","15.5","1.2"
"300","Germany","2014","1.5","30.9","35.0","4.8","2.1","83.1","15.6","1.3"
"301","Germany","2015","1.5",NA,NA,"4.9","2.0","82.8","16.0","1.3"
"302","Germany","2016","1.6",NA,NA,"5.0","2.0","82.9","16.0","1.2"
"303","Greece","1990","1.4","27.2","2.2","5.8","0.6",NA,NA,NA
"304","Greece","1991","1.4","27.4","2.4","6.4","0.6",NA,NA,NA
"305","Greece","1992","1.4","27.6","2.6","4.7","0.6",NA,NA,NA
"306","Greece","1993","1.3","27.9","2.8","5.9","0.7",NA,NA,NA
"307","Greece","1994","1.3","28.0","2.9","5.4","0.7",NA,NA,NA
"308","Greece","1995","1.3","28.2","3.0","6.0","1.0",NA,NA,NA
"309","Greece","1996","1.3","28.4","3.3","4.2","0.9",NA,NA,NA
"310","Greece","1997","1.3","28.6","3.5","5.6","0.9",NA,NA,NA
"311","Greece","1998","1.2","28.8","3.8","5.1","0.7",NA,NA,NA
"312","Greece","1999","1.2","28.9","3.9","5.6","0.9",NA,NA,NA
"313","Greece","2000","1.3","29.5","4.0","4.5","1.0",NA,NA,NA
"314","Greece","2001","1.3","29.2","4.3","5.3","1.0",NA,NA,NA
"315","Greece","2002","1.3","29.4","4.4","5.3","1.0",NA,NA,NA
"316","Greece","2003","1.3","29.5","4.8","5.5","1.1","93.5","5.8","0.7"
"317","Greece","2004","1.3","29.7","5.1","4.6","1.1","92.9","6.6","0.5"
"318","Greece","2005","1.3","29.9","5.1","5.5","1.2","92.4","7.1","0.5"
"319","Greece","2006","1.4","30.0","5.3","5.2","1.2","92.8","6.6","0.7"
"320","Greece","2007","1.4","30.1","5.8","5.5","1.2","92.8","6.2","1.0"
"321","Greece","2008","1.5","30.2","5.9","4.8","1.2","93.5","5.6","0.8"
"322","Greece","2009","1.5","30.4","6.6","5.3","1.2","93.7","5.8","0.5"
"323","Greece","2010","1.5","30.4","7.3","5.1","1.2","93.9","5.1","1.0"
"324","Greece","2011","1.4","30.5","7.4","5.0","1.1","94.2","5.0","0.8"
"325","Greece","2012","1.3","30.7","7.6","4.5","1.3","94.8","4.9","0.4"
"326","Greece","2013","1.3","30.9","7.0","4.7","1.5","92.3","7.3","0.4"
"327","Greece","2014","1.3","31.1","8.2","4.9","1.3","91.7","7.9","0.4"
"328","Greece","2015","1.3",NA,NA,"5.0","1.4","91.6","8.1","0.3"
"329","Greece","2016","1.4",NA,NA,"4.6","1.0","91.5","8.0","0.5"
"330","Greece","2017",NA,NA,NA,NA,NA,"91.3","7.7","0.9"
"331","Hungary","1990","1.8","25.6","13.1","6.4","2.4",NA,NA,NA
"332","Hungary","1991","1.9","25.7","14.1","5.9","2.4",NA,NA,NA
"333","Hungary","1992","1.8","25.8","15.6","5.5","2.1",NA,NA,NA
"334","Hungary","1993","1.7","26.0","17.6","5.2","2.2",NA,NA,NA
"335","Hungary","1994","1.6","26.2","19.4","5.2","2.3",NA,NA,NA
"336","Hungary","1995","1.6","26.3","20.7","5.2","2.4",NA,NA,NA
"337","Hungary","1996","1.5","26.5","22.6","4.7","2.2",NA,NA,NA
"338","Hungary","1997","1.4","26.6","25.0","4.6","2.4",NA,NA,NA
"339","Hungary","1998","1.3","26.8","26.6","4.4","2.5",NA,NA,NA
"340","Hungary","1999","1.3","27.0","28.0","4.4","2.5",NA,NA,NA
"341","Hungary","2000","1.3","27.3","29.0","4.7","2.3",NA,NA,NA
"342","Hungary","2001","1.3","27.6","30.3","4.3","2.4",NA,NA,NA
"343","Hungary","2002","1.3","27.8","31.4","4.5","2.5",NA,NA,NA
"344","Hungary","2003","1.3","28.0","32.3","4.5","2.5",NA,NA,NA
"345","Hungary","2004","1.3","28.2","34.0","4.3","2.4",NA,NA,NA
"346","Hungary","2005","1.3","28.4","35.0","4.4","2.5","79.9","19.0","1.1"
"347","Hungary","2006","1.4","28.7","35.6","4.4","2.5","80.0","19.2","0.7"
"348","Hungary","2007","1.3","28.8","37.5","4.1","2.5","81.3","18.1","0.6"
"349","Hungary","2008","1.4","28.9","39.5","4.0","2.5","82.3","16.9","0.8"
"350","Hungary","2009","1.3","29.1","40.8","3.7","2.4","80.1","18.7","1.1"
"351","Hungary","2010","1.3","29.3","40.8","3.6","2.4","80.6","18.7","0.7"
"352","Hungary","2011","1.2","29.4","42.3","3.6","2.3","80.4","18.3","1.3"
"353","Hungary","2012","1.3","29.4","44.5","3.6","2.2","81.0","17.9","1.0"
"354","Hungary","2013","1.3","29.5","45.6","3.7","2.0","79.7","18.7","1.5"
"355","Hungary","2014","1.4","29.5","47.3","3.9","2.0","78.0","20.6","1.5"
"356","Hungary","2015","1.4",NA,NA,"4.7","2.1","76.3","22.5","1.1"
"357","Hungary","2016","1.5",NA,NA,"5.3","2.0","75.8","21.9","2.3"
"358","Hungary","2017",NA,NA,NA,NA,NA,"77.8","20.8","1.4"
"359","Iceland","1990","2.3","27.6","55.2","4.5","1.9",NA,NA,NA
"360","Iceland","1991","2.2","28.0","56.4","4.8","2.1",NA,NA,NA
"361","Iceland","1992","2.2","28.5","57.3","4.8","2.0",NA,NA,NA
"362","Iceland","1993","2.2","28.6","58.3","4.6","2.0",NA,NA,NA
"363","Iceland","1994","2.1","28.6","59.6","4.9","1.8",NA,NA,NA
"364","Iceland","1995","2.1","28.7","60.9","4.6","1.8",NA,NA,NA
"365","Iceland","1996","2.1","28.8","60.7","5.0","2.0",NA,NA,NA
"366","Iceland","1997","2.0","28.6","65.2","5.5","1.9",NA,NA,NA
"367","Iceland","1998","2.0","28.7","64.0","5.6","1.8",NA,NA,NA
"368","Iceland","1999","2.0","28.7","62.4","5.6","1.7",NA,NA,NA
"369","Iceland","2000","2.1","28.9","65.2","6.3","1.9",NA,NA,NA
"370","Iceland","2001","1.9","29.1","63.0","5.2","1.9",NA,NA,NA
"371","Iceland","2002","1.9","29.3","62.3","5.6","1.8",NA,NA,NA
"372","Iceland","2003","2.0","29.3","63.6","5.1","1.8",NA,NA,NA
"373","Iceland","2004","2.0","29.5","63.7","5.0","1.9","83.4","15.9","0.7"
"374","Iceland","2005","2.1","29.4","65.7","5.4","1.9","82.7","16.1","1.2"
"375","Iceland","2006","2.1","29.5","65.6","5.5","1.6","80.6","17.8","1.5"
"376","Iceland","2007","2.1","29.6","63.8","5.5","1.7","81.8","17.4","0.8"
"377","Iceland","2008","2.1","29.8","64.1","5.2","1.7","82.7","16.8","0.5"
"378","Iceland","2009","2.2","29.9","64.4","4.6","1.7","81.3","17.9","0.9"
"379","Iceland","2010","2.2","30.0","64.3","4.9","1.8","79.2","20.2","0.7"
"380","Iceland","2011","2.0","30.1","65.0","4.6","1.6","80.6","18.7","0.7"
"381","Iceland","2012","2.0","30.1","66.9",NA,NA,"78.5","20.8","0.8"
"382","Iceland","2013","1.9","30.4",NA,NA,NA,"80.2","19.0","0.9"
"383","Iceland","2014","1.9","30.2",NA,NA,NA,"79.1","19.6","1.3"
"384","Iceland","2015","1.8",NA,NA,NA,NA,"80.5","18.6","0.9"
"385","Iceland","2016","1.7",NA,NA,NA,NA,"81.8","17.9","0.4"
"386","Ireland","1990","2.1","29.9","14.6","5.1",NA,NA,NA,NA
"387","Ireland","1991","2.1","29.9","16.9","4.9",NA,NA,NA,NA
"388","Ireland","1992","2.0","30.0","18.0","4.7",NA,NA,NA,NA
"389","Ireland","1993","1.9","30.1","19.9","4.7",NA,NA,NA,NA
"390","Ireland","1994","1.9","30.1","20.8","4.6",NA,NA,NA,NA
"391","Ireland","1995","1.9","30.2","22.3","4.3",NA,NA,NA,NA
"392","Ireland","1996","1.9","30.2","25.3","4.4",NA,NA,NA,NA
"393","Ireland","1997","1.9","30.3","26.8","4.3","0.0",NA,NA,NA
"394","Ireland","1998","2.0","30.3","28.7","4.5","0.4",NA,NA,NA
"395","Ireland","1999","1.9","30.3","31.1","4.9","0.6",NA,NA,NA
"396","Ireland","2000","1.9","30.4","31.5","5.0","0.7",NA,NA,NA
"397","Ireland","2001","2.0","30.5","31.3","5.0","0.7",NA,NA,NA
"398","Ireland","2002","2.0","30.6","31.2","5.2","0.7",NA,NA,NA
"399","Ireland","2003","2.0","30.8","31.2","5.1","0.7","81.1","17.6","1.4"
"400","Ireland","2004","2.0","30.9","31.9","5.2","0.8","79.8","19.4","0.9"
"401","Ireland","2005","1.9","31.2","31.8","5.1","0.8","71.2","28.1","0.7"
"402","Ireland","2006","1.9","31.2","32.7","5.2","0.9","75.8","22.7","1.5"
"403","Ireland","2007","2.0","31.3","33.1","5.2","0.8","72.6","26.1","1.3"
"404","Ireland","2008","2.1","31.3","33.4","4.9","0.8","74.4","24.0","1.5"
"405","Ireland","2009","2.1","31.4","33.4","4.8","0.7","74.3","25.1","0.6"
"406","Ireland","2010","2.1","31.4","33.8","4.5","0.7","72.8","26.3","0.8"
"407","Ireland","2011","2.0","31.5","33.9","4.3","0.6","76.0","23.1","0.9"
"408","Ireland","2012","2.0","31.5","35.1","4.5","0.6","77.2","22.0","0.8"
"409","Ireland","2013","2.0","31.6",NA,"4.5","0.6","78.9","20.4","0.7"
"410","Ireland","2014","2.0","31.6",NA,"4.7","0.6","81.4","18.5","0.1"
"411","Ireland","2015","1.9",NA,NA,"4.7","0.7","82.4","17.6","0.1"
"412","Ireland","2016","1.9",NA,NA,"4.8",NA,"81.0","18.8","0.2"
"413","Israel","1990","3.0","28.9",NA,"6.8","1.4",NA,NA,NA
"414","Israel","1991","2.9","29.0",NA,"6.5","1.3",NA,NA,NA
"415","Israel","1992","2.9","29.1",NA,"6.4","1.4",NA,NA,NA
"416","Israel","1993","2.9","29.2",NA,"6.6","1.4",NA,NA,NA
"417","Israel","1994","2.9","29.2",NA,"6.7","1.5",NA,NA,NA
"418","Israel","1995","2.9","29.2",NA,"6.5","1.6",NA,NA,NA
"419","Israel","1996","2.9","29.3",NA,"6.3","1.5",NA,NA,NA
"420","Israel","1997","2.9","29.4",NA,"6.5","1.6",NA,NA,NA
"421","Israel","1998","3.0","29.4",NA,"6.7","1.7",NA,NA,NA
"422","Israel","1999","2.9","29.5",NA,"6.6","1.7",NA,NA,NA
"423","Israel","2000","3.0","29.5",NA,"6.4","1.8",NA,NA,NA
"424","Israel","2001","2.9","29.6",NA,"6.3","1.8",NA,NA,NA
"425","Israel","2002","2.9","29.8","5.3","6.2","1.7",NA,NA,NA
"426","Israel","2003","3.0","29.8","5.8","6.1","1.7",NA,NA,NA
"427","Israel","2004","2.9","29.9","5.6","5.9","1.6",NA,NA,NA
"428","Israel","2005","2.8","30.0","5.5","5.9","1.6",NA,NA,NA
"429","Israel","2006","2.9","30.1","5.6","6.3","1.9",NA,NA,NA
"430","Israel","2007","2.9","30.2","5.6","6.5","1.8",NA,NA,NA
"431","Israel","2008","3.0","30.2","5.7","6.8","1.8",NA,NA,NA
"432","Israel","2009","3.0","30.2","5.8","6.5","1.8",NA,NA,NA
"433","Israel","2010","3.0",NA,"5.8","6.3","1.7",NA,NA,NA
"434","Israel","2011","3.0",NA,"6.0","6.6","1.7",NA,NA,NA
"435","Israel","2012","3.1","30.3","5.8","6.4","1.7",NA,NA,NA
"436","Israel","2013","3.0","30.4","6.1","6.5","1.8",NA,NA,NA
"437","Israel","2014","3.1",NA,"6.3","6.2","1.8",NA,NA,NA
"438","Israel","2015","3.1",NA,NA,"6.4","1.7",NA,NA,NA
"439","Israel","2016","3.1",NA,NA,NA,NA,NA,NA,NA
"440","Italy","1990","1.4","28.9","6.5","5.6","0.5",NA,NA,NA
"441","Italy","1991","1.3","29.1","6.7","5.5","0.5",NA,NA,NA
"442","Italy","1992","1.3","29.3","6.7","5.5","0.5",NA,NA,NA
"443","Italy","1993","1.3","29.4","7.4","5.3","0.4",NA,NA,NA
"444","Italy","1994","1.2","29.6","7.8","5.1","0.5",NA,NA,NA
"445","Italy","1995","1.2","29.8","8.1","5.1","0.5",NA,NA,NA
"446","Italy","1996","1.2","29.9","8.3","4.9","0.6",NA,NA,NA
"447","Italy","1997","1.2","30.3","7.0","4.9","0.6",NA,NA,NA
"448","Italy","1998","1.2","30.3","8.7","4.9","0.6",NA,NA,NA
"449","Italy","1999","1.2","30.3","9.2","4.9","0.6",NA,NA,NA
"450","Italy","2000","1.3","30.4","9.7","5.0","0.7",NA,NA,NA
"451","Italy","2001","1.3","30.5","9.9","4.6","0.7",NA,NA,NA
"452","Italy","2002","1.3","30.6","10.9","4.7","0.7",NA,NA,NA
"453","Italy","2003","1.3","30.8","13.0","4.6","0.8",NA,NA,NA
"454","Italy","2004","1.3","30.8",NA,"4.3","0.8","86.8","12.2","1.0"
"455","Italy","2005","1.3","30.9","15.2","4.3","0.8","89.6","9.6","0.8"
"456","Italy","2006","1.4","31.0","16.2","4.2","0.9","89.4","9.7","0.9"
"457","Italy","2007","1.4","31.0","17.7","4.3","0.9","88.7","10.5","0.7"
"458","Italy","2008","1.4","31.1","18.9","4.2","0.9","88.6","10.7","0.8"
"459","Italy","2009","1.4","31.2","19.8","3.9","0.9","87.8","11.6","0.7"
"460","Italy","2010","1.4","31.3","21.5","3.7","0.9","88.0","11.4","0.5"
"461","Italy","2011","1.4","31.4","23.4","3.4","0.9","87.4","12.1","0.5"
"462","Italy","2012","1.4","31.4","24.5","3.5","0.9","86.9","12.5","0.6"
"463","Italy","2013","1.4","31.5","26.9","3.2","0.9","87.3","12.1","0.6"
"464","Italy","2014","1.4","31.5","28.8","3.1","0.9","86.6","12.8","0.6"
"465","Italy","2015","1.4",NA,NA,"3.2","1.4","87.4","12.4","0.2"
"466","Italy","2016","1.3",NA,NA,"3.4","1.6","87.1","12.8","0.1"
"467","Italy","2017",NA,NA,NA,NA,NA,"85.4","14.5","0.1"
"468","Japan","1990","1.5","29.0","1.1","5.9","1.3",NA,NA,NA
"469","Japan","1991","1.5","29.0",NA,"6.0","1.4",NA,NA,NA
"470","Japan","1992","1.5","29.1",NA,"6.1","1.5",NA,NA,NA
"471","Japan","1993","1.5","29.2",NA,"6.4","1.5",NA,NA,NA
"472","Japan","1994","1.5","29.3",NA,"6.3","1.6",NA,NA,NA
"473","Japan","1995","1.4","29.4","1.2","6.4","1.6",NA,NA,NA
"474","Japan","1996","1.4","29.5",NA,"6.4","1.7",NA,NA,NA
"475","Japan","1997","1.4","29.5",NA,"6.2","1.8",NA,NA,NA
"476","Japan","1998","1.4","29.6",NA,"6.3","1.9",NA,NA,NA
"477","Japan","1999","1.3","29.6",NA,"6.1","2.0",NA,NA,NA
"478","Japan","2000","1.4","29.7","1.6","6.4","2.1",NA,NA,NA
"479","Japan","2001","1.3","29.7","1.7","6.4","2.3",NA,NA,NA
"480","Japan","2002","1.3","29.7","1.9","6.0","2.3",NA,NA,NA
"481","Japan","2003","1.3","29.8","1.9","5.9","2.3",NA,NA,NA
"482","Japan","2004","1.3","29.9","2.0","5.7","2.2",NA,NA,NA
"483","Japan","2005","1.3","30.0","2.0","5.7","2.1","88.1","11.2","0.7"
"484","Japan","2006","1.3","30.1","2.1","5.8","2.0",NA,NA,NA
"485","Japan","2007","1.3","30.3","2.0","5.7","2.0",NA,NA,NA
"486","Japan","2008","1.4","30.3","2.1","5.8","2.0",NA,NA,NA
"487","Japan","2009","1.4","30.5","2.1","5.6","2.0",NA,NA,NA
"488","Japan","2010","1.4",NA,"2.1","5.5","2.0","87.1","12.2","0.7"
"489","Japan","2011","1.4",NA,"2.2","5.2","1.9",NA,NA,NA
"490","Japan","2012","1.4","30.9","2.2","5.3","1.9",NA,NA,NA
"491","Japan","2013","1.4","31.0","2.2","5.3","1.8",NA,NA,NA
"492","Japan","2014","1.4",NA,"2.3","5.1","1.8",NA,NA,NA
"493","Japan","2015","1.5",NA,NA,"5.1","1.8","87.6","12.2","0.6"
"494","Japan","2016","1.4",NA,NA,"5.0","1.7",NA,NA,NA
"495","Korea","1990","1.6","27.2","0.9","9.3","1.1",NA,NA,NA
"496","Korea","1991","1.7","27.3","1.0","9.6","1.1",NA,NA,NA
"497","Korea","1992","1.8","27.5","1.1","9.6","1.2",NA,NA,NA
"498","Korea","1993","1.7","27.7","1.2","9.0","1.3",NA,NA,NA
"499","Korea","1994","1.7","27.9","1.3","8.7","1.4",NA,NA,NA
"500","Korea","1995","1.6","28.0","1.2","8.7","1.5",NA,NA,NA
"501","Korea","1996","1.6","28.2","0.9","9.4","1.7",NA,NA,NA
"502","Korea","1997","1.5","28.3","0.6","8.4","2.0",NA,NA,NA
"503","Korea","1998","1.4","28.4","0.7","8.0","2.5",NA,NA,NA
"504","Korea","1999","1.4","28.6","0.8","7.6","2.5",NA,NA,NA
"505","Korea","2000","1.5","28.9","0.9","7.0","2.5",NA,NA,NA
"506","Korea","2001","1.3","29.1","1.0","6.7","2.8",NA,NA,NA
"507","Korea","2002","1.2","29.3","1.1","6.3","3.0",NA,NA,NA
"508","Korea","2003","1.2","29.5","1.3","6.3","3.4",NA,NA,NA
"509","Korea","2004","1.2","29.8","1.3","6.4","2.9",NA,NA,NA
"510","Korea","2005","1.1","30.0","1.5","6.5","2.6",NA,NA,NA
"511","Korea","2006","1.1","30.2","1.5","6.8","2.5",NA,NA,NA
"512","Korea","2007","1.3","30.3","1.6","7.0","2.5",NA,NA,NA
"513","Korea","2008","1.2","30.5","1.8","6.6","2.4",NA,NA,NA
"514","Korea","2009","1.1","30.7","2.0","6.2","2.5",NA,NA,NA
"515","Korea","2010","1.2","31.0","2.1","6.5","2.3",NA,NA,NA
"516","Korea","2011","1.2",NA,"2.1","6.6","2.3",NA,NA,NA
"517","Korea","2012","1.3","31.3","2.1","6.5","2.3",NA,NA,NA
"518","Korea","2013","1.2","31.5","2.1","6.4","2.3",NA,NA,NA
"519","Korea","2014","1.2",NA,"1.9","6.0","2.3",NA,NA,NA
"520","Korea","2015","1.2",NA,NA,"5.9","2.1",NA,NA,NA
"521","Korea","2016","1.2",NA,NA,"5.5","2.1",NA,NA,NA
"522","Latvia","1990","2.0",NA,"16.9","8.9","4.0",NA,NA,NA
"523","Latvia","1991","1.9",NA,"18.4","8.4","4.2",NA,NA,NA
"524","Latvia","1992","1.7",NA,"19.6","7.2","5.6",NA,NA,NA
"525","Latvia","1993","1.5",NA,"23.0","5.7","4.0",NA,NA,NA
"526","Latvia","1994","1.4",NA,"26.4","4.6","3.3",NA,NA,NA
"527","Latvia","1995","1.3",NA,"29.9","4.5","3.1",NA,NA,NA
"528","Latvia","1996","1.2",NA,"33.1","3.9","2.5",NA,NA,NA
"529","Latvia","1997","1.1",NA,"34.8","4.0","2.5",NA,NA,NA
"530","Latvia","1998","1.1",NA,"37.1","4.0","2.6",NA,NA,NA
"531","Latvia","1999","1.2",NA,"39.1","3.9","2.5",NA,NA,NA
"532","Latvia","2000","1.3","26.7","40.4","3.9","2.6",NA,NA,NA
"533","Latvia","2001","1.2","26.9","42.1","4.0","2.5",NA,NA,NA
"534","Latvia","2002","1.3","27.1","43.1","4.2","2.6",NA,NA,NA
"535","Latvia","2003","1.3","27.2","44.3","4.4","2.1",NA,NA,NA
"536","Latvia","2004","1.3","27.4","45.3","4.6","2.3",NA,NA,NA
"537","Latvia","2005","1.4","27.7","44.7","5.6","2.8","65.8","31.7","2.5"
"538","Latvia","2006","1.5","27.8","43.8","6.6","3.3","65.2","31.0","3.8"
"539","Latvia","2007","1.5","27.9","43.2","7.0","3.4","65.4","31.0","3.6"
"540","Latvia","2008","1.6","28.1","43.2","5.9","2.9","66.4","30.3","3.3"
"541","Latvia","2009","1.5","28.4","43.5","4.6","2.4","66.0","30.5","3.5"
"542","Latvia","2010","1.4","28.6","44.4","4.4","2.4","64.7","31.8","3.5"
"543","Latvia","2011","1.3","28.7","44.6","5.2","4.0","64.1","32.5","3.3"
"544","Latvia","2012","1.4","28.8","45.0","5.5","3.6","68.7","28.7","2.6"
"545","Latvia","2013","1.5","29.0","44.6","5.7","3.5","66.8","30.7","2.5"
"546","Latvia","2014","1.7","29.2","44.0","6.3","3.1","67.8","30.6","1.6"
"547","Latvia","2015","1.7",NA,NA,"6.9","2.6","70.5","27.9","1.7"
"548","Latvia","2016","1.7",NA,NA,"6.6","3.1","68.5","29.4","2.0"
"549","Latvia","2017",NA,NA,NA,NA,NA,"69.5","27.6","2.9"
"550","Lithuania","1990","2.0","25.9","7.0","9.8","3.4",NA,NA,NA
"551","Lithuania","1991","2.0","25.7","7.0","9.2","4.1",NA,NA,NA
"552","Lithuania","1992","2.0","25.6","7.9","8.1","3.8",NA,NA,NA
"553","Lithuania","1993","1.7","25.7","9.1","6.4","3.8",NA,NA,NA
"554","Lithuania","1994","1.6","25.5","10.9","6.4","3.0",NA,NA,NA
"555","Lithuania","1995","1.6","25.6","12.8","6.1","2.8",NA,NA,NA
"556","Lithuania","1996","1.5","25.8","14.3","5.7","3.1",NA,NA,NA
"557","Lithuania","1997","1.5","26.0","16.5","5.3","3.2",NA,NA,NA
"558","Lithuania","1998","1.5","26.3","18.0","5.2","3.3",NA,NA,NA
"559","Lithuania","1999","1.5","26.5","19.8","5.1","3.2",NA,NA,NA
"560","Lithuania","2000","1.4","26.6","22.6","4.8","3.1",NA,NA,NA
"561","Lithuania","2001","1.3","26.8","25.4","4.5","3.2",NA,NA,NA
"562","Lithuania","2002","1.2","26.8","28.0","4.7","3.1",NA,NA,NA
"563","Lithuania","2003","1.3","27.1","29.5","5.0","3.1",NA,NA,NA
"564","Lithuania","2004","1.3","27.3","28.5","5.7","3.3",NA,NA,NA
"565","Lithuania","2005","1.3","27.5","28.0","6.0","3.3","75.2","23.5","1.2"
"566","Lithuania","2006","1.3","27.6","28.8","6.5","3.4","76.7","21.8","1.4"
"567","Lithuania","2007","1.4","27.8","27.8","7.1","3.5","77.1","21.1","1.9"
"568","Lithuania","2008","1.5","28.1","26.6","7.5","3.2","77.0","20.1","2.9"
"569","Lithuania","2009","1.5","28.5","25.4","6.5","2.9","76.1","21.1","2.8"
"570","Lithuania","2010","1.5","28.9","25.7","6.0","3.2","75.3","21.9","2.8"
"571","Lithuania","2011","1.6","28.9","27.7","6.3","3.4","74.9","22.9","2.2"
"572","Lithuania","2012","1.6","29.0","28.8","6.9","3.5","76.7","21.6","1.7"
"573","Lithuania","2013","1.6","29.2","29.5","6.9","3.4","72.7","25.3","2.0"
"574","Lithuania","2014","1.6","29.4","29.0","7.6","3.3","76.3","21.3","2.4"
"575","Lithuania","2015","1.7",NA,NA,"7.6","3.2","75.3","22.2","2.5"
"576","Lithuania","2016","1.7",NA,NA,"7.4","3.1","75.4","23.3","1.3"
"577","Lithuania","2017",NA,NA,NA,NA,NA,"73.6","25.0","1.4"
"578","Luxembourg","1990","1.6","28.4","12.8","6.1","2.0",NA,NA,NA
"579","Luxembourg","1991","1.6","28.4","12.2","6.7","2.0",NA,NA,NA
"580","Luxembourg","1992","1.7","28.6","12.7","6.4","1.8",NA,NA,NA
"581","Luxembourg","1993","1.7","28.5","12.9","6.0","1.9",NA,NA,NA
"582","Luxembourg","1994","1.7","28.7","12.7","5.8","1.7",NA,NA,NA
"583","Luxembourg","1995","1.7","28.9","13.1","5.1","1.8",NA,NA,NA
"584","Luxembourg","1996","1.8","29.2","15.0","5.1","2.0",NA,NA,NA
"585","Luxembourg","1997","1.7","29.2","16.8","4.8","2.4",NA,NA,NA
"586","Luxembourg","1998","1.7","29.3","17.5","4.8","2.4",NA,NA,NA
"587","Luxembourg","1999","1.7","29.3","18.6","4.9","2.4",NA,NA,NA
"588","Luxembourg","2000","1.8","29.3","21.9","4.9","2.4",NA,NA,NA
"589","Luxembourg","2001","1.7","29.3","22.3","4.5","2.3",NA,NA,NA
"590","Luxembourg","2002","1.6","29.5","23.2","4.5","2.4",NA,NA,NA
"591","Luxembourg","2003","1.6","29.6","25.0","4.4","2.3","86.4","13.0","0.5"
"592","Luxembourg","2004","1.7","29.7","26.1","4.4","2.3","90.8","8.9","0.3"
"593","Luxembourg","2005","1.6","29.8","27.2","4.4","2.2","91.4","8.5","0.0"
"594","Luxembourg","2006","1.6","30.0","28.8","4.1","2.5","90.6","9.3","0.1"
"595","Luxembourg","2007","1.6","30.2","29.2","4.1","2.3","89.7","10.2","0.1"
"596","Luxembourg","2008","1.6","30.5","30.2","3.9","2.0","90.2","9.7","0.1"
"597","Luxembourg","2009","1.6","30.7","32.1","3.5","2.1","87.3","12.6","0.1"
"598","Luxembourg","2010","1.6","30.8","34.0","3.5","2.1","88.2","11.6","0.1"
"599","Luxembourg","2011","1.5","30.8","34.1","3.3","2.3","88.9","11.0","0.0"
"600","Luxembourg","2012","1.6","31.0","37.1","3.4","2.0","88.1","11.8","0.0"
"601","Luxembourg","2013","1.6","31.3","37.8","3.2","2.1","86.2","13.8","0.0"
"602","Luxembourg","2014","1.5","31.4","39.1","3.0","2.6","84.4","15.6","0.0"
"603","Luxembourg","2015","1.5",NA,NA,"3.6","2.4","83.5","16.4","0.1"
"604","Luxembourg","2016","1.4",NA,NA,"3.2","2.1","84.0","14.7","1.3"
"605","Mexico","1990","3.4","27.8","33.2","7.4",NA,NA,NA,NA
"606","Mexico","1991","3.3","27.7","35.2","7.4",NA,NA,NA,NA
"607","Mexico","1992","3.2","28.0","36.1","7.4","0.6",NA,NA,NA
"608","Mexico","1993","3.1","27.9","37.8","7.2","0.4",NA,NA,NA
"609","Mexico","1994","3.0","27.8","37.8","7.2","0.4",NA,NA,NA
"610","Mexico","1995","3.0","27.8","37.1","7.0","0.4",NA,NA,NA
"611","Mexico","1996","2.9","27.8","38.1","7.0","0.4",NA,NA,NA
"612","Mexico","1997","2.8","27.7","39.3","7.3","0.4",NA,NA,NA
"613","Mexico","1998","2.8","27.5","40.0","7.2","0.5",NA,NA,NA
"614","Mexico","1999","2.7","27.4","41.0","7.5","0.5",NA,NA,NA
"615","Mexico","2000","2.6","27.3","41.6","7.0","0.5",NA,NA,NA
"616","Mexico","2001","2.6","27.2","44.0","6.5","0.6",NA,NA,NA
"617","Mexico","2002","2.6","27.2","45.7","6.0","0.6",NA,NA,NA
"618","Mexico","2003","2.5","27.2","46.3","5.6","0.6",NA,NA,NA
"619","Mexico","2004","2.5","27.0","48.2","5.7","0.7",NA,NA,NA
"620","Mexico","2005","2.5","27.0","50.1","5.6","0.7",NA,NA,NA
"621","Mexico","2006","2.4","27.0","50.7","5.4","0.7",NA,NA,NA
"622","Mexico","2007","2.4","26.9","53.4","5.4","0.7",NA,NA,NA
"623","Mexico","2008","2.3","26.8","55.4","5.3","0.8",NA,NA,NA
"624","Mexico","2009","2.3","26.7","58.3","5.0","0.8",NA,NA,NA
"625","Mexico","2010","2.3",NA,"59.4","5.0","0.8","78.4","18.1","3.6"
"626","Mexico","2011","2.3","26.6","60.7","4.9","0.8",NA,NA,NA
"627","Mexico","2012","2.2",NA,"62.3","5.0","0.9",NA,NA,NA
"628","Mexico","2013","2.2",NA,"63.7","4.9","0.9",NA,NA,NA
"629","Mexico","2014","2.2",NA,"64.9","4.8","0.9",NA,NA,NA
"630","Mexico","2015","2.2",NA,NA,"4.6","1.0",NA,NA,NA
"631","Mexico","2016","2.2",NA,NA,"4.4",NA,NA,NA,NA
"632","Netherlands","1990","1.6","29.3","11.4","6.5","1.9",NA,NA,NA
"633","Netherlands","1991","1.6","29.5","12.0","6.4","1.9",NA,NA,NA
"634","Netherlands","1992","1.6","29.7","12.4","6.2","2.0",NA,NA,NA
"635","Netherlands","1993","1.6","29.8","13.1","5.8","2.0",NA,NA,NA
"636","Netherlands","1994","1.6","29.9","14.3","5.4","2.4",NA,NA,NA
"637","Netherlands","1995","1.5","30.0","15.5","5.3","2.2",NA,NA,NA
"638","Netherlands","1996","1.5","30.2","17.0","5.5","2.2",NA,NA,NA
"639","Netherlands","1997","1.6","30.2","19.2","5.4","2.2",NA,NA,NA
"640","Netherlands","1998","1.6","30.3","20.8","5.5","2.1",NA,NA,NA
"641","Netherlands","1999","1.7","30.3","22.7","5.7","2.1",NA,NA,NA
"642","Netherlands","2000","1.7","30.3","24.9","5.5","2.2",NA,NA,NA
"643","Netherlands","2001","1.7","30.3","27.2","5.0","2.3",NA,NA,NA
"644","Netherlands","2002","1.7","30.4","29.1","5.2","2.1",NA,NA,NA
"645","Netherlands","2003","1.7","30.4","30.7","4.9","1.9",NA,NA,NA
"646","Netherlands","2004","1.7","30.5","32.5","4.4","1.9",NA,NA,NA
"647","Netherlands","2005","1.7","30.6","34.9","4.4","2.0","89.3","10.4","0.3"
"648","Netherlands","2006","1.7","30.6","37.1","4.4","1.9","88.8","10.9","0.3"
"649","Netherlands","2007","1.7","30.6","39.5","4.3","2.0","88.1","11.6","0.3"
"650","Netherlands","2008","1.8","30.7","41.2","4.5","2.0","87.5","12.1","0.5"
"651","Netherlands","2009","1.8","30.7","43.3","4.4","1.9","88.0","11.6","0.4"
"652","Netherlands","2010","1.8","30.8","44.3","4.5","2.0","87.2","12.2","0.6"
"653","Netherlands","2011","1.8","30.9","45.3","4.3","2.0","86.7","12.5","0.8"
"654","Netherlands","2012","1.7","30.9","46.6","4.2","2.1","86.8","12.6","0.6"
"655","Netherlands","2013","1.7","31.0","47.4","3.8","2.0","86.4","13.1","0.5"
"656","Netherlands","2014","1.7","31.1","48.7","3.9","2.1","86.2","13.3","0.5"
"657","Netherlands","2015","1.7",NA,NA,"3.8","2.0","86.4","12.7","0.8"
"658","Netherlands","2016","1.7",NA,NA,"3.8","2.0","86.6","13.1","0.3"
"659","Netherlands","2017",NA,NA,NA,NA,NA,"86.9","12.7","0.4"
"660","New Zealand","1990","2.2","27.8","34.0","6.9",NA,NA,NA,NA
"661","New Zealand","1991","2.1","27.9","35.7","6.3",NA,NA,NA,NA
"662","New Zealand","1992","2.1","28.1","36.7","5.9","2.7",NA,NA,NA
"663","New Zealand","1993","2.0","28.2","38.0","5.8",NA,NA,NA,NA
"664","New Zealand","1994","2.0","28.3","38.7","5.7",NA,NA,NA,NA
"665","New Zealand","1995","2.0","28.3","40.7","5.6","2.6",NA,NA,NA
"666","New Zealand","1996","2.0","28.4","41.7","5.5","2.7",NA,NA,NA
"667","New Zealand","1997","2.0","28.6","41.8","5.3","2.6",NA,NA,NA
"668","New Zealand","1998","1.9","28.8","42.5","5.3","2.6",NA,NA,NA
"669","New Zealand","1999","2.0","28.9","42.8","5.5","2.6",NA,NA,NA
"670","New Zealand","2000","2.0","29.0","43.2","5.4","2.5",NA,NA,NA
"671","New Zealand","2001","2.0","29.0","43.7","5.1","2.5",NA,NA,NA
"672","New Zealand","2002","1.9","29.3","43.6","5.2","2.6",NA,NA,NA
"673","New Zealand","2003","1.9","29.4","44.0","5.3","2.6",NA,NA,NA
"674","New Zealand","2004","2.0","29.4","44.8","5.1","2.6",NA,NA,NA
"675","New Zealand","2005","2.0","29.5","45.2","5.0","2.4",NA,NA,NA
"676","New Zealand","2006","2.0","29.5","47.2","5.2","2.4","76.3","23.7",NA
"677","New Zealand","2007","2.2","29.5","47.2","5.2","2.3",NA,NA,NA
"678","New Zealand","2008","2.2","29.5","48.2","5.2","2.3",NA,NA,NA
"679","New Zealand","2009","2.1","29.6","48.6","5.1","2.0",NA,NA,NA
"680","New Zealand","2010","2.2","29.7","48.9","4.9","2.0",NA,NA,NA
"681","New Zealand","2011","2.1","29.8","47.6","4.7","1.9",NA,NA,NA
"682","New Zealand","2012","2.1","29.8","47.7","4.7","2.0",NA,NA,NA
"683","New Zealand","2013","2.0","30.0","47.3","4.4","1.9",NA,NA,NA
"684","New Zealand","2014","1.9",NA,"46.7","4.4","1.8",NA,NA,NA
"685","New Zealand","2015","2.0",NA,NA,"4.3","1.9",NA,NA,NA
"686","New Zealand","2016","1.9",NA,NA,"4.3","1.7",NA,NA,NA
"687","Norway","1990","1.9","28.1","38.6","5.2","2.4",NA,NA,NA
"688","Norway","1991","1.9","28.3","40.9","4.7","2.4",NA,NA,NA
"689","Norway","1992","1.9","28.4","42.9","4.5","2.4",NA,NA,NA
"690","Norway","1993","1.9","28.6","44.4","4.5","2.5",NA,NA,NA
"691","Norway","1994","1.9","28.7","45.9","4.8","2.5",NA,NA,NA
"692","Norway","1995","1.9","28.8","47.6","5.0","2.4",NA,NA,NA
"693","Norway","1996","1.9","28.9","48.3","5.3","2.3",NA,NA,NA
"694","Norway","1997","1.9","29.1","48.7","5.4","2.3",NA,NA,NA
"695","Norway","1998","1.8","29.2","49.0","5.3","2.1",NA,NA,NA
"696","Norway","1999","1.8","29.2","49.1","5.3","2.0",NA,NA,NA
"697","Norway","2000","1.9","29.3","49.6","5.0","2.2",NA,NA,NA
"698","Norway","2001","1.8","29.4","49.7","4.4","2.3",NA,NA,NA
"699","Norway","2002","1.8","29.5","50.3","4.5","2.3",NA,NA,NA
"700","Norway","2003","1.8","29.7","50.0","4.9","2.4","80.8","17.7","1.6"
"701","Norway","2004","1.8","29.7","51.4","4.1","2.4","82.7","16.3","1.0"
"702","Norway","2005","1.8","29.8","51.8","4.8","2.4","82.1","17.2","0.7"
"703","Norway","2006","1.9","29.8","53.0","4.7","2.3","78.5","19.9","1.5"
"704","Norway","2007","1.9","29.9","54.5","5.0","2.2","78.3","20.6","1.1"
"705","Norway","2008","2.0","29.9","55.0","5.3","2.1","82.0","17.4","0.6"
"706","Norway","2009","2.0","30.0","55.1","5.0","2.1","79.5","19.5","1.0"
"707","Norway","2010","1.9","30.1","54.8","4.8","2.1","78.0","20.6","1.4"
"708","Norway","2011","1.9","30.3","55.0","4.6","2.1","80.8","18.2","1.0"
"709","Norway","2012","1.9","30.3","54.9","4.8","2.0","82.1","16.8","1.0"
"710","Norway","2013","1.8","30.5","55.2","4.7","2.0","80.9","18.2","1.0"
"711","Norway","2014","1.8","30.6",NA,"4.6","1.9","82.7","15.9","1.4"
"712","Norway","2015","1.7",NA,NA,"4.5","1.9","78.4","19.8","1.8"
"713","Norway","2016","1.7",NA,NA,"4.5","1.9","77.0","21.6","1.4"
"714","Poland","1990","2.0","26.2","6.2","6.7","1.1",NA,NA,NA
"715","Poland","1991","2.0","26.3","6.6","6.1","0.9",NA,NA,NA
"716","Poland","1992","1.9","26.4","7.2","5.7","0.8",NA,NA,NA
"717","Poland","1993","1.8","26.6","8.2","5.4","0.7",NA,NA,NA
"718","Poland","1994","1.7","26.8","9.0","5.4","0.8",NA,NA,NA
"719","Poland","1995","1.5","26.9","9.5","5.4","1.0",NA,NA,NA
"720","Poland","1996","1.5","27.0","10.2","5.3","1.0",NA,NA,NA
"721","Poland","1997","1.5","27.1","11.0","5.3","1.1",NA,NA,NA
"722","Poland","1998","1.4","27.2","11.6","5.4","1.2",NA,NA,NA
"723","Poland","1999","1.4","27.3","11.7","5.7","1.1",NA,NA,NA
"724","Poland","2000","1.4","27.3","12.1","5.5","1.1",NA,NA,NA
"725","Poland","2001","1.3","27.6","13.1","5.1","1.2",NA,NA,NA
"726","Poland","2002","1.2","27.7","14.4","5.0","1.2",NA,NA,NA
"727","Poland","2003","1.2","27.9","15.8","5.1","1.3",NA,NA,NA
"728","Poland","2004","1.2","28.0","17.1","5.0","1.5",NA,NA,NA
"729","Poland","2005","1.2","28.2","18.5","5.4","1.8","86.6","12.1","1.2"
"730","Poland","2006","1.3","28.3","18.9","5.9","1.9","87.5","11.8","0.7"
"731","Poland","2007","1.3","28.4","19.5","6.5","1.7","86.7","12.5","0.8"
"732","Poland","2008","1.4","28.5","19.9","6.8","1.7","87.2","12.0","0.8"
"733","Poland","2009","1.4","28.6","20.2","6.6","1.7","86.2","12.9","0.8"
"734","Poland","2010","1.4","28.8","20.6","6.0","1.6","86.8","12.5","0.7"
"735","Poland","2011","1.3","28.9","21.2","5.4","1.7","87.4","12.0","0.7"
"736","Poland","2012","1.3","28.9","22.3","5.4","1.7","87.8","11.6","0.6"
"737","Poland","2013","1.3","29.0","23.4","4.7","1.7","89.4","10.0","0.6"
"738","Poland","2014","1.3","29.1","24.2","5.0","1.7","89.3","9.9","0.8"
"739","Poland","2015","1.3",NA,NA,"5.0","1.8","89.4","9.8","0.8"
"740","Poland","2016","1.4",NA,NA,"5.1","1.7","89.5","9.9","0.6"
"741","Poland","2017",NA,NA,NA,NA,NA,"89.7","9.9","0.4"
"742","Portugal","1990","1.6","27.3","14.7","7.2","0.9",NA,NA,NA
"743","Portugal","1991","1.6","27.5","15.6","7.2","1.1",NA,NA,NA
"744","Portugal","1992","1.5","27.6","16.1","7.0","1.2",NA,NA,NA
"745","Portugal","1993","1.5","27.7","16.9","6.8","1.2",NA,NA,NA
"746","Portugal","1994","1.4","27.8","17.8","6.6","1.4",NA,NA,NA
"747","Portugal","1995","1.4","28.0","18.6","6.6","1.2",NA,NA,NA
"748","Portugal","1996","1.4","28.1","18.6","6.3","1.3",NA,NA,NA
"749","Portugal","1997","1.5","28.2","19.5","6.5","1.4",NA,NA,NA
"750","Portugal","1998","1.5","28.4","20.1","6.6","1.5",NA,NA,NA
"751","Portugal","1999","1.5","28.5","20.8","6.7","1.7",NA,NA,NA
"752","Portugal","2000","1.6","28.6","22.2","6.2","1.9",NA,NA,NA
"753","Portugal","2001","1.5","28.7","23.8","5.6","1.8",NA,NA,NA
"754","Portugal","2002","1.5","28.9","25.5","5.4","2.7",NA,NA,NA
"755","Portugal","2003","1.4","29.0","26.9","5.1","2.2",NA,NA,NA
"756","Portugal","2004","1.4","29.2","29.1","4.7","2.2","85.0","11.9","3.0"
"757","Portugal","2005","1.4","29.3","30.7","4.6","2.2","85.6","11.6","2.7"
"758","Portugal","2006","1.4","29.4","31.6","4.5","2.3","85.6","11.7","2.7"
"759","Portugal","2007","1.4","29.4","33.6","4.4","2.4","83.8","13.3","2.8"
"760","Portugal","2008","1.4","29.6","36.2","4.1","2.5","83.5","14.4","2.1"
"761","Portugal","2009","1.4","29.7","38.1","3.8","2.5","83.1","15.2","1.7"
"762","Portugal","2010","1.4","29.8","41.3","3.8","2.6","83.1","14.8","2.2"
"763","Portugal","2011","1.4","30.1","42.8","3.4","2.5","81.7","16.3","2.0"
"764","Portugal","2012","1.3","30.2","45.6","3.3","2.4","78.8","18.1","3.2"
"765","Portugal","2013","1.2","30.4","47.6","3.1","2.2","77.8","19.5","2.7"
"766","Portugal","2014","1.2","30.7","49.3","3.0","2.1","77.7","20.0","2.3"
"767","Portugal","2015","1.3",NA,NA,"3.1","2.3","76.7","21.3","2.1"
"768","Portugal","2016","1.4",NA,NA,"3.1","2.2","78.4","20.0","1.6"
"769","Slovak Republic","1990","2.1","25.1","7.6","7.6","1.7",NA,NA,NA
"770","Slovak Republic","1991","2.0","25.0","8.9","6.2","1.5",NA,NA,NA
"771","Slovak Republic","1992","2.0","25.1","9.8","6.4","1.5",NA,NA,NA
"772","Slovak Republic","1993","1.9","25.3","10.6","5.8","1.5",NA,NA,NA
"773","Slovak Republic","1994","1.7","25.4","11.7","5.3","1.6",NA,NA,NA
"774","Slovak Republic","1995","1.5","25.6","12.6","5.1","1.7",NA,NA,NA
"775","Slovak Republic","1996","1.5","25.8","14.0","5.1","1.7",NA,NA,NA
"776","Slovak Republic","1997","1.4","26.0","15.1","5.2","1.7",NA,NA,NA
"777","Slovak Republic","1998","1.4","26.2","15.3","5.1","1.7",NA,NA,NA
"778","Slovak Republic","1999","1.3","26.4","16.9","5.1","1.8",NA,NA,NA
"779","Slovak Republic","2000","1.3","26.6","18.3","4.8","1.7",NA,NA,NA
"780","Slovak Republic","2001","1.2","26.8","19.8","4.4","1.8",NA,NA,NA
"781","Slovak Republic","2002","1.2","27.0","21.6","4.7","2.0",NA,NA,NA
"782","Slovak Republic","2003","1.2","27.3","23.3","4.8","2.0",NA,NA,NA
"783","Slovak Republic","2004","1.2","27.4","24.8","5.2","2.0",NA,NA,NA
"784","Slovak Republic","2005","1.3","27.7","26.0","4.9","2.2","88.6","11.0","0.5"
"785","Slovak Republic","2006","1.2","27.9","27.5","4.8","2.4","88.3","10.6","1.1"
"786","Slovak Republic","2007","1.3","28.1","28.8","5.1","2.3","87.0","11.9","1.0"
"787","Slovak Republic","2008","1.3","28.3","30.1","5.3","2.4","88.3","11.1","0.7"
"788","Slovak Republic","2009","1.4","28.5","31.6","4.9","2.4","88.0","11.4","0.6"
"789","Slovak Republic","2010","1.4","28.6","33.0","4.7","2.2","86.1","13.2","0.7"
"790","Slovak Republic","2011","1.5","28.9","34.0","4.7","2.1","86.7","12.9","0.4"
"791","Slovak Republic","2012","1.3","28.7","35.4","4.8","2.0","86.7","12.9","0.4"
"792","Slovak Republic","2013","1.3","28.8","37.0","4.7","2.0","86.0","13.5","0.4"
"793","Slovak Republic","2014","1.4","28.8","38.9","4.9","1.9","86.9","11.2","2.0"
"794","Slovak Republic","2015","1.4",NA,NA,"5.3","1.8","87.2","12.4","0.4"
"795","Slovak Republic","2016","1.5",NA,NA,"5.5","1.7","85.6","13.5","1.0"
"796","Slovenia","1990","1.5","25.9","24.5","4.3","0.9",NA,NA,NA
"797","Slovenia","1991","1.4","26.1","26.4","4.1","0.9",NA,NA,NA
"798","Slovenia","1992","1.3","26.2","27.7","4.6","1.0",NA,NA,NA
"799","Slovenia","1993","1.3","26.6","28.0","4.5","1.0",NA,NA,NA
"800","Slovenia","1994","1.3","26.8","28.8","4.2","1.0",NA,NA,NA
"801","Slovenia","1995","1.3","27.1","29.8","4.1","0.8",NA,NA,NA
"802","Slovenia","1996","1.3","27.3","31.9","3.8","1.0",NA,NA,NA
"803","Slovenia","1997","1.3","27.5","32.7","3.8","1.0",NA,NA,NA
"804","Slovenia","1998","1.2","27.8","33.6","3.8","1.0",NA,NA,NA
"805","Slovenia","1999","1.2","28.0","35.4","3.9","1.0",NA,NA,NA
"806","Slovenia","2000","1.3","28.2","37.1","3.6","1.1",NA,NA,NA
"807","Slovenia","2001","1.2","28.5","39.4","3.5","1.1",NA,NA,NA
"808","Slovenia","2002","1.2","28.8","40.2","3.5","1.2",NA,NA,NA
"809","Slovenia","2003","1.2","28.9","42.5","3.4","1.2",NA,NA,NA
"810","Slovenia","2004","1.3","29.2","44.8","3.3","1.2",NA,NA,NA
"811","Slovenia","2005","1.3","29.4","46.7","2.9","1.3","86.5","13.1","0.4"
"812","Slovenia","2006","1.3","29.6","47.2","3.2","1.2","85.9","13.4","0.8"
"813","Slovenia","2007","1.4","29.8","50.8","3.2","1.3","86.7","12.8","0.5"
"814","Slovenia","2008","1.5","29.9","52.8","3.3","1.1","87.1","12.3","0.6"
"815","Slovenia","2009","1.5","30.0","53.6","3.2","1.1","88.3","11.0","0.6"
"816","Slovenia","2010","1.6","30.1","55.7","3.2","1.2","86.4","13.0","0.6"
"817","Slovenia","2011","1.6","30.1","56.8","3.2","1.1","85.7","13.6","0.7"
"818","Slovenia","2012","1.6","30.1","57.6","3.4","1.2","86.4","13.2","0.4"
"819","Slovenia","2013","1.6","30.1","58.0","3.0","1.1","87.2","12.5","0.4"
"820","Slovenia","2014","1.6","30.2","58.3","3.2","1.2","85.9","13.7","0.5"
"821","Slovenia","2015","1.6",NA,NA,"3.1","1.2","85.2","14.3","0.5"
"822","Slovenia","2016","1.6",NA,NA,"3.2","1.2","84.9","14.4","0.8"
"823","Slovenia","2017",NA,NA,NA,NA,NA,"86.4","13.2","0.4"
"824","Spain","1990","1.4","28.9","9.6","5.7","0.6",NA,NA,NA
"825","Spain","1991","1.3","29.0","10.0","5.6","0.7",NA,NA,NA
"826","Spain","1992","1.3","29.2","10.5","5.6","0.7",NA,NA,NA
"827","Spain","1993","1.3","29.5","10.8","5.1","0.7",NA,NA,NA
"828","Spain","1994","1.2","29.7","10.8","5.1","0.8",NA,NA,NA
"829","Spain","1995","1.2","30.0","11.1","5.1","0.8",NA,NA,NA
"830","Spain","1996","1.2","30.2","11.7","4.9","0.8",NA,NA,NA
"831","Spain","1997","1.2","30.4","13.1","5.0","0.9",NA,NA,NA
"832","Spain","1998","1.2","30.5","14.5","5.2","0.9",NA,NA,NA
"833","Spain","1999","1.2","30.7","16.3","5.2","0.9",NA,NA,NA
"834","Spain","2000","1.2","30.7","17.7","5.4","0.9",NA,NA,NA
"835","Spain","2001","1.2","30.8","19.7","5.1","1.0",NA,NA,NA
"836","Spain","2002","1.3","30.8","21.7","5.1","1.0",NA,NA,NA
"837","Spain","2003","1.3","30.8","23.4","5.0","1.1",NA,NA,NA
"838","Spain","2004","1.3","30.9","25.1","5.0","1.2","86.0","13.0","1.0"
"839","Spain","2005","1.3","30.9","26.5","4.7","1.7","87.5","10.8","1.6"
"840","Spain","2006","1.4","30.9","28.4","4.5","2.9","88.2","10.2","1.6"
"841","Spain","2007","1.4","30.8","30.2","4.4","2.8","87.7","11.0","1.3"
"842","Spain","2008","1.5","30.8","33.2","4.2","2.4","87.6","11.1","1.3"
"843","Spain","2009","1.4","31.0","34.5","3.7","2.1","87.0","11.5","1.5"
"844","Spain","2010","1.4","31.2","35.5","3.6","2.2","85.1","13.8","1.1"
"845","Spain","2011","1.3","31.4","37.4","3.4","2.2","85.5","12.7","1.9"
"846","Spain","2012","1.3","31.6","39.0","3.5","2.2","85.2","13.3","1.5"
"847","Spain","2013","1.3","31.7","40.9","3.3","2.0","84.0","14.3","1.7"
"848","Spain","2014","1.3","31.8","42.5","3.4","2.2","82.9","15.6","1.6"
"849","Spain","2015","1.3",NA,NA,"3.6","2.1","82.4","16.3","1.3"
"850","Spain","2016","1.3",NA,NA,"3.7","2.1","82.6","16.5","0.9"
"851","Spain","2017",NA,NA,NA,NA,NA,"82.9","15.3","1.7"
"852","Sweden","1990","2.1","28.6","47.0","4.7","2.3",NA,NA,NA
"853","Sweden","1991","2.1","28.7","48.2","4.3","2.3",NA,NA,NA
"854","Sweden","1992","2.1","28.8","49.5","4.3","2.5",NA,NA,NA
"855","Sweden","1993","2.0","29.0","50.4","3.9","2.5",NA,NA,NA
"856","Sweden","1994","1.9","29.1","51.6","3.9","2.5",NA,NA,NA
"857","Sweden","1995","1.7","29.2","53.0","3.8","2.6",NA,NA,NA
"858","Sweden","1996","1.6","29.4","53.9","3.8","2.4",NA,NA,NA
"859","Sweden","1997","1.5","29.5","54.1","3.7","2.4",NA,NA,NA
"860","Sweden","1998","1.5","29.7","54.7","3.6","2.3",NA,NA,NA
"861","Sweden","1999","1.5","29.8","55.3","4.0","2.4",NA,NA,NA
"862","Sweden","2000","1.5","29.9","55.3","4.5","2.4",NA,NA,NA
"863","Sweden","2001","1.6","30.0","55.5","4.0","2.4",NA,NA,NA
"864","Sweden","2002","1.7","30.1","56.0","4.3","2.4",NA,NA,NA
"865","Sweden","2003","1.7","30.3","56.0","4.4","2.4",NA,NA,NA
"866","Sweden","2004","1.8","30.4","55.4","4.8","2.2","77.8","21.2","1.1"
"867","Sweden","2005","1.8","30.5","55.4","4.9","2.2","78.8","20.2","1.0"
"868","Sweden","2006","1.9","30.6","55.5","5.0","2.2","78.2","19.3","2.6"
"869","Sweden","2007","1.9","30.6","54.8","5.2","2.3","80.4","18.3","1.3"
"870","Sweden","2008","1.9","30.6","54.7","5.5","2.3","80.8","17.8","1.4"
"871","Sweden","2009","1.9","30.7","54.4","5.1","2.4","79.0","18.8","2.3"
"872","Sweden","2010","2.0","30.7","54.2","5.3","2.5","79.1","19.6","1.4"
"873","Sweden","2011","1.9","30.8","54.3","5.0","2.5","79.3","18.9","1.9"
"874","Sweden","2012","1.9","30.9","54.5","5.3","2.5","80.6","18.1","1.3"
"875","Sweden","2013","1.9","30.9","54.4","5.4","2.8","80.2","19.0","0.9"
"876","Sweden","2014","1.9","31.0","54.6","5.5","2.7","80.9","17.9","1.2"
"877","Sweden","2015","1.9",NA,NA,"5.3","2.5","79.5","19.4","1.0"
"878","Sweden","2016","1.9",NA,NA,"5.4","2.4","79.9","19.0","1.0"
"879","Sweden","2017",NA,NA,NA,NA,NA,"80.1","18.8","1.1"
"880","Switzerland","1990","1.6","28.9","6.1","6.9","2.0",NA,NA,NA
"881","Switzerland","1991","1.6","29.0","6.5","7.0","2.0",NA,NA,NA
"882","Switzerland","1992","1.6","29.1","6.2","6.6","2.1",NA,NA,NA
"883","Switzerland","1993","1.5","29.2","6.3","6.2","2.2",NA,NA,NA
"884","Switzerland","1994","1.5","29.4","6.4","6.1","2.2",NA,NA,NA
"885","Switzerland","1995","1.5","29.4","6.8","5.8","2.2",NA,NA,NA
"886","Switzerland","1996","1.5","29.5","7.3","5.7","2.3",NA,NA,NA
"887","Switzerland","1997","1.5","29.6","8.1","5.5","2.4",NA,NA,NA
"888","Switzerland","1998","1.5","29.7","8.8","5.4","2.5",NA,NA,NA
"889","Switzerland","1999","1.5","29.7","10.0","5.7","2.9",NA,NA,NA
"890","Switzerland","2000","1.5","29.8","10.7","5.5","1.5",NA,NA,NA
"891","Switzerland","2001","1.4","30.0","11.2","5.0","2.2",NA,NA,NA
"892","Switzerland","2002","1.4","30.1","11.7","5.5","2.2",NA,NA,NA
"893","Switzerland","2003","1.4","30.2","12.4","5.5","2.3",NA,NA,NA
"894","Switzerland","2004","1.4","30.4","13.3","5.3","2.4",NA,NA,NA
"895","Switzerland","2005","1.4","30.6","13.7","5.4","2.9",NA,NA,NA
"896","Switzerland","2006","1.4","30.7","15.4","5.3","2.8",NA,NA,NA
"897","Switzerland","2007","1.5","30.9","16.2","5.3","2.6","89.1","10.6","0.3"
"898","Switzerland","2008","1.5","31.0","17.1","5.4","2.6","88.6","11.1","0.3"
"899","Switzerland","2009","1.5","31.2","17.9","5.4","2.5","89.5","10.2","0.4"
"900","Switzerland","2010","1.5","31.2","18.6","5.5","2.8","87.7","11.6","0.7"
"901","Switzerland","2011","1.5","31.4","19.3","5.3","2.2","88.5","11.2","0.3"
"902","Switzerland","2012","1.5","31.5","20.2","5.3","2.2","88.6","10.9","0.4"
"903","Switzerland","2013","1.5","31.6","21.1","4.9","2.1","88.8","10.8","0.4"
"904","Switzerland","2014","1.5","31.8","21.7","5.1","2.0","87.5","12.3","0.2"
"905","Switzerland","2015","1.5",NA,NA,"5.0","2.1","87.7","12.1","0.3"
"906","Switzerland","2016","1.5",NA,NA,"5.0","2.0","87.6","12.2","0.2"
"907","Turkey","1990","3.1",NA,NA,NA,NA,NA,NA,NA
"908","Turkey","1991","3.0",NA,NA,NA,NA,NA,NA,NA
"909","Turkey","1992","2.9",NA,NA,NA,NA,NA,NA,NA
"910","Turkey","1993","2.9",NA,NA,NA,NA,NA,NA,NA
"911","Turkey","1994","2.8",NA,NA,NA,NA,NA,NA,NA
"912","Turkey","1995","2.8",NA,NA,NA,NA,NA,NA,NA
"913","Turkey","1996","2.7",NA,NA,NA,NA,NA,NA,NA
"914","Turkey","1997","2.6",NA,NA,NA,NA,NA,NA,NA
"915","Turkey","1998","2.6",NA,NA,NA,NA,NA,NA,NA
"916","Turkey","1999","2.5",NA,NA,NA,NA,NA,NA,NA
"917","Turkey","2000","2.3",NA,NA,NA,NA,NA,NA,NA
"918","Turkey","2001","2.4",NA,NA,NA,NA,NA,NA,NA
"919","Turkey","2002","2.2",NA,NA,NA,NA,NA,NA,NA
"920","Turkey","2003","2.1",NA,NA,"7.1","0.8",NA,NA,NA
"921","Turkey","2004","2.1",NA,NA,"9.2","1.3",NA,NA,NA
"922","Turkey","2005","2.1",NA,NA,"9.5","1.4",NA,NA,NA
"923","Turkey","2006","2.1",NA,NA,"9.2","1.3","91.4","7.0","1.5"
"924","Turkey","2007","2.2",NA,NA,"9.1","1.3","92.7","5.9","1.4"
"925","Turkey","2008","2.2","27.7",NA,"9.0","1.4","92.1","6.3","1.6"
"926","Turkey","2009","2.1","27.7",NA,"8.2","1.6","92.6","5.9","1.5"
"927","Turkey","2010","2.1","27.9","2.6","8.0","1.6",NA,NA,NA
"928","Turkey","2011","2.0","27.9","2.7","8.0","1.6","93.0","5.9","1.2"
"929","Turkey","2012","2.1","28.1","2.6","8.0","1.6","93.4","5.6","1.0"
"930","Turkey","2013","2.1","28.3","2.7","7.9","1.6","91.2","5.5","3.3"
"931","Turkey","2014","2.2","28.4","2.8","7.8","1.7","93.7","5.3","0.9"
"932","Turkey","2015","2.2",NA,NA,"7.7","1.7","93.4","5.7","1.0"
"933","Turkey","2016","2.1",NA,NA,"7.5","1.6",NA,NA,NA
"934","United Kingdom","1990","1.8","27.7","27.9","6.6","2.7",NA,NA,NA
"935","United Kingdom","1991","1.8","27.7","29.8","6.1","2.8",NA,NA,NA
"936","United Kingdom","1992","1.8","27.8","30.8","6.2","2.8",NA,NA,NA
"937","United Kingdom","1993","1.8","28.0","31.8","5.9","2.9",NA,NA,NA
"938","United Kingdom","1994","1.7","28.1","32.0","5.7","2.7",NA,NA,NA
"939","United Kingdom","1995","1.7","28.2","33.5","5.6","2.9",NA,NA,NA
"940","United Kingdom","1996","1.7","28.2","35.5","5.5","3.0",NA,NA,NA
"941","United Kingdom","1997","1.7","28.3","36.8","5.3","2.8",NA,NA,NA
"942","United Kingdom","1998","1.7","28.4","37.6","5.2","2.7",NA,NA,NA
"943","United Kingdom","1999","1.7","28.4","38.8","5.1","2.7",NA,NA,NA
"944","United Kingdom","2000","1.6","28.5","39.5","5.2","2.6",NA,NA,NA
"945","United Kingdom","2001","1.6","28.6","40.1","4.8","2.7",NA,NA,NA
"946","United Kingdom","2002","1.6","28.7","40.6","4.9","2.7",NA,NA,NA
"947","United Kingdom","2003","1.7","28.9","41.5","5.2","2.8",NA,NA,NA
"948","United Kingdom","2004","1.8","29.0","42.3",NA,"2.8",NA,NA,NA
"949","United Kingdom","2005","1.8","29.1","42.9",NA,"2.6","73.3","25.7","1.0"
"950","United Kingdom","2006","1.8","29.2","43.7",NA,"2.4","75.2","23.8","1.0"
"951","United Kingdom","2007","1.9","29.3","44.4","4.5","2.3","77.2","21.7","1.1"
"952","United Kingdom","2008","1.9","29.3","45.4","4.4","2.2","78.1","20.9","1.0"
"953","United Kingdom","2009","1.9","29.4","46.3","4.3","2.0","77.0","22.0","1.1"
"954","United Kingdom","2010","1.9","29.5","46.9","4.5","2.1","77.8","21.2","0.9"
"955","United Kingdom","2011","1.9","29.7","47.3","4.5","2.1","78.9","20.1","1.0"
"956","United Kingdom","2012","1.9","29.8","47.6",NA,"2.0","75.8","24.1","0.2"
"957","United Kingdom","2013","1.8","30.0",NA,"4.3","2.0","76.4","23.4","0.2"
"958","United Kingdom","2014","1.8","30.2",NA,"4.5","1.9","76.1","23.8","0.2"
"959","United Kingdom","2015","1.8",NA,NA,"4.4","1.7","75.3","24.5","0.2"
"960","United Kingdom","2016","1.8",NA,NA,NA,"1.8","76.6","23.2","0.2"
"961","United States","1990","2.1","26.6","28.0",NA,NA,NA,NA,NA
"962","United States","1991","2.1","26.5","29.5","9.2",NA,NA,NA,NA
"963","United States","1992","2.0","26.6","30.1","9.0","4.8",NA,NA,NA
"964","United States","1993","2.0","26.7","31.0","9.1","4.6",NA,NA,NA
"965","United States","1994","2.0","26.8","32.6","8.9","4.6",NA,NA,NA
"966","United States","1995","2.0","26.9","32.2","8.9","4.4",NA,NA,NA
"967","United States","1996","2.0","27.0","32.4","8.8","4.3",NA,NA,NA
"968","United States","1997","2.0","27.1","32.4","8.9","4.3",NA,NA,NA
"969","United States","1998","2.0","27.2","32.8","8.3","4.2",NA,NA,NA
"970","United States","1999","2.0","27.3","33.0","8.6",NA,NA,NA,NA
"971","United States","2000","2.1","27.4","33.2","8.2","4.0",NA,NA,NA
"972","United States","2001","2.0","27.5","33.5","8.2","4.0",NA,NA,NA
"973","United States","2002","2.0","27.7","34.0","8.0","3.9",NA,NA,NA
"974","United States","2003","2.0","27.8","34.6","7.7","3.8",NA,NA,NA
"975","United States","2004","2.0","27.9","35.8","7.8","3.7",NA,NA,NA
"976","United States","2005","2.1","28.0","36.9","7.6","3.6",NA,NA,NA
"977","United States","2006","2.1","27.9","38.5","7.5","3.7",NA,NA,NA
"978","United States","2007","2.1","28.0","39.7","7.3","3.6","70.7","25.8","3.5"
"979","United States","2008","2.1","28.0","40.6","7.1","3.5","69.9","26.3","3.8"
"980","United States","2009","2.0","28.1","41.0","6.8","3.5","69.8","26.2","4.0"
"981","United States","2010","1.9","28.3","40.8","6.8","3.6","69.4","26.6","4.1"
"982","United States","2011","1.9","28.5","40.7","6.8","3.6","68.9","27.2","3.9"
"983","United States","2012","1.9","28.6","40.7","6.8","3.4","68.1","28.3","3.6"
"984","United States","2013","1.9","28.8","40.6","6.8","3.3","68.5","27.8","3.7"
"985","United States","2014","1.9",NA,"40.2","6.9","3.2","68.7","27.5","3.8"
"986","United States","2015","1.8",NA,NA,"6.9","3.1","69.2","26.8","3.9"
"987","United States","2016","1.8",NA,NA,"6.9","3.2","68.7","27.4","3.8"
"988","United States","2017",NA,NA,NA,NA,NA,"68.9","27.1","4.0"
"989","Brazil","1990","2.9",NA,NA,NA,NA,NA,NA,NA
"990","Brazil","1991","2.8",NA,NA,NA,NA,NA,NA,NA
"991","Brazil","1992","2.8",NA,NA,NA,NA,NA,NA,NA
"992","Brazil","1993","2.7",NA,NA,NA,NA,NA,NA,NA
"993","Brazil","1994","2.6",NA,NA,NA,NA,NA,NA,NA
"994","Brazil","1995","2.6",NA,NA,NA,NA,NA,NA,NA
"995","Brazil","1996","2.5",NA,NA,NA,NA,NA,NA,NA
"996","Brazil","1997","2.5",NA,NA,NA,NA,NA,NA,NA
"997","Brazil","1998","2.4",NA,NA,NA,NA,NA,NA,NA
"998","Brazil","1999","2.4",NA,NA,NA,NA,NA,NA,NA
"999","Brazil","2000","2.3",NA,NA,NA,NA,NA,NA,NA
"1000","Brazil","2001","2.2",NA,NA,NA,NA,NA,NA,NA
"1001","Brazil","2002","2.2",NA,NA,NA,NA,NA,NA,NA
"1002","Brazil","2003","2.1",NA,NA,NA,NA,NA,NA,NA
"1003","Brazil","2004","2.0",NA,NA,NA,NA,NA,NA,NA
"1004","Brazil","2005","2.0",NA,NA,NA,NA,NA,NA,NA
"1005","Brazil","2006","1.9",NA,NA,NA,NA,NA,NA,NA
"1006","Brazil","2007","1.9",NA,NA,NA,NA,NA,NA,NA
"1007","Brazil","2008","1.9",NA,NA,NA,NA,NA,NA,NA
"1008","Brazil","2009","1.8",NA,NA,NA,NA,NA,NA,NA
"1009","Brazil","2010","1.8",NA,NA,NA,NA,NA,NA,NA
"1010","Brazil","2011","1.8",NA,NA,NA,NA,NA,NA,NA
"1011","Brazil","2012","1.8",NA,NA,NA,NA,NA,NA,NA
"1012","Brazil","2013","1.8",NA,NA,NA,NA,NA,NA,NA
"1013","Brazil","2014","1.8",NA,NA,NA,NA,NA,NA,NA
"1014","Brazil","2015","1.7",NA,NA,NA,NA,NA,NA,NA
"1015","Brazil","2016","1.7",NA,NA,NA,NA,NA,NA,NA
"1016","Bulgaria","1990","1.8","23.9","12.4","6.9","1.3",NA,NA,NA
"1017","Bulgaria","1991","1.7","23.7","15.5","5.7","1.3",NA,NA,NA
"1018","Bulgaria","1992","1.6","23.7","18.5","5.2","1.1",NA,NA,NA
"1019","Bulgaria","1993","1.5","23.8","22.1","4.7","0.9",NA,NA,NA
"1020","Bulgaria","1994","1.4","24.0","24.5","4.5","0.9",NA,NA,NA
"1021","Bulgaria","1995","1.2","24.1","25.7","4.4","1.3",NA,NA,NA
"1022","Bulgaria","1996","1.2","24.3","28.1","4.3","1.2",NA,NA,NA
"1023","Bulgaria","1997","1.1","24.4","30.0","4.2","1.1",NA,NA,NA
"1024","Bulgaria","1998","1.1","24.5","31.5","4.3","1.3",NA,NA,NA
"1025","Bulgaria","1999","1.2","24.7","35.1","4.1","1.2",NA,NA,NA
"1026","Bulgaria","2000","1.3","25.0","38.4","4.3","1.3",NA,NA,NA
"1027","Bulgaria","2001","1.2","25.1","42.0","4.0","1.3",NA,NA,NA
"1028","Bulgaria","2002","1.2","25.3","42.8","3.7","1.3",NA,NA,NA
"1029","Bulgaria","2003","1.2","25.5","46.1","3.9","1.5",NA,NA,NA
"1030","Bulgaria","2004","1.3","25.6","48.7","4.0","1.9",NA,NA,NA
"1031","Bulgaria","2005","1.3","25.9","49.0","4.4","1.9","81.9","14.8","3.4"
"1032","Bulgaria","2006","1.4","26.1","50.8","4.3","2.0","81.9","14.8","3.4"
"1033","Bulgaria","2007","1.5","26.4","50.2","3.9","2.2","81.7","15.5","2.9"
"1034","Bulgaria","2008","1.6","26.5","51.1","3.7","1.9","81.2","16.6","2.3"
"1035","Bulgaria","2009","1.7","26.7","53.4","3.5","1.6","83.0","14.5","2.5"
"1036","Bulgaria","2010","1.6","27.0","54.1","3.3","1.5","80.9","16.1","3.0"
"1037","Bulgaria","2011","1.5","27.1","56.1","2.9","1.4","80.2","16.9","2.9"
"1038","Bulgaria","2012","1.5","27.1","57.4","2.9","1.6","80.3","15.6","4.2"
"1039","Bulgaria","2013","1.5","27.1","59.1","3.0","1.5","80.2","16.7","3.0"
"1040","Bulgaria","2014","1.5","27.3","58.8","3.4","1.5","80.7","16.6","2.8"
"1041","Bulgaria","2015","1.5",NA,NA,"3.9","1.5","81.4","16.5","2.1"
"1042","Bulgaria","2016","1.5",NA,NA,"3.8","1.5","81.9","16.1","1.9"
"1043","Bulgaria","2017",NA,NA,NA,NA,NA,"82.3","15.7","2.0"
"1044","Colombia","1990","3.0",NA,NA,NA,NA,NA,NA,NA
"1045","Colombia","1991","2.9",NA,NA,NA,NA,NA,NA,NA
"1046","Colombia","1992","2.9",NA,NA,NA,NA,NA,NA,NA
"1047","Colombia","1993","2.8",NA,NA,NA,NA,NA,NA,NA
"1048","Colombia","1994","2.7",NA,NA,NA,NA,NA,NA,NA
"1049","Colombia","1995","2.7",NA,NA,NA,NA,NA,NA,NA
"1050","Colombia","1996","2.6",NA,NA,NA,NA,NA,NA,NA
"1051","Colombia","1997","2.5",NA,NA,NA,NA,NA,NA,NA
"1052","Colombia","1998","2.5","26.4",NA,NA,NA,NA,NA,NA
"1053","Colombia","1999","2.4","26.4",NA,NA,NA,NA,NA,NA
"1054","Colombia","2000","2.4","26.3",NA,NA,NA,NA,NA,NA
"1055","Colombia","2001","2.3",NA,NA,NA,NA,NA,NA,NA
"1056","Colombia","2002","2.3",NA,NA,NA,NA,NA,NA,NA
"1057","Colombia","2003","2.3",NA,NA,NA,NA,NA,NA,NA
"1058","Colombia","2004","2.2",NA,NA,NA,NA,NA,NA,NA
"1059","Colombia","2005","2.2",NA,NA,NA,NA,NA,NA,NA
"1060","Colombia","2006","2.2",NA,NA,NA,NA,NA,NA,NA
"1061","Colombia","2007","2.1",NA,NA,NA,NA,NA,NA,NA
"1062","Colombia","2008","2.1",NA,NA,NA,NA,NA,NA,NA
"1063","Colombia","2009","2.0",NA,NA,NA,NA,NA,NA,NA
"1064","Colombia","2010","2.0",NA,NA,NA,NA,NA,NA,NA
"1065","Colombia","2011","2.0",NA,NA,NA,NA,NA,NA,NA
"1066","Colombia","2012","1.9",NA,NA,NA,NA,NA,NA,NA
"1067","Colombia","2013","1.9",NA,NA,NA,NA,NA,NA,NA
"1068","Colombia","2014","1.9",NA,NA,NA,NA,NA,NA,NA
"1069","Colombia","2015","1.9",NA,NA,NA,NA,NA,NA,NA
"1070","Colombia","2016","1.9",NA,NA,NA,NA,NA,NA,NA
"1071","Costa Rica","1990","3.2","27.3","38.5","7.5",NA,NA,NA,NA
"1072","Costa Rica","1991","3.1","27.2","40.3","7.2",NA,NA,NA,NA
"1073","Costa Rica","1992","3.0",NA,"40.6","6.6",NA,NA,NA,NA
"1074","Costa Rica","1993","3.0",NA,"42.1","6.3",NA,NA,NA,NA
"1075","Costa Rica","1994","2.9","27.0","44.7","6.5",NA,NA,NA,NA
"1076","Costa Rica","1995","2.8","26.9","45.9","7.1",NA,NA,NA,NA
"1077","Costa Rica","1996","2.7","26.8","47.1","6.7",NA,NA,NA,NA
"1078","Costa Rica","1997","2.6","26.8","47.9","6.7",NA,NA,NA,NA
"1079","Costa Rica","1998","2.6",NA,"49.3","6.7",NA,NA,NA,NA
"1080","Costa Rica","1999","2.5","26.6","51.1","6.8",NA,NA,NA,NA
"1081","Costa Rica","2000","2.4","26.5","52.7","6.3",NA,NA,NA,NA
"1082","Costa Rica","2001","2.3","26.6","53.5","6.0",NA,NA,NA,NA
"1083","Costa Rica","2002","2.2","26.6","55.3","5.9",NA,NA,NA,NA
"1084","Costa Rica","2003","2.2","26.5","57.0","6.0",NA,NA,NA,NA
"1085","Costa Rica","2004","2.1","26.5","58.9","6.1",NA,NA,NA,NA
"1086","Costa Rica","2005","2.1",NA,"60.2","6.1",NA,NA,NA,NA
"1087","Costa Rica","2006","2.0","26.5","61.4","6.2",NA,NA,NA,NA
"1088","Costa Rica","2007","2.0","26.4","63.1","6.0",NA,NA,NA,NA
"1089","Costa Rica","2008","2.0","26.3","64.6","5.7",NA,NA,NA,NA
"1090","Costa Rica","2009","2.0","26.5","66.6","5.4",NA,NA,NA,NA
"1091","Costa Rica","2010","1.9","26.5","67.4","5.3","2.5",NA,NA,NA
"1092","Costa Rica","2011","1.9","26.6","68.2","5.4",NA,NA,NA,NA
"1093","Costa Rica","2012","1.9","26.5","69.4","5.6","2.5",NA,NA,NA
"1094","Costa Rica","2013","1.8","26.7","69.3","5.5","2.8",NA,NA,NA
"1095","Costa Rica","2014","1.8",NA,"69.4","5.4","2.3",NA,NA,NA
"1096","Costa Rica","2015","1.8",NA,NA,"5.5","2.1",NA,NA,NA
"1097","Costa Rica","2016","1.8",NA,NA,"5.5","2.7",NA,NA,NA
"1098","Croatia","1990","1.7",NA,"7.0","5.8","1.1",NA,NA,NA
"1099","Croatia","1991","1.6",NA,"7.5","4.6","1.0",NA,NA,NA
"1100","Croatia","1992","1.4",NA,"7.7","4.8","0.8",NA,NA,NA
"1101","Croatia","1993","1.4",NA,"7.7","5.0","1.0",NA,NA,NA
"1102","Croatia","1994","1.4",NA,"7.6","5.2","1.0",NA,NA,NA
"1103","Croatia","1995","1.5",NA,"7.5","5.3","0.9",NA,NA,NA
"1104","Croatia","1996","1.6",NA,"7.1","5.4","0.8",NA,NA,NA
"1105","Croatia","1997","1.7",NA,"7.3","5.4","0.9",NA,NA,NA
"1106","Croatia","1998","1.5",NA,"8.1","5.3","0.9",NA,NA,NA
"1107","Croatia","1999","1.4",NA,"8.2","5.3","0.8",NA,NA,NA
"1108","Croatia","2000","1.4",NA,"9.0","4.9","1.0",NA,NA,NA
"1109","Croatia","2001","1.5","27.8","9.4","5.1","1.1",NA,NA,NA
"1110","Croatia","2002","1.4","27.9","9.6","5.3","1.0",NA,NA,NA
"1111","Croatia","2003","1.4","28.0","10.1","5.2","1.1",NA,NA,NA
"1112","Croatia","2004","1.4","28.1","10.4","5.3","1.2",NA,NA,NA
"1113","Croatia","2005","1.5","28.3","10.5","5.1","1.1",NA,NA,NA
"1114","Croatia","2006","1.5","28.5","11.0","5.1","1.1",NA,NA,NA
"1115","Croatia","2007","1.5","28.6","11.5","5.4","1.1",NA,NA,NA
"1116","Croatia","2008","1.6","28.7","12.0","5.4","1.2",NA,NA,NA
"1117","Croatia","2009","1.6","28.9","12.9","5.2","1.2",NA,NA,NA
"1118","Croatia","2010","1.6","29.2","13.3","5.0","1.2","90.3","9.0","0.7"
"1119","Croatia","2011","1.5","29.3","14.0","4.7","1.3","91.0","8.2","0.8"
"1120","Croatia","2012","1.5","29.4","15.4","4.8","1.3","90.5","9.0","0.6"
"1121","Croatia","2013","1.5","29.6","16.1","4.5","1.4","90.4","9.3","0.3"
"1122","Croatia","2014","1.5","29.8","17.4","4.6","1.4","89.9","9.9","0.2"
"1123","Croatia","2015","1.4",NA,NA,"4.7","1.4","89.5","9.8","0.7"
"1124","Croatia","2016","1.4",NA,NA,"4.9","1.7","91.6","8.1","0.4"
"1125","Cyprus","1990","2.4","27.1","0.7","9.7","0.6",NA,NA,NA
"1126","Cyprus","1991","2.3","27.2","0.8","10.5","0.5",NA,NA,NA
"1127","Cyprus","1992","2.5","27.4","1.1","8.0","0.7",NA,NA,NA
"1128","Cyprus","1993","2.2","27.7","0.8","9.7","0.8",NA,NA,NA
"1129","Cyprus","1994","2.2","27.8","1.0","9.7","0.9",NA,NA,NA
"1130","Cyprus","1995","2.0","28.1","1.4","10.2","1.2",NA,NA,NA
"1131","Cyprus","1996","2.0","28.1","1.5","8.7","1.1",NA,NA,NA
"1132","Cyprus","1997","1.9","28.3","1.6","10.7","1.3",NA,NA,NA
"1133","Cyprus","1998","1.8","28.3","2.1","11.4","1.3",NA,NA,NA
"1134","Cyprus","1999","1.7","28.6","2.2","13.2","1.7",NA,NA,NA
"1135","Cyprus","2000","1.6","28.7","2.3","13.4","1.7",NA,NA,NA
"1136","Cyprus","2001","1.6","28.9","2.5","15.1","1.7",NA,NA,NA
"1137","Cyprus","2002","1.5","29.1","3.5","14.5","1.9",NA,NA,NA
"1138","Cyprus","2003","1.5","29.3","3.5","7.7","2.0",NA,NA,NA
"1139","Cyprus","2004","1.5","29.2","3.3","7.3","2.2",NA,NA,NA
"1140","Cyprus","2005","1.5","29.5","4.4","8.0","2.0","90.4","8.9","0.7"
"1141","Cyprus","2006","1.5","29.8","5.6","7.0","2.3","91.7","7.9","0.4"
"1142","Cyprus","2007","1.4","30.0","8.7","8.3","2.1","90.3","9.0","0.7"
"1143","Cyprus","2008","1.5","30.1","8.9","7.8","2.1","85.2","13.9","0.9"
"1144","Cyprus","2009","1.5","30.3","11.7","7.8","2.2","86.8","12.6","0.7"
"1145","Cyprus","2010","1.4","30.4","15.2","7.3","2.3","86.7","12.8","0.5"
"1146","Cyprus","2011","1.4","30.5","16.9","7.3","2.3","89.2","9.9","0.9"
"1147","Cyprus","2012","1.4","30.6","18.6","6.7","2.4","89.3","10.1","0.6"
"1148","Cyprus","2013","1.3","30.9",NA,"6.4","2.2","89.6","10.1","0.2"
"1149","Cyprus","2014","1.3","31.0",NA,"6.3","2.2","87.9","11.6","0.4"
"1150","Cyprus","2015","1.3",NA,NA,"7.2","2.1","85.0","14.0","0.9"
"1151","Cyprus","2016","1.4",NA,NA,"7.5","2.3","86.9","12.5","0.6"
"1152","Cyprus","2017",NA,NA,NA,NA,NA,"87.7","11.7","0.6"
"1153","India","1990","4.0",NA,NA,NA,NA,NA,NA,NA
"1154","India","1991","4.0",NA,NA,NA,NA,NA,NA,NA
"1155","India","1992","3.9",NA,NA,NA,NA,NA,NA,NA
"1156","India","1993","3.8",NA,NA,NA,NA,NA,NA,NA
"1157","India","1994","3.7",NA,NA,NA,NA,NA,NA,NA
"1158","India","1995","3.7",NA,NA,NA,NA,NA,NA,NA
"1159","India","1996","3.6",NA,NA,NA,NA,NA,NA,NA
"1160","India","1997","3.5",NA,NA,NA,NA,NA,NA,NA
"1161","India","1998","3.4",NA,NA,NA,NA,NA,NA,NA
"1162","India","1999","3.4",NA,NA,NA,NA,NA,NA,NA
"1163","India","2000","3.3",NA,NA,NA,NA,NA,NA,NA
"1164","India","2001","3.2",NA,NA,NA,NA,NA,NA,NA
"1165","India","2002","3.2",NA,NA,NA,NA,NA,NA,NA
"1166","India","2003","3.1",NA,NA,NA,NA,NA,NA,NA
"1167","India","2004","3.0",NA,NA,NA,NA,NA,NA,NA
"1168","India","2005","3.0",NA,NA,NA,NA,NA,NA,NA
"1169","India","2006","2.9",NA,NA,NA,NA,NA,NA,NA
"1170","India","2007","2.8",NA,NA,NA,NA,NA,NA,NA
"1171","India","2008","2.7",NA,NA,NA,NA,NA,NA,NA
"1172","India","2009","2.7",NA,NA,NA,NA,NA,NA,NA
"1173","India","2010","2.6",NA,NA,NA,NA,NA,NA,NA
"1174","India","2011","2.5",NA,NA,NA,NA,NA,NA,NA
"1175","India","2012","2.5",NA,NA,NA,NA,NA,NA,NA
"1176","India","2013","2.4",NA,NA,NA,NA,NA,NA,NA
"1177","India","2014","2.4",NA,NA,NA,NA,NA,NA,NA
"1178","India","2015","2.4",NA,NA,NA,NA,NA,NA,NA
"1179","India","2016","2.3",NA,NA,NA,NA,NA,NA,NA
"1180","Indonesia","1990","3.1",NA,NA,NA,NA,NA,NA,NA
"1181","Indonesia","1991","3.0",NA,NA,NA,NA,NA,NA,NA
"1182","Indonesia","1992","2.9",NA,NA,NA,NA,NA,NA,NA
"1183","Indonesia","1993","2.8",NA,NA,NA,NA,NA,NA,NA
"1184","Indonesia","1994","2.8",NA,NA,NA,NA,NA,NA,NA
"1185","Indonesia","1995","2.7",NA,NA,NA,NA,NA,NA,NA
"1186","Indonesia","1996","2.6",NA,NA,NA,NA,NA,NA,NA
"1187","Indonesia","1997","2.6",NA,NA,NA,NA,NA,NA,NA
"1188","Indonesia","1998","2.5",NA,NA,NA,NA,NA,NA,NA
"1189","Indonesia","1999","2.5",NA,NA,NA,NA,NA,NA,NA
"1190","Indonesia","2000","2.5",NA,NA,NA,NA,NA,NA,NA
"1191","Indonesia","2001","2.5",NA,NA,NA,NA,NA,NA,NA
"1192","Indonesia","2002","2.5",NA,NA,NA,NA,NA,NA,NA
"1193","Indonesia","2003","2.5",NA,NA,NA,NA,NA,NA,NA
"1194","Indonesia","2004","2.5",NA,NA,NA,NA,NA,NA,NA
"1195","Indonesia","2005","2.5",NA,NA,NA,NA,NA,NA,NA
"1196","Indonesia","2006","2.5",NA,NA,NA,NA,NA,NA,NA
"1197","Indonesia","2007","2.5",NA,NA,NA,NA,NA,NA,NA
"1198","Indonesia","2008","2.5",NA,NA,NA,NA,NA,NA,NA
"1199","Indonesia","2009","2.5",NA,NA,NA,NA,NA,NA,NA
"1200","Indonesia","2010","2.5",NA,NA,NA,NA,NA,NA,NA
"1201","Indonesia","2011","2.5",NA,NA,NA,NA,NA,NA,NA
"1202","Indonesia","2012","2.5",NA,NA,NA,NA,NA,NA,NA
"1203","Indonesia","2013","2.4",NA,NA,NA,NA,NA,NA,NA
"1204","Indonesia","2014","2.4",NA,NA,NA,NA,NA,NA,NA
"1205","Indonesia","2015","2.4",NA,NA,NA,NA,NA,NA,NA
"1206","Indonesia","2016","2.4",NA,NA,NA,NA,NA,NA,NA
"1207","Malta","1990","2.1","28.9","1.8","7.1",NA,NA,NA,NA
"1208","Malta","1991","2.1","28.8","2.0","7.1",NA,NA,NA,NA
"1209","Malta","1992","2.1","28.8","2.3","6.6",NA,NA,NA,NA
"1210","Malta","1993","2.0","28.8","2.2","6.8",NA,NA,NA,NA
"1211","Malta","1994","1.9","28.9","2.9","6.7",NA,NA,NA,NA
"1212","Malta","1995","1.8","29.0","4.6","6.3",NA,NA,NA,NA
"1213","Malta","1996","2.0","28.8","2.7","6.4",NA,NA,NA,NA
"1214","Malta","1997","2.0","28.6","5.8","6.4",NA,NA,NA,NA
"1215","Malta","1998","1.8","27.9","7.6","6.5",NA,NA,NA,NA
"1216","Malta","1999","1.7","28.8","9.6","6.4",NA,NA,NA,NA
"1217","Malta","2000","1.7","27.9","10.6","6.7",NA,NA,NA,NA
"1218","Malta","2001","1.5","27.6","13.2","5.6",NA,NA,NA,NA
"1219","Malta","2002","1.5","28.7","14.3","5.7",NA,NA,NA,NA
"1220","Malta","2003","1.5","28.8","16.3","5.9",NA,NA,NA,NA
"1221","Malta","2004","1.4","27.8","19.1","6.0",NA,NA,NA,NA
"1222","Malta","2005","1.4","27.9","20.0","5.9",NA,"88.2","10.4","1.4"
"1223","Malta","2006","1.4","29.0","22.4","6.3",NA,"88.2","11.3","0.6"
"1224","Malta","2007","1.4","29.1","24.9","6.1",NA,"85.5","13.8","0.7"
"1225","Malta","2008","1.4","29.2","25.4","6.1",NA,"84.5","14.8","0.6"
"1226","Malta","2009","1.4","29.2","27.4","5.7",NA,"84.9","14.6","0.5"
"1227","Malta","2010","1.4","29.4","25.3","6.3",NA,"83.0","16.2","0.7"
"1228","Malta","2011","1.5","29.8","23.0","6.2","0.1","81.9","16.5","1.6"
"1229","Malta","2012","1.4","29.8","25.7","6.7","1.1","81.1","16.8","2.1"
"1230","Malta","2013","1.4","30.0","25.9","6.1","0.8","81.0","18.2","0.8"
"1231","Malta","2014","1.4","30.1","25.9","6.6","0.7","79.9","19.6","0.5"
"1232","Malta","2015","1.4",NA,NA,"6.7","0.8","80.0","19.6","0.4"
"1233","Malta","2016","1.4",NA,NA,"6.7","0.8","79.7","20.1","0.2"
"1234","Malta","2017",NA,NA,NA,NA,NA,"79.6","20.3","0.1"
"1235","Romania","1990","1.8","25.5",NA,"8.3","1.4",NA,NA,NA
"1236","Romania","1991","1.6","24.9",NA,"8.0","1.6",NA,NA,NA
"1237","Romania","1992","1.5","24.8",NA,"7.7","1.3",NA,NA,NA
"1238","Romania","1993","1.4","24.7","17.0","7.1","1.4",NA,NA,NA
"1239","Romania","1994","1.4","24.9","18.3","6.8","1.7",NA,NA,NA
"1240","Romania","1995","1.3","25.0","19.7","6.8","1.5",NA,NA,NA
"1241","Romania","1996","1.3","25.2","20.7","6.6","1.6",NA,NA,NA
"1242","Romania","1997","1.3","25.3","22.2","6.5","1.5",NA,NA,NA
"1243","Romania","1998","1.3","25.4","23.0","6.5","1.8",NA,NA,NA
"1244","Romania","1999","1.3","25.5","24.1","6.2","1.5",NA,NA,NA
"1245","Romania","2000","1.3","25.7","25.5","6.1","1.4",NA,NA,NA
"1246","Romania","2001","1.3","25.9","26.7","5.9","1.4",NA,NA,NA
"1247","Romania","2002","1.3","26.1","26.7","5.9","1.5",NA,NA,NA
"1248","Romania","2003","1.3","26.2","28.2","6.2","1.5",NA,NA,NA
"1249","Romania","2004","1.3","26.5","29.4","6.7","1.6",NA,NA,NA
"1250","Romania","2005","1.4","26.7","28.5","6.7","1.6",NA,NA,NA
"1251","Romania","2006","1.4","26.8","29.0","6.9","1.5",NA,NA,NA
"1252","Romania","2007","1.5","26.8","26.7","9.1","1.7","85.8","11.2","3.0"
"1253","Romania","2008","1.6","26.7","27.4","7.3","1.7","88.2","9.2","2.6"
"1254","Romania","2009","1.7","26.8","28.0","6.6","1.6","88.0","9.5","2.5"
"1255","Romania","2010","1.6","27.0","27.7","5.7","1.6","87.5","8.9","3.6"
"1256","Romania","2011","1.5","27.1","30.0","5.2","1.8","86.4","9.7","3.9"
"1257","Romania","2012","1.5","27.2","31.0","5.4","1.6","85.7","10.4","3.9"
"1258","Romania","2013","1.4","27.5","30.5","5.4","1.4","85.5","9.8","4.7"
"1259","Romania","2014","1.5","27.5","31.2","5.9","1.4","85.0","10.8","4.1"
"1260","Romania","2015","1.6",NA,NA,"6.3","1.6","85.6","10.2","4.2"
"1261","Romania","2016","1.6",NA,NA,"6.8","1.5","84.6","11.0","4.4"
"1262","Romania","2017",NA,NA,NA,NA,NA,"84.8","11.6","3.7"
"1263","Russia","1990","1.9","25.3",NA,NA,NA,NA,NA,NA
"1264","Russia","1991","1.7","25.1",NA,NA,NA,NA,NA,NA
"1265","Russia","1992","1.5","24.9",NA,NA,NA,NA,NA,NA
"1266","Russia","1993","1.4","24.7",NA,NA,NA,NA,NA,NA
"1267","Russia","1994","1.4","24.6",NA,NA,NA,NA,NA,NA
"1268","Russia","1995","1.3","24.8",NA,NA,NA,NA,NA,NA
"1269","Russia","1996","1.3","25.0",NA,NA,NA,NA,NA,NA
"1270","Russia","1997","1.2","25.2",NA,NA,NA,NA,NA,NA
"1271","Russia","1998","1.2","25.4",NA,NA,NA,NA,NA,NA
"1272","Russia","1999","1.2","25.6",NA,NA,NA,NA,NA,NA
"1273","Russia","2000","1.2","25.8",NA,NA,NA,NA,NA,NA
"1274","Russia","2001","1.2","25.9",NA,NA,NA,NA,NA,NA
"1275","Russia","2002","1.3","26.1",NA,NA,NA,NA,NA,NA
"1276","Russia","2003","1.3","26.3",NA,NA,NA,NA,NA,NA
"1277","Russia","2004","1.3","26.4",NA,NA,NA,NA,NA,NA
"1278","Russia","2005","1.3","26.5",NA,NA,NA,NA,NA,NA
"1279","Russia","2006","1.3","26.5",NA,NA,NA,NA,NA,NA
"1280","Russia","2007","1.4","26.9",NA,NA,NA,NA,NA,NA
"1281","Russia","2008","1.5","27.1",NA,NA,NA,NA,NA,NA
"1282","Russia","2009","1.5","27.3",NA,NA,NA,NA,NA,NA
"1283","Russia","2010","1.6","27.6","8.5","4.5",NA,NA,NA,NA
"1284","Russia","2011","1.6","27.7","9.2","4.7",NA,NA,NA,NA
"1285","Russia","2012","1.7","27.8","8.5","4.5",NA,NA,NA,NA
"1286","Russia","2013","1.7","27.9","8.5","4.7",NA,NA,NA,NA
"1287","Russia","2014","1.8",NA,NA,NA,NA,NA,NA,NA
"1288","Russia","2015","1.8",NA,NA,NA,NA,NA,NA,NA
"1289","Russia","2016","1.8",NA,NA,NA,NA,NA,NA,NA
"1290","South Africa","1990","3.7",NA,NA,NA,NA,NA,NA,NA
"1291","South Africa","1991","3.5",NA,NA,NA,NA,NA,NA,NA
"1292","South Africa","1992","3.4",NA,NA,NA,NA,NA,NA,NA
"1293","South Africa","1993","3.3",NA,NA,NA,NA,NA,NA,NA
"1294","South Africa","1994","3.2",NA,NA,NA,NA,NA,NA,NA
"1295","South Africa","1995","3.1",NA,NA,NA,NA,NA,NA,NA
"1296","South Africa","1996","3.0",NA,NA,NA,NA,NA,NA,NA
"1297","South Africa","1997","3.0",NA,NA,NA,NA,NA,NA,NA
"1298","South Africa","1998","2.9",NA,NA,NA,NA,NA,NA,NA
"1299","South Africa","1999","2.9",NA,NA,NA,NA,NA,NA,NA
"1300","South Africa","2000","2.8",NA,NA,NA,NA,NA,NA,NA
"1301","South Africa","2001","2.8",NA,NA,NA,NA,NA,NA,NA
"1302","South Africa","2002","2.8",NA,NA,NA,NA,NA,NA,NA
"1303","South Africa","2003","2.7",NA,NA,NA,NA,NA,NA,NA
"1304","South Africa","2004","2.7",NA,NA,NA,NA,NA,NA,NA
"1305","South Africa","2005","2.7",NA,NA,NA,NA,NA,NA,NA
"1306","South Africa","2006","2.7",NA,NA,NA,NA,NA,NA,NA
"1307","South Africa","2007","2.6",NA,NA,NA,NA,NA,NA,NA
"1308","South Africa","2008","2.6",NA,NA,NA,NA,NA,NA,NA
"1309","South Africa","2009","2.6",NA,NA,NA,NA,NA,NA,NA
"1310","South Africa","2010","2.6",NA,NA,NA,NA,NA,NA,NA
"1311","South Africa","2011","2.6",NA,NA,NA,NA,NA,NA,NA
"1312","South Africa","2012","2.6",NA,NA,NA,NA,NA,NA,NA
"1313","South Africa","2013","2.5",NA,NA,NA,NA,NA,NA,NA
"1314","South Africa","2014","2.5",NA,NA,NA,NA,NA,NA,NA
"1315","South Africa","2015","2.5",NA,NA,NA,NA,NA,NA,NA
"1316","South Africa","2016","2.5",NA,NA,NA,NA,NA,NA,NA
"1317","China (People's Republic of)","1990","2.4",NA,NA,NA,NA,NA,NA,NA
"1318","China (People's Republic of)","1991","2.2",NA,NA,NA,NA,NA,NA,NA
"1319","China (People's Republic of)","1992","2.0",NA,NA,NA,NA,NA,NA,NA
"1320","China (People's Republic of)","1993","1.9",NA,NA,NA,NA,NA,NA,NA
"1321","China (People's Republic of)","1994","1.7",NA,NA,NA,NA,NA,NA,NA
"1322","China (People's Republic of)","1995","1.6",NA,NA,NA,NA,NA,NA,NA
"1323","China (People's Republic of)","1996","1.6",NA,NA,NA,NA,NA,NA,NA
"1324","China (People's Republic of)","1997","1.5",NA,NA,NA,NA,NA,NA,NA
"1325","China (People's Republic of)","1998","1.5",NA,NA,NA,NA,NA,NA,NA
"1326","China (People's Republic of)","1999","1.5",NA,NA,NA,NA,NA,NA,NA
"1327","China (People's Republic of)","2000","1.5",NA,NA,NA,NA,NA,NA,NA
"1328","China (People's Republic of)","2001","1.5",NA,NA,NA,NA,NA,NA,NA
"1329","China (People's Republic of)","2002","1.5",NA,NA,NA,NA,NA,NA,NA
"1330","China (People's Republic of)","2003","1.5",NA,NA,NA,NA,NA,NA,NA
"1331","China (People's Republic of)","2004","1.6",NA,NA,NA,NA,NA,NA,NA
"1332","China (People's Republic of)","2005","1.6",NA,NA,NA,NA,NA,NA,NA
"1333","China (People's Republic of)","2006","1.6",NA,NA,NA,NA,NA,NA,NA
"1334","China (People's Republic of)","2007","1.6",NA,NA,NA,NA,NA,NA,NA
"1335","China (People's Republic of)","2008","1.6",NA,NA,NA,NA,NA,NA,NA
"1336","China (People's Republic of)","2009","1.6",NA,NA,NA,NA,NA,NA,NA
"1337","China (People's Republic of)","2010","1.6",NA,NA,"9.3","2.0",NA,NA,NA
"1338","China (People's Republic of)","2011","1.6",NA,NA,"9.3","1.6",NA,NA,NA
"1339","China (People's Republic of)","2012","1.6",NA,NA,"9.6","1.8",NA,NA,NA
"1340","China (People's Republic of)","2013","1.6",NA,NA,NA,NA,NA,NA,NA
"1341","China (People's Republic of)","2014","1.6",NA,NA,NA,NA,NA,NA,NA
"1342","China (People's Republic of)","2015","1.6",NA,NA,NA,NA,NA,NA,NA
"1343","China (People's Republic of)","2016","1.6",NA,NA,NA,NA,NA,NA,NA
